[Mon Mar 02 15:08:00.885880 2026] [ssl:warn] [pid 9808:tid 712] AH01909: www.example.com:443:0 server certificate does NOT include an ID which matches the server name
[Mon Mar 02 15:08:01.059219 2026] [ssl:warn] [pid 9808:tid 712] AH01909: www.example.com:443:0 server certificate does NOT include an ID which matches the server name
[Mon Mar 02 15:08:05.412695 2026] [mpm_winnt:notice] [pid 9808:tid 712] AH00455: Apache/2.4.25 (Win32) OpenSSL/1.0.2j PHP/5.6.30 configured -- resuming normal operations
[Mon Mar 02 15:08:05.412695 2026] [mpm_winnt:notice] [pid 9808:tid 712] AH00456: Apache Lounge VC11 Server built: Dec 20 2016 13:02:04
[Mon Mar 02 15:08:05.412695 2026] [core:notice] [pid 9808:tid 712] AH00094: Command line: 'c:\\xampp007\\apache\\bin\\httpd.exe -d C:/xampp007/apache'
[Mon Mar 02 15:08:05.438018 2026] [mpm_winnt:notice] [pid 9808:tid 712] AH00418: Parent: Created child process 3016
[Mon Mar 02 15:08:06.070617 2026] [ssl:warn] [pid 3016:tid 572] AH01909: www.example.com:443:0 server certificate does NOT include an ID which matches the server name
[Mon Mar 02 15:08:06.212967 2026] [ssl:warn] [pid 3016:tid 572] AH01909: www.example.com:443:0 server certificate does NOT include an ID which matches the server name
[Mon Mar 02 15:08:06.238907 2026] [mpm_winnt:notice] [pid 3016:tid 572] AH00354: Child: Starting 150 worker threads.
[Mon Mar 02 15:10:31.267410 2026] [mpm_winnt:crit] [pid 3016:tid 572] AH02538: Child: Parent process exited abruptly. Child process is ending
[Mon Mar 02 15:10:35.534628 2026] [ssl:warn] [pid 3660:tid 684] AH01909: www.example.com:443:0 server certificate does NOT include an ID which matches the server name
[Mon Mar 02 15:10:35.589076 2026] [core:warn] [pid 3660:tid 684] AH00098: pid file C:/xampp007/apache/logs/httpd.pid overwritten -- Unclean shutdown of previous Apache run?
[Mon Mar 02 15:10:35.662721 2026] [ssl:warn] [pid 3660:tid 684] AH01909: www.example.com:443:0 server certificate does NOT include an ID which matches the server name
[Mon Mar 02 15:10:35.678776 2026] [mpm_winnt:notice] [pid 3660:tid 684] AH00455: Apache/2.4.25 (Win32) OpenSSL/1.0.2j PHP/5.6.30 configured -- resuming normal operations
[Mon Mar 02 15:10:35.678776 2026] [mpm_winnt:notice] [pid 3660:tid 684] AH00456: Apache Lounge VC11 Server built: Dec 20 2016 13:02:04
[Mon Mar 02 15:10:35.678776 2026] [core:notice] [pid 3660:tid 684] AH00094: Command line: 'c:\\xampp007\\apache\\bin\\httpd.exe -d C:/xampp007/apache'
[Mon Mar 02 15:10:35.678776 2026] [mpm_winnt:notice] [pid 3660:tid 684] AH00418: Parent: Created child process 8532
[Mon Mar 02 15:10:36.278145 2026] [ssl:warn] [pid 8532:tid 712] AH01909: www.example.com:443:0 server certificate does NOT include an ID which matches the server name
[Mon Mar 02 15:10:36.420487 2026] [ssl:warn] [pid 8532:tid 712] AH01909: www.example.com:443:0 server certificate does NOT include an ID which matches the server name
[Mon Mar 02 15:10:36.444013 2026] [mpm_winnt:notice] [pid 8532:tid 712] AH00354: Child: Starting 150 worker threads.
[Thu Mar 05 10:06:53.030429 2026] [ssl:warn] [pid 17212:tid 692] AH01909: www.example.com:443:0 server certificate does NOT include an ID which matches the server name
[Thu Mar 05 10:06:53.073448 2026] [core:warn] [pid 17212:tid 692] AH00098: pid file C:/xampp007/apache/logs/httpd.pid overwritten -- Unclean shutdown of previous Apache run?
[Thu Mar 05 10:06:53.139714 2026] [ssl:warn] [pid 17212:tid 692] AH01909: www.example.com:443:0 server certificate does NOT include an ID which matches the server name
[Thu Mar 05 10:06:53.388659 2026] [mpm_winnt:notice] [pid 17212:tid 692] AH00455: Apache/2.4.25 (Win32) OpenSSL/1.0.2j PHP/5.6.30 configured -- resuming normal operations
[Thu Mar 05 10:06:53.388659 2026] [mpm_winnt:notice] [pid 17212:tid 692] AH00456: Apache Lounge VC11 Server built: Dec 20 2016 13:02:04
[Thu Mar 05 10:06:53.388659 2026] [core:notice] [pid 17212:tid 692] AH00094: Command line: 'c:\\xampp007\\apache\\bin\\httpd.exe -d C:/xampp007/apache'
[Thu Mar 05 10:06:53.391868 2026] [mpm_winnt:notice] [pid 17212:tid 692] AH00418: Parent: Created child process 10040
[Thu Mar 05 10:06:53.916409 2026] [ssl:warn] [pid 10040:tid 712] AH01909: www.example.com:443:0 server certificate does NOT include an ID which matches the server name
[Thu Mar 05 10:06:54.018671 2026] [ssl:warn] [pid 10040:tid 712] AH01909: www.example.com:443:0 server certificate does NOT include an ID which matches the server name
[Thu Mar 05 10:06:54.042318 2026] [mpm_winnt:notice] [pid 10040:tid 712] AH00354: Child: Starting 150 worker threads.
[Thu Mar 05 10:23:20.084471 2026] [ssl:warn] [pid 12304:tid 696] AH01909: www.example.com:443:0 server certificate does NOT include an ID which matches the server name
[Thu Mar 05 10:23:20.111259 2026] [core:warn] [pid 12304:tid 696] AH00098: pid file C:/xampp007/apache/logs/httpd.pid overwritten -- Unclean shutdown of previous Apache run?
[Thu Mar 05 10:23:20.157084 2026] [ssl:warn] [pid 12304:tid 696] AH01909: www.example.com:443:0 server certificate does NOT include an ID which matches the server name
[Thu Mar 05 10:23:20.204956 2026] [mpm_winnt:notice] [pid 12304:tid 696] AH00455: Apache/2.4.25 (Win32) OpenSSL/1.0.2j PHP/5.6.30 configured -- resuming normal operations
[Thu Mar 05 10:23:20.204956 2026] [mpm_winnt:notice] [pid 12304:tid 696] AH00456: Apache Lounge VC11 Server built: Dec 20 2016 13:02:04
[Thu Mar 05 10:23:20.204956 2026] [core:notice] [pid 12304:tid 696] AH00094: Command line: 'c:\\xampp007\\apache\\bin\\httpd.exe -d C:/xampp007/apache'
[Thu Mar 05 10:23:20.204956 2026] [mpm_winnt:notice] [pid 12304:tid 696] AH00418: Parent: Created child process 16052
[Thu Mar 05 10:23:20.638883 2026] [ssl:warn] [pid 16052:tid 712] AH01909: www.example.com:443:0 server certificate does NOT include an ID which matches the server name
[Thu Mar 05 10:23:20.718704 2026] [ssl:warn] [pid 16052:tid 712] AH01909: www.example.com:443:0 server certificate does NOT include an ID which matches the server name
[Thu Mar 05 10:23:20.738513 2026] [mpm_winnt:notice] [pid 16052:tid 712] AH00354: Child: Starting 150 worker threads.
[Fri Mar 06 14:00:57.765440 2026] [ssl:warn] [pid 12460:tid 700] AH01909: www.example.com:443:0 server certificate does NOT include an ID which matches the server name
[Fri Mar 06 14:00:57.802418 2026] [core:warn] [pid 12460:tid 700] AH00098: pid file C:/xampp007/apache/logs/httpd.pid overwritten -- Unclean shutdown of previous Apache run?
[Fri Mar 06 14:00:57.856960 2026] [ssl:warn] [pid 12460:tid 700] AH01909: www.example.com:443:0 server certificate does NOT include an ID which matches the server name
[Fri Mar 06 14:00:58.173926 2026] [mpm_winnt:notice] [pid 12460:tid 700] AH00455: Apache/2.4.25 (Win32) OpenSSL/1.0.2j PHP/5.6.30 configured -- resuming normal operations
[Fri Mar 06 14:00:58.173926 2026] [mpm_winnt:notice] [pid 12460:tid 700] AH00456: Apache Lounge VC11 Server built: Dec 20 2016 13:02:04
[Fri Mar 06 14:00:58.173926 2026] [core:notice] [pid 12460:tid 700] AH00094: Command line: 'c:\\xampp007\\apache\\bin\\httpd.exe -d C:/xampp007/apache'
[Fri Mar 06 14:00:58.176797 2026] [mpm_winnt:notice] [pid 12460:tid 700] AH00418: Parent: Created child process 15292
[Fri Mar 06 14:00:59.010966 2026] [ssl:warn] [pid 15292:tid 704] AH01909: www.example.com:443:0 server certificate does NOT include an ID which matches the server name
[Fri Mar 06 14:00:59.141076 2026] [ssl:warn] [pid 15292:tid 704] AH01909: www.example.com:443:0 server certificate does NOT include an ID which matches the server name
[Fri Mar 06 14:00:59.170622 2026] [mpm_winnt:notice] [pid 15292:tid 704] AH00354: Child: Starting 150 worker threads.
[Fri Mar 06 14:24:07.854918 2026] [mpm_winnt:crit] [pid 15292:tid 704] AH02538: Child: Parent process exited abruptly. Child process is ending
[Fri Mar 06 14:24:15.368804 2026] [ssl:warn] [pid 17108:tid 708] AH01909: www.example.com:443:0 server certificate does NOT include an ID which matches the server name
[Fri Mar 06 14:24:15.421241 2026] [core:warn] [pid 17108:tid 708] AH00098: pid file C:/xampp007/apache/logs/httpd.pid overwritten -- Unclean shutdown of previous Apache run?
[Fri Mar 06 14:24:15.494905 2026] [ssl:warn] [pid 17108:tid 708] AH01909: www.example.com:443:0 server certificate does NOT include an ID which matches the server name
[Fri Mar 06 14:24:15.526453 2026] [mpm_winnt:notice] [pid 17108:tid 708] AH00455: Apache/2.4.25 (Win32) OpenSSL/1.0.2j PHP/5.6.30 configured -- resuming normal operations
[Fri Mar 06 14:24:15.526453 2026] [mpm_winnt:notice] [pid 17108:tid 708] AH00456: Apache Lounge VC11 Server built: Dec 20 2016 13:02:04
[Fri Mar 06 14:24:15.526453 2026] [core:notice] [pid 17108:tid 708] AH00094: Command line: 'c:\\xampp007\\apache\\bin\\httpd.exe -d C:/xampp007/apache'
[Fri Mar 06 14:24:15.526453 2026] [mpm_winnt:notice] [pid 17108:tid 708] AH00418: Parent: Created child process 15060
[Fri Mar 06 14:24:16.169967 2026] [ssl:warn] [pid 15060:tid 692] AH01909: www.example.com:443:0 server certificate does NOT include an ID which matches the server name
[Fri Mar 06 14:24:16.291709 2026] [ssl:warn] [pid 15060:tid 692] AH01909: www.example.com:443:0 server certificate does NOT include an ID which matches the server name
[Fri Mar 06 14:24:16.331351 2026] [mpm_winnt:notice] [pid 15060:tid 692] AH00354: Child: Starting 150 worker threads.
[Fri Mar 06 14:24:28.590406 2026] [mpm_winnt:crit] [pid 15060:tid 692] AH02538: Child: Parent process exited abruptly. Child process is ending
[Fri Mar 06 14:24:47.197457 2026] [ssl:warn] [pid 17024:tid 696] AH01909: www.example.com:443:0 server certificate does NOT include an ID which matches the server name
[Fri Mar 06 14:24:47.256301 2026] [core:warn] [pid 17024:tid 696] AH00098: pid file C:/xampp007/apache/logs/httpd.pid overwritten -- Unclean shutdown of previous Apache run?
[Fri Mar 06 14:24:47.346361 2026] [ssl:warn] [pid 17024:tid 696] AH01909: www.example.com:443:0 server certificate does NOT include an ID which matches the server name
[Fri Mar 06 14:24:47.374359 2026] [mpm_winnt:notice] [pid 17024:tid 696] AH00455: Apache/2.4.25 (Win32) OpenSSL/1.0.2j PHP/5.6.30 configured -- resuming normal operations
[Fri Mar 06 14:24:47.374359 2026] [mpm_winnt:notice] [pid 17024:tid 696] AH00456: Apache Lounge VC11 Server built: Dec 20 2016 13:02:04
[Fri Mar 06 14:24:47.374359 2026] [core:notice] [pid 17024:tid 696] AH00094: Command line: 'c:\\xampp007\\apache\\bin\\httpd.exe -d C:/xampp007/apache'
[Fri Mar 06 14:24:47.376366 2026] [mpm_winnt:notice] [pid 17024:tid 696] AH00418: Parent: Created child process 7040
[Fri Mar 06 14:24:48.056168 2026] [ssl:warn] [pid 7040:tid 704] AH01909: www.example.com:443:0 server certificate does NOT include an ID which matches the server name
[Fri Mar 06 14:24:48.169329 2026] [ssl:warn] [pid 7040:tid 704] AH01909: www.example.com:443:0 server certificate does NOT include an ID which matches the server name
[Fri Mar 06 14:24:48.201272 2026] [mpm_winnt:notice] [pid 7040:tid 704] AH00354: Child: Starting 150 worker threads.
[Fri Mar 06 14:32:02.777439 2026] [mpm_winnt:crit] [pid 7040:tid 704] AH02538: Child: Parent process exited abruptly. Child process is ending
[Fri Mar 06 14:48:31.113392 2026] [ssl:warn] [pid 11004:tid 684] AH01909: www.example.com:443:0 server certificate does NOT include an ID which matches the server name
[Fri Mar 06 14:48:31.146408 2026] [core:warn] [pid 11004:tid 684] AH00098: pid file C:/xampp007/apache/logs/httpd.pid overwritten -- Unclean shutdown of previous Apache run?
[Fri Mar 06 14:48:31.205997 2026] [ssl:warn] [pid 11004:tid 684] AH01909: www.example.com:443:0 server certificate does NOT include an ID which matches the server name
[Fri Mar 06 14:48:31.222154 2026] [mpm_winnt:notice] [pid 11004:tid 684] AH00455: Apache/2.4.25 (Win32) OpenSSL/1.0.2j PHP/5.6.30 configured -- resuming normal operations
[Fri Mar 06 14:48:31.222154 2026] [mpm_winnt:notice] [pid 11004:tid 684] AH00456: Apache Lounge VC11 Server built: Dec 20 2016 13:02:04
[Fri Mar 06 14:48:31.222154 2026] [core:notice] [pid 11004:tid 684] AH00094: Command line: 'c:\\xampp007\\apache\\bin\\httpd.exe -d C:/xampp007/apache'
[Fri Mar 06 14:48:31.224282 2026] [mpm_winnt:notice] [pid 11004:tid 684] AH00418: Parent: Created child process 16420
[Fri Mar 06 14:48:31.608090 2026] [ssl:warn] [pid 16420:tid 692] AH01909: www.example.com:443:0 server certificate does NOT include an ID which matches the server name
[Fri Mar 06 14:48:31.682824 2026] [ssl:warn] [pid 16420:tid 692] AH01909: www.example.com:443:0 server certificate does NOT include an ID which matches the server name
[Fri Mar 06 14:48:31.698751 2026] [mpm_winnt:notice] [pid 16420:tid 692] AH00354: Child: Starting 150 worker threads.
[Fri Mar 06 14:56:44.063553 2026] [mpm_winnt:crit] [pid 16420:tid 692] AH02538: Child: Parent process exited abruptly. Child process is ending
[Sat Mar 07 10:23:30.385279 2026] [ssl:warn] [pid 8804:tid 744] AH01909: www.example.com:443:0 server certificate does NOT include an ID which matches the server name
[Sat Mar 07 10:23:30.419107 2026] [core:warn] [pid 8804:tid 744] AH00098: pid file C:/xampp007/apache/logs/httpd.pid overwritten -- Unclean shutdown of previous Apache run?
[Sat Mar 07 10:23:30.470968 2026] [ssl:warn] [pid 8804:tid 744] AH01909: www.example.com:443:0 server certificate does NOT include an ID which matches the server name
[Sat Mar 07 10:23:30.486931 2026] [mpm_winnt:notice] [pid 8804:tid 744] AH00455: Apache/2.4.25 (Win32) OpenSSL/1.0.2j PHP/5.6.30 configured -- resuming normal operations
[Sat Mar 07 10:23:30.486931 2026] [mpm_winnt:notice] [pid 8804:tid 744] AH00456: Apache Lounge VC11 Server built: Dec 20 2016 13:02:04
[Sat Mar 07 10:23:30.486931 2026] [core:notice] [pid 8804:tid 744] AH00094: Command line: 'c:\\xampp007\\apache\\bin\\httpd.exe -d C:/xampp007/apache'
[Sat Mar 07 10:23:30.486931 2026] [mpm_winnt:notice] [pid 8804:tid 744] AH00418: Parent: Created child process 12032
[Sat Mar 07 10:23:30.920296 2026] [ssl:warn] [pid 12032:tid 704] AH01909: www.example.com:443:0 server certificate does NOT include an ID which matches the server name
[Sat Mar 07 10:23:30.995540 2026] [ssl:warn] [pid 12032:tid 704] AH01909: www.example.com:443:0 server certificate does NOT include an ID which matches the server name
[Sat Mar 07 10:23:31.017191 2026] [mpm_winnt:notice] [pid 12032:tid 704] AH00354: Child: Starting 150 worker threads.
[Sun Mar 08 13:42:05.893335 2026] [ssl:warn] [pid 15952:tid 684] AH01909: www.example.com:443:0 server certificate does NOT include an ID which matches the server name
[Sun Mar 08 13:42:05.924851 2026] [core:warn] [pid 15952:tid 684] AH00098: pid file C:/xampp007/apache/logs/httpd.pid overwritten -- Unclean shutdown of previous Apache run?
[Sun Mar 08 13:42:05.993451 2026] [ssl:warn] [pid 15952:tid 684] AH01909: www.example.com:443:0 server certificate does NOT include an ID which matches the server name
[Sun Mar 08 13:42:06.155960 2026] [mpm_winnt:notice] [pid 15952:tid 684] AH00455: Apache/2.4.25 (Win32) OpenSSL/1.0.2j PHP/5.6.30 configured -- resuming normal operations
[Sun Mar 08 13:42:06.155960 2026] [mpm_winnt:notice] [pid 15952:tid 684] AH00456: Apache Lounge VC11 Server built: Dec 20 2016 13:02:04
[Sun Mar 08 13:42:06.155960 2026] [core:notice] [pid 15952:tid 684] AH00094: Command line: 'c:\\xampp007\\apache\\bin\\httpd.exe -d C:/xampp007/apache'
[Sun Mar 08 13:42:06.158470 2026] [mpm_winnt:notice] [pid 15952:tid 684] AH00418: Parent: Created child process 11712
[Sun Mar 08 13:42:06.792650 2026] [ssl:warn] [pid 11712:tid 692] AH01909: www.example.com:443:0 server certificate does NOT include an ID which matches the server name
[Sun Mar 08 13:42:06.901932 2026] [ssl:warn] [pid 11712:tid 692] AH01909: www.example.com:443:0 server certificate does NOT include an ID which matches the server name
[Sun Mar 08 13:42:06.930295 2026] [mpm_winnt:notice] [pid 11712:tid 692] AH00354: Child: Starting 150 worker threads.
[Mon Mar 09 11:22:59.499269 2026] [ssl:warn] [pid 12532:tid 700] AH01909: www.example.com:443:0 server certificate does NOT include an ID which matches the server name
[Mon Mar 09 11:22:59.536545 2026] [core:warn] [pid 12532:tid 700] AH00098: pid file C:/xampp007/apache/logs/httpd.pid overwritten -- Unclean shutdown of previous Apache run?
[Mon Mar 09 11:22:59.578918 2026] [ssl:warn] [pid 12532:tid 700] AH01909: www.example.com:443:0 server certificate does NOT include an ID which matches the server name
[Mon Mar 09 11:22:59.606694 2026] [mpm_winnt:notice] [pid 12532:tid 700] AH00455: Apache/2.4.25 (Win32) OpenSSL/1.0.2j PHP/5.6.30 configured -- resuming normal operations
[Mon Mar 09 11:22:59.606694 2026] [mpm_winnt:notice] [pid 12532:tid 700] AH00456: Apache Lounge VC11 Server built: Dec 20 2016 13:02:04
[Mon Mar 09 11:22:59.606694 2026] [core:notice] [pid 12532:tid 700] AH00094: Command line: 'c:\\xampp007\\apache\\bin\\httpd.exe -d C:/xampp007/apache'
[Mon Mar 09 11:22:59.610662 2026] [mpm_winnt:notice] [pid 12532:tid 700] AH00418: Parent: Created child process 19972
[Mon Mar 09 11:23:00.042443 2026] [ssl:warn] [pid 19972:tid 716] AH01909: www.example.com:443:0 server certificate does NOT include an ID which matches the server name
[Mon Mar 09 11:23:00.122033 2026] [ssl:warn] [pid 19972:tid 716] AH01909: www.example.com:443:0 server certificate does NOT include an ID which matches the server name
[Mon Mar 09 11:23:00.144066 2026] [mpm_winnt:notice] [pid 19972:tid 716] AH00354: Child: Starting 150 worker threads.
[Mon Mar 09 12:40:00.353729 2026] [ssl:warn] [pid 14228:tid 704] AH01909: www.example.com:443:0 server certificate does NOT include an ID which matches the server name
[Mon Mar 09 12:40:00.392880 2026] [core:warn] [pid 14228:tid 704] AH00098: pid file C:/xampp007/apache/logs/httpd.pid overwritten -- Unclean shutdown of previous Apache run?
[Mon Mar 09 12:40:00.490579 2026] [ssl:warn] [pid 14228:tid 704] AH01909: www.example.com:443:0 server certificate does NOT include an ID which matches the server name
[Mon Mar 09 12:40:00.516179 2026] [mpm_winnt:notice] [pid 14228:tid 704] AH00455: Apache/2.4.25 (Win32) OpenSSL/1.0.2j PHP/5.6.30 configured -- resuming normal operations
[Mon Mar 09 12:40:00.516179 2026] [mpm_winnt:notice] [pid 14228:tid 704] AH00456: Apache Lounge VC11 Server built: Dec 20 2016 13:02:04
[Mon Mar 09 12:40:00.516179 2026] [core:notice] [pid 14228:tid 704] AH00094: Command line: 'c:\\xampp007\\apache\\bin\\httpd.exe -d C:/xampp007/apache'
[Mon Mar 09 12:40:00.541222 2026] [mpm_winnt:notice] [pid 14228:tid 704] AH00418: Parent: Created child process 17880
[Mon Mar 09 12:40:01.143215 2026] [ssl:warn] [pid 17880:tid 704] AH01909: www.example.com:443:0 server certificate does NOT include an ID which matches the server name
[Mon Mar 09 12:40:01.259988 2026] [ssl:warn] [pid 17880:tid 704] AH01909: www.example.com:443:0 server certificate does NOT include an ID which matches the server name
[Mon Mar 09 12:40:01.295951 2026] [mpm_winnt:notice] [pid 17880:tid 704] AH00354: Child: Starting 150 worker threads.
[Mon Mar 09 13:06:18.055164 2026] [mpm_winnt:crit] [pid 17880:tid 704] AH02538: Child: Parent process exited abruptly. Child process is ending
[Mon Mar 09 13:06:27.317169 2026] [ssl:warn] [pid 5236:tid 696] AH01909: www.example.com:443:0 server certificate does NOT include an ID which matches the server name
[Mon Mar 09 13:06:27.353044 2026] [core:warn] [pid 5236:tid 696] AH00098: pid file C:/xampp007/apache/logs/httpd.pid overwritten -- Unclean shutdown of previous Apache run?
[Mon Mar 09 13:06:27.425635 2026] [ssl:warn] [pid 5236:tid 696] AH01909: www.example.com:443:0 server certificate does NOT include an ID which matches the server name
[Mon Mar 09 13:06:27.451191 2026] [mpm_winnt:notice] [pid 5236:tid 696] AH00455: Apache/2.4.25 (Win32) OpenSSL/1.0.2j PHP/5.6.30 configured -- resuming normal operations
[Mon Mar 09 13:06:27.451191 2026] [mpm_winnt:notice] [pid 5236:tid 696] AH00456: Apache Lounge VC11 Server built: Dec 20 2016 13:02:04
[Mon Mar 09 13:06:27.451191 2026] [core:notice] [pid 5236:tid 696] AH00094: Command line: 'c:\\xampp007\\apache\\bin\\httpd.exe -d C:/xampp007/apache'
[Mon Mar 09 13:06:27.451191 2026] [mpm_winnt:notice] [pid 5236:tid 696] AH00418: Parent: Created child process 20660
[Mon Mar 09 13:06:28.038562 2026] [ssl:warn] [pid 20660:tid 696] AH01909: www.example.com:443:0 server certificate does NOT include an ID which matches the server name
[Mon Mar 09 13:06:28.142807 2026] [ssl:warn] [pid 20660:tid 696] AH01909: www.example.com:443:0 server certificate does NOT include an ID which matches the server name
[Mon Mar 09 13:06:28.175502 2026] [mpm_winnt:notice] [pid 20660:tid 696] AH00354: Child: Starting 150 worker threads.
[Mon Mar 09 14:30:56.864810 2026] [mpm_winnt:crit] [pid 20660:tid 696] AH02538: Child: Parent process exited abruptly. Child process is ending
[Thu Mar 26 19:47:44.216820 2026] [ssl:warn] [pid 6740:tid 724] AH01909: www.example.com:443:0 server certificate does NOT include an ID which matches the server name
[Thu Mar 26 19:47:44.267405 2026] [core:warn] [pid 6740:tid 724] AH00098: pid file C:/xampp007/apache/logs/httpd.pid overwritten -- Unclean shutdown of previous Apache run?
[Thu Mar 26 19:47:44.380690 2026] [ssl:warn] [pid 6740:tid 724] AH01909: www.example.com:443:0 server certificate does NOT include an ID which matches the server name
[Thu Mar 26 19:47:50.613005 2026] [ssl:warn] [pid 5788:tid 680] AH01909: www.example.com:443:0 server certificate does NOT include an ID which matches the server name
[Thu Mar 26 19:47:50.658695 2026] [core:warn] [pid 5788:tid 680] AH00098: pid file C:/xampp007/apache/logs/httpd.pid overwritten -- Unclean shutdown of previous Apache run?
[Thu Mar 26 19:47:50.734806 2026] [ssl:warn] [pid 5788:tid 680] AH01909: www.example.com:443:0 server certificate does NOT include an ID which matches the server name
[Thu Mar 26 19:47:54.022772 2026] [mpm_winnt:notice] [pid 5788:tid 680] AH00455: Apache/2.4.25 (Win32) OpenSSL/1.0.2j PHP/5.6.30 configured -- resuming normal operations
[Thu Mar 26 19:47:54.022772 2026] [mpm_winnt:notice] [pid 5788:tid 680] AH00456: Apache Lounge VC11 Server built: Dec 20 2016 13:02:04
[Thu Mar 26 19:47:54.022772 2026] [core:notice] [pid 5788:tid 680] AH00094: Command line: 'c:\\xampp007\\apache\\bin\\httpd.exe -d C:/xampp007/apache'
[Thu Mar 26 19:47:54.043810 2026] [mpm_winnt:notice] [pid 5788:tid 680] AH00418: Parent: Created child process 9208
[Thu Mar 26 19:47:54.715756 2026] [ssl:warn] [pid 9208:tid 696] AH01909: www.example.com:443:0 server certificate does NOT include an ID which matches the server name
[Thu Mar 26 19:47:54.851708 2026] [ssl:warn] [pid 9208:tid 696] AH01909: www.example.com:443:0 server certificate does NOT include an ID which matches the server name
[Thu Mar 26 19:47:54.885043 2026] [mpm_winnt:notice] [pid 9208:tid 696] AH00354: Child: Starting 150 worker threads.
[Sat Mar 28 00:51:33.643565 2026] [ssl:warn] [pid 5684:tid 688] AH01909: www.example.com:443:0 server certificate does NOT include an ID which matches the server name
[Sat Mar 28 00:51:33.679483 2026] [core:warn] [pid 5684:tid 688] AH00098: pid file C:/xampp007/apache/logs/httpd.pid overwritten -- Unclean shutdown of previous Apache run?
[Sat Mar 28 00:51:33.763863 2026] [ssl:warn] [pid 5684:tid 688] AH01909: www.example.com:443:0 server certificate does NOT include an ID which matches the server name
[Sat Mar 28 00:51:34.061475 2026] [mpm_winnt:notice] [pid 5684:tid 688] AH00455: Apache/2.4.25 (Win32) OpenSSL/1.0.2j PHP/5.6.30 configured -- resuming normal operations
[Sat Mar 28 00:51:34.061475 2026] [mpm_winnt:notice] [pid 5684:tid 688] AH00456: Apache Lounge VC11 Server built: Dec 20 2016 13:02:04
[Sat Mar 28 00:51:34.061475 2026] [core:notice] [pid 5684:tid 688] AH00094: Command line: 'c:\\xampp007\\apache\\bin\\httpd.exe -d C:/xampp007/apache'
[Sat Mar 28 00:51:34.065237 2026] [mpm_winnt:notice] [pid 5684:tid 688] AH00418: Parent: Created child process 7928
[Sat Mar 28 00:51:34.656558 2026] [ssl:warn] [pid 7928:tid 708] AH01909: www.example.com:443:0 server certificate does NOT include an ID which matches the server name
[Sat Mar 28 00:51:34.780504 2026] [ssl:warn] [pid 7928:tid 708] AH01909: www.example.com:443:0 server certificate does NOT include an ID which matches the server name
[Sat Mar 28 00:51:34.813679 2026] [mpm_winnt:notice] [pid 7928:tid 708] AH00354: Child: Starting 150 worker threads.
[Mon Mar 30 13:02:04.822144 2026] [ssl:warn] [pid 12152:tid 696] AH01909: www.example.com:443:0 server certificate does NOT include an ID which matches the server name
[Mon Mar 30 13:02:04.863568 2026] [core:warn] [pid 12152:tid 696] AH00098: pid file C:/xampp007/apache/logs/httpd.pid overwritten -- Unclean shutdown of previous Apache run?
[Mon Mar 30 13:02:04.946660 2026] [ssl:warn] [pid 12152:tid 696] AH01909: www.example.com:443:0 server certificate does NOT include an ID which matches the server name
[Mon Mar 30 13:02:05.264455 2026] [mpm_winnt:notice] [pid 12152:tid 696] AH00455: Apache/2.4.25 (Win32) OpenSSL/1.0.2j PHP/5.6.30 configured -- resuming normal operations
[Mon Mar 30 13:02:05.264455 2026] [mpm_winnt:notice] [pid 12152:tid 696] AH00456: Apache Lounge VC11 Server built: Dec 20 2016 13:02:04
[Mon Mar 30 13:02:05.264455 2026] [core:notice] [pid 12152:tid 696] AH00094: Command line: 'c:\\xampp007\\apache\\bin\\httpd.exe -d C:/xampp007/apache'
[Mon Mar 30 13:02:05.274388 2026] [mpm_winnt:notice] [pid 12152:tid 696] AH00418: Parent: Created child process 19844
[Mon Mar 30 13:02:05.896615 2026] [ssl:warn] [pid 19844:tid 692] AH01909: www.example.com:443:0 server certificate does NOT include an ID which matches the server name
[Mon Mar 30 13:02:06.034665 2026] [ssl:warn] [pid 19844:tid 692] AH01909: www.example.com:443:0 server certificate does NOT include an ID which matches the server name
[Mon Mar 30 13:02:06.070427 2026] [mpm_winnt:notice] [pid 19844:tid 692] AH00354: Child: Starting 150 worker threads.
[Mon Mar 30 13:26:20.341086 2026] [ssl:warn] [pid 17468:tid 684] AH01909: www.example.com:443:0 server certificate does NOT include an ID which matches the server name
[Mon Mar 30 13:26:20.400608 2026] [core:warn] [pid 17468:tid 684] AH00098: pid file C:/xampp007/apache/logs/httpd.pid overwritten -- Unclean shutdown of previous Apache run?
[Mon Mar 30 13:26:20.478990 2026] [ssl:warn] [pid 17468:tid 684] AH01909: www.example.com:443:0 server certificate does NOT include an ID which matches the server name
[Mon Mar 30 13:26:20.494664 2026] [mpm_winnt:notice] [pid 17468:tid 684] AH00455: Apache/2.4.25 (Win32) OpenSSL/1.0.2j PHP/5.6.30 configured -- resuming normal operations
[Mon Mar 30 13:26:20.494664 2026] [mpm_winnt:notice] [pid 17468:tid 684] AH00456: Apache Lounge VC11 Server built: Dec 20 2016 13:02:04
[Mon Mar 30 13:26:20.494664 2026] [core:notice] [pid 17468:tid 684] AH00094: Command line: 'c:\\xampp007\\apache\\bin\\httpd.exe -d C:/xampp007/apache'
[Mon Mar 30 13:26:20.510489 2026] [mpm_winnt:notice] [pid 17468:tid 684] AH00418: Parent: Created child process 21576
[Mon Mar 30 13:26:21.105257 2026] [ssl:warn] [pid 21576:tid 692] AH01909: www.example.com:443:0 server certificate does NOT include an ID which matches the server name
[Mon Mar 30 13:26:21.203891 2026] [ssl:warn] [pid 21576:tid 692] AH01909: www.example.com:443:0 server certificate does NOT include an ID which matches the server name
[Mon Mar 30 13:26:21.255087 2026] [mpm_winnt:notice] [pid 21576:tid 692] AH00354: Child: Starting 150 worker threads.
[Mon Mar 30 13:26:23.202039 2026] [mpm_winnt:crit] [pid 21576:tid 692] AH02538: Child: Parent process exited abruptly. Child process is ending
[Wed Apr 01 02:12:01.683682 2026] [ssl:warn] [pid 11816:tid 704] AH01909: www.example.com:443:0 server certificate does NOT include an ID which matches the server name
[Wed Apr 01 02:12:01.727256 2026] [core:warn] [pid 11816:tid 704] AH00098: pid file C:/xampp007/apache/logs/httpd.pid overwritten -- Unclean shutdown of previous Apache run?
[Wed Apr 01 02:12:01.806359 2026] [ssl:warn] [pid 11816:tid 704] AH01909: www.example.com:443:0 server certificate does NOT include an ID which matches the server name
[Wed Apr 01 02:12:02.049909 2026] [mpm_winnt:notice] [pid 11816:tid 704] AH00455: Apache/2.4.25 (Win32) OpenSSL/1.0.2j PHP/5.6.30 configured -- resuming normal operations
[Wed Apr 01 02:12:02.049909 2026] [mpm_winnt:notice] [pid 11816:tid 704] AH00456: Apache Lounge VC11 Server built: Dec 20 2016 13:02:04
[Wed Apr 01 02:12:02.049909 2026] [core:notice] [pid 11816:tid 704] AH00094: Command line: 'c:\\xampp007\\apache\\bin\\httpd.exe -d C:/xampp007/apache'
[Wed Apr 01 02:12:02.066319 2026] [mpm_winnt:notice] [pid 11816:tid 704] AH00418: Parent: Created child process 21272
[Wed Apr 01 02:12:02.777583 2026] [ssl:warn] [pid 21272:tid 716] AH01909: www.example.com:443:0 server certificate does NOT include an ID which matches the server name
[Wed Apr 01 02:12:02.904418 2026] [ssl:warn] [pid 21272:tid 716] AH01909: www.example.com:443:0 server certificate does NOT include an ID which matches the server name
[Wed Apr 01 02:12:02.934083 2026] [mpm_winnt:notice] [pid 21272:tid 716] AH00354: Child: Starting 150 worker threads.
[Thu Apr 02 10:35:22.237800 2026] [ssl:warn] [pid 22372:tid 736] AH01909: www.example.com:443:0 server certificate does NOT include an ID which matches the server name
[Thu Apr 02 10:35:22.280475 2026] [core:warn] [pid 22372:tid 736] AH00098: pid file C:/xampp007/apache/logs/httpd.pid overwritten -- Unclean shutdown of previous Apache run?
[Thu Apr 02 10:35:22.375461 2026] [ssl:warn] [pid 22372:tid 736] AH01909: www.example.com:443:0 server certificate does NOT include an ID which matches the server name
[Thu Apr 02 10:35:22.752963 2026] [mpm_winnt:notice] [pid 22372:tid 736] AH00455: Apache/2.4.25 (Win32) OpenSSL/1.0.2j PHP/5.6.30 configured -- resuming normal operations
[Thu Apr 02 10:35:22.752963 2026] [mpm_winnt:notice] [pid 22372:tid 736] AH00456: Apache Lounge VC11 Server built: Dec 20 2016 13:02:04
[Thu Apr 02 10:35:22.752963 2026] [core:notice] [pid 22372:tid 736] AH00094: Command line: 'c:\\xampp007\\apache\\bin\\httpd.exe -d C:/xampp007/apache'
[Thu Apr 02 10:35:22.760506 2026] [mpm_winnt:notice] [pid 22372:tid 736] AH00418: Parent: Created child process 7000
[Thu Apr 02 10:35:23.533319 2026] [ssl:warn] [pid 7000:tid 708] AH01909: www.example.com:443:0 server certificate does NOT include an ID which matches the server name
[Thu Apr 02 10:35:23.644687 2026] [ssl:warn] [pid 7000:tid 708] AH01909: www.example.com:443:0 server certificate does NOT include an ID which matches the server name
[Thu Apr 02 10:35:23.668002 2026] [mpm_winnt:notice] [pid 7000:tid 708] AH00354: Child: Starting 150 worker threads.
[Thu Apr 02 12:45:57.710863 2026] [ssl:warn] [pid 11580:tid 696] AH01909: www.example.com:443:0 server certificate does NOT include an ID which matches the server name
[Thu Apr 02 12:45:57.746396 2026] [core:warn] [pid 11580:tid 696] AH00098: pid file C:/xampp007/apache/logs/httpd.pid overwritten -- Unclean shutdown of previous Apache run?
[Thu Apr 02 12:45:57.808252 2026] [ssl:warn] [pid 11580:tid 696] AH01909: www.example.com:443:0 server certificate does NOT include an ID which matches the server name
[Thu Apr 02 12:45:57.831781 2026] [mpm_winnt:notice] [pid 11580:tid 696] AH00455: Apache/2.4.25 (Win32) OpenSSL/1.0.2j PHP/5.6.30 configured -- resuming normal operations
[Thu Apr 02 12:45:57.831781 2026] [mpm_winnt:notice] [pid 11580:tid 696] AH00456: Apache Lounge VC11 Server built: Dec 20 2016 13:02:04
[Thu Apr 02 12:45:57.831781 2026] [core:notice] [pid 11580:tid 696] AH00094: Command line: 'c:\\xampp007\\apache\\bin\\httpd.exe -d C:/xampp007/apache'
[Thu Apr 02 12:45:57.833788 2026] [mpm_winnt:notice] [pid 11580:tid 696] AH00418: Parent: Created child process 2396
[Thu Apr 02 12:45:58.316365 2026] [ssl:warn] [pid 2396:tid 708] AH01909: www.example.com:443:0 server certificate does NOT include an ID which matches the server name
[Thu Apr 02 12:45:58.402044 2026] [ssl:warn] [pid 2396:tid 708] AH01909: www.example.com:443:0 server certificate does NOT include an ID which matches the server name
[Thu Apr 02 12:45:58.420106 2026] [mpm_winnt:notice] [pid 2396:tid 708] AH00354: Child: Starting 150 worker threads.
[Thu Apr 02 14:22:41.844093 2026] [mpm_winnt:crit] [pid 2396:tid 708] AH02538: Child: Parent process exited abruptly. Child process is ending
[Sun Apr 05 12:47:49.398800 2026] [ssl:warn] [pid 21884:tid 756] AH01909: www.example.com:443:0 server certificate does NOT include an ID which matches the server name
[Sun Apr 05 12:47:49.439054 2026] [core:warn] [pid 21884:tid 756] AH00098: pid file C:/xampp007/apache/logs/httpd.pid overwritten -- Unclean shutdown of previous Apache run?
[Sun Apr 05 12:47:49.529376 2026] [ssl:warn] [pid 21884:tid 756] AH01909: www.example.com:443:0 server certificate does NOT include an ID which matches the server name
[Sun Apr 05 12:47:49.855575 2026] [mpm_winnt:notice] [pid 21884:tid 756] AH00455: Apache/2.4.25 (Win32) OpenSSL/1.0.2j PHP/5.6.30 configured -- resuming normal operations
[Sun Apr 05 12:47:49.855575 2026] [mpm_winnt:notice] [pid 21884:tid 756] AH00456: Apache Lounge VC11 Server built: Dec 20 2016 13:02:04
[Sun Apr 05 12:47:49.855575 2026] [core:notice] [pid 21884:tid 756] AH00094: Command line: 'c:\\xampp007\\apache\\bin\\httpd.exe -d C:/xampp007/apache'
[Sun Apr 05 12:47:49.855575 2026] [mpm_winnt:notice] [pid 21884:tid 756] AH00418: Parent: Created child process 7540
[Sun Apr 05 12:47:50.555542 2026] [ssl:warn] [pid 7540:tid 744] AH01909: www.example.com:443:0 server certificate does NOT include an ID which matches the server name
[Sun Apr 05 12:47:50.683469 2026] [ssl:warn] [pid 7540:tid 744] AH01909: www.example.com:443:0 server certificate does NOT include an ID which matches the server name
[Sun Apr 05 12:47:50.709570 2026] [mpm_winnt:notice] [pid 7540:tid 744] AH00354: Child: Starting 150 worker threads.
[Sun Apr 05 15:52:00.190217 2026] [ssl:warn] [pid 13584:tid 684] AH01909: www.example.com:443:0 server certificate does NOT include an ID which matches the server name
[Sun Apr 05 15:52:00.205927 2026] [core:warn] [pid 13584:tid 684] AH00098: pid file C:/xampp007/apache/logs/httpd.pid overwritten -- Unclean shutdown of previous Apache run?
[Sun Apr 05 15:52:00.268495 2026] [ssl:warn] [pid 13584:tid 684] AH01909: www.example.com:443:0 server certificate does NOT include an ID which matches the server name
[Sun Apr 05 15:52:00.284245 2026] [mpm_winnt:notice] [pid 13584:tid 684] AH00455: Apache/2.4.25 (Win32) OpenSSL/1.0.2j PHP/5.6.30 configured -- resuming normal operations
[Sun Apr 05 15:52:00.284245 2026] [mpm_winnt:notice] [pid 13584:tid 684] AH00456: Apache Lounge VC11 Server built: Dec 20 2016 13:02:04
[Sun Apr 05 15:52:00.284245 2026] [core:notice] [pid 13584:tid 684] AH00094: Command line: 'c:\\xampp007\\apache\\bin\\httpd.exe -d C:/xampp007/apache'
[Sun Apr 05 15:52:00.292137 2026] [mpm_winnt:notice] [pid 13584:tid 684] AH00418: Parent: Created child process 20992
[Sun Apr 05 15:52:00.678365 2026] [ssl:warn] [pid 20992:tid 624] AH01909: www.example.com:443:0 server certificate does NOT include an ID which matches the server name
[Sun Apr 05 15:52:00.741058 2026] [ssl:warn] [pid 20992:tid 624] AH01909: www.example.com:443:0 server certificate does NOT include an ID which matches the server name
[Sun Apr 05 15:52:00.772591 2026] [mpm_winnt:notice] [pid 20992:tid 624] AH00354: Child: Starting 150 worker threads.
[Sun Apr 05 15:52:00.856332 2026] [mpm_winnt:crit] [pid 20992:tid 624] AH02538: Child: Parent process exited abruptly. Child process is ending
[Sun Apr 05 15:52:12.520382 2026] [ssl:warn] [pid 3968:tid 704] AH01909: www.example.com:443:0 server certificate does NOT include an ID which matches the server name
[Sun Apr 05 15:52:12.558647 2026] [core:warn] [pid 3968:tid 704] AH00098: pid file C:/xampp007/apache/logs/httpd.pid overwritten -- Unclean shutdown of previous Apache run?
[Sun Apr 05 15:52:12.610744 2026] [ssl:warn] [pid 3968:tid 704] AH01909: www.example.com:443:0 server certificate does NOT include an ID which matches the server name
[Sun Apr 05 15:52:12.620901 2026] [mpm_winnt:notice] [pid 3968:tid 704] AH00455: Apache/2.4.25 (Win32) OpenSSL/1.0.2j PHP/5.6.30 configured -- resuming normal operations
[Sun Apr 05 15:52:12.620901 2026] [mpm_winnt:notice] [pid 3968:tid 704] AH00456: Apache Lounge VC11 Server built: Dec 20 2016 13:02:04
[Sun Apr 05 15:52:12.620901 2026] [core:notice] [pid 3968:tid 704] AH00094: Command line: 'c:\\xampp007\\apache\\bin\\httpd.exe -d C:/xampp007/apache'
[Sun Apr 05 15:52:12.620901 2026] [mpm_winnt:notice] [pid 3968:tid 704] AH00418: Parent: Created child process 12872
[Sun Apr 05 15:52:13.017868 2026] [ssl:warn] [pid 12872:tid 692] AH01909: www.example.com:443:0 server certificate does NOT include an ID which matches the server name
[Sun Apr 05 15:52:13.090083 2026] [ssl:warn] [pid 12872:tid 692] AH01909: www.example.com:443:0 server certificate does NOT include an ID which matches the server name
[Sun Apr 05 15:52:13.098307 2026] [mpm_winnt:notice] [pid 12872:tid 692] AH00354: Child: Starting 150 worker threads.
[Mon Apr 06 10:34:23.042025 2026] [ssl:warn] [pid 6356:tid 700] AH01909: www.example.com:443:0 server certificate does NOT include an ID which matches the server name
[Mon Apr 06 10:34:23.073729 2026] [core:warn] [pid 6356:tid 700] AH00098: pid file C:/xampp007/apache/logs/httpd.pid overwritten -- Unclean shutdown of previous Apache run?
[Mon Apr 06 10:34:23.152941 2026] [ssl:warn] [pid 6356:tid 700] AH01909: www.example.com:443:0 server certificate does NOT include an ID which matches the server name
[Mon Apr 06 10:34:23.184508 2026] [mpm_winnt:notice] [pid 6356:tid 700] AH00455: Apache/2.4.25 (Win32) OpenSSL/1.0.2j PHP/5.6.30 configured -- resuming normal operations
[Mon Apr 06 10:34:23.184508 2026] [mpm_winnt:notice] [pid 6356:tid 700] AH00456: Apache Lounge VC11 Server built: Dec 20 2016 13:02:04
[Mon Apr 06 10:34:23.184508 2026] [core:notice] [pid 6356:tid 700] AH00094: Command line: 'c:\\xampp007\\apache\\bin\\httpd.exe -d C:/xampp007/apache'
[Mon Apr 06 10:34:23.213956 2026] [mpm_winnt:notice] [pid 6356:tid 700] AH00418: Parent: Created child process 11928
[Mon Apr 06 10:34:23.856988 2026] [ssl:warn] [pid 11928:tid 692] AH01909: www.example.com:443:0 server certificate does NOT include an ID which matches the server name
[Mon Apr 06 10:34:23.987303 2026] [ssl:warn] [pid 11928:tid 692] AH01909: www.example.com:443:0 server certificate does NOT include an ID which matches the server name
[Mon Apr 06 10:34:24.014989 2026] [mpm_winnt:notice] [pid 11928:tid 692] AH00354: Child: Starting 150 worker threads.
[Mon Apr 06 10:34:30.844978 2026] [mpm_winnt:crit] [pid 11928:tid 692] AH02538: Child: Parent process exited abruptly. Child process is ending
[Mon Apr 06 13:00:41.938492 2026] [ssl:warn] [pid 14536:tid 696] AH01909: www.example.com:443:0 server certificate does NOT include an ID which matches the server name
[Mon Apr 06 13:00:41.990691 2026] [core:warn] [pid 14536:tid 696] AH00098: pid file C:/xampp007/apache/logs/httpd.pid overwritten -- Unclean shutdown of previous Apache run?
[Mon Apr 06 13:00:42.081064 2026] [ssl:warn] [pid 14536:tid 696] AH01909: www.example.com:443:0 server certificate does NOT include an ID which matches the server name
[Mon Apr 06 13:00:43.902308 2026] [mpm_winnt:notice] [pid 14536:tid 696] AH00455: Apache/2.4.25 (Win32) OpenSSL/1.0.2j PHP/5.6.30 configured -- resuming normal operations
[Mon Apr 06 13:00:43.902308 2026] [mpm_winnt:notice] [pid 14536:tid 696] AH00456: Apache Lounge VC11 Server built: Dec 20 2016 13:02:04
[Mon Apr 06 13:00:43.902308 2026] [core:notice] [pid 14536:tid 696] AH00094: Command line: 'c:\\xampp007\\apache\\bin\\httpd.exe -d C:/xampp007/apache'
[Mon Apr 06 13:00:43.902308 2026] [mpm_winnt:notice] [pid 14536:tid 696] AH00418: Parent: Created child process 13784
[Mon Apr 06 13:00:44.600978 2026] [ssl:warn] [pid 13784:tid 692] AH01909: www.example.com:443:0 server certificate does NOT include an ID which matches the server name
[Mon Apr 06 13:00:44.728128 2026] [ssl:warn] [pid 13784:tid 692] AH01909: www.example.com:443:0 server certificate does NOT include an ID which matches the server name
[Mon Apr 06 13:00:44.753698 2026] [mpm_winnt:notice] [pid 13784:tid 692] AH00354: Child: Starting 150 worker threads.
[Tue Apr 07 23:30:15.714114 2026] [ssl:warn] [pid 5992:tid 708] AH01909: www.example.com:443:0 server certificate does NOT include an ID which matches the server name
[Tue Apr 07 23:30:15.761519 2026] [core:warn] [pid 5992:tid 708] AH00098: pid file C:/xampp007/apache/logs/httpd.pid overwritten -- Unclean shutdown of previous Apache run?
[Tue Apr 07 23:30:15.872339 2026] [ssl:warn] [pid 5992:tid 708] AH01909: www.example.com:443:0 server certificate does NOT include an ID which matches the server name
[Tue Apr 07 23:30:20.840417 2026] [mpm_winnt:notice] [pid 5992:tid 708] AH00455: Apache/2.4.25 (Win32) OpenSSL/1.0.2j PHP/5.6.30 configured -- resuming normal operations
[Tue Apr 07 23:30:20.840417 2026] [mpm_winnt:notice] [pid 5992:tid 708] AH00456: Apache Lounge VC11 Server built: Dec 20 2016 13:02:04
[Tue Apr 07 23:30:20.840930 2026] [core:notice] [pid 5992:tid 708] AH00094: Command line: 'c:\\xampp007\\apache\\bin\\httpd.exe -d C:/xampp007/apache'
[Tue Apr 07 23:30:20.849607 2026] [mpm_winnt:notice] [pid 5992:tid 708] AH00418: Parent: Created child process 6728
[Tue Apr 07 23:30:21.669721 2026] [ssl:warn] [pid 6728:tid 712] AH01909: www.example.com:443:0 server certificate does NOT include an ID which matches the server name
[Tue Apr 07 23:30:21.803223 2026] [ssl:warn] [pid 6728:tid 712] AH01909: www.example.com:443:0 server certificate does NOT include an ID which matches the server name
[Tue Apr 07 23:30:21.838890 2026] [mpm_winnt:notice] [pid 6728:tid 712] AH00354: Child: Starting 150 worker threads.
[Tue Apr 07 23:30:33.053280 2026] [ssl:warn] [pid 11248:tid 684] AH01909: www.example.com:443:0 server certificate does NOT include an ID which matches the server name
[Tue Apr 07 23:30:33.112398 2026] [core:warn] [pid 11248:tid 684] AH00098: pid file C:/xampp007/apache/logs/httpd.pid overwritten -- Unclean shutdown of previous Apache run?
[Tue Apr 07 23:30:33.196540 2026] [ssl:warn] [pid 11248:tid 684] AH01909: www.example.com:443:0 server certificate does NOT include an ID which matches the server name
[Tue Apr 07 23:30:33.233217 2026] [mpm_winnt:notice] [pid 11248:tid 684] AH00455: Apache/2.4.25 (Win32) OpenSSL/1.0.2j PHP/5.6.30 configured -- resuming normal operations
[Tue Apr 07 23:30:33.233217 2026] [mpm_winnt:notice] [pid 11248:tid 684] AH00456: Apache Lounge VC11 Server built: Dec 20 2016 13:02:04
[Tue Apr 07 23:30:33.233217 2026] [core:notice] [pid 11248:tid 684] AH00094: Command line: 'c:\\xampp007\\apache\\bin\\httpd.exe -d C:/xampp007/apache'
[Tue Apr 07 23:30:33.237226 2026] [mpm_winnt:notice] [pid 11248:tid 684] AH00418: Parent: Created child process 8612
[Tue Apr 07 23:30:33.923976 2026] [ssl:warn] [pid 8612:tid 728] AH01909: www.example.com:443:0 server certificate does NOT include an ID which matches the server name
[Tue Apr 07 23:30:34.075303 2026] [ssl:warn] [pid 8612:tid 728] AH01909: www.example.com:443:0 server certificate does NOT include an ID which matches the server name
[Tue Apr 07 23:30:34.107293 2026] [mpm_winnt:notice] [pid 8612:tid 728] AH00354: Child: Starting 150 worker threads.
[Wed Apr 08 04:44:32.535226 2026] [ssl:warn] [pid 18972:tid 652] AH01909: www.example.com:443:0 server certificate does NOT include an ID which matches the server name
[Wed Apr 08 04:44:32.567031 2026] [core:warn] [pid 18972:tid 652] AH00098: pid file C:/xampp007/apache/logs/httpd.pid overwritten -- Unclean shutdown of previous Apache run?
[Wed Apr 08 04:44:32.619963 2026] [ssl:warn] [pid 18972:tid 652] AH01909: www.example.com:443:0 server certificate does NOT include an ID which matches the server name
[Wed Apr 08 04:44:32.660682 2026] [mpm_winnt:notice] [pid 18972:tid 652] AH00455: Apache/2.4.25 (Win32) OpenSSL/1.0.2j PHP/5.6.30 configured -- resuming normal operations
[Wed Apr 08 04:44:32.660682 2026] [mpm_winnt:notice] [pid 18972:tid 652] AH00456: Apache Lounge VC11 Server built: Dec 20 2016 13:02:04
[Wed Apr 08 04:44:32.660682 2026] [core:notice] [pid 18972:tid 652] AH00094: Command line: 'c:\\xampp007\\apache\\bin\\httpd.exe -d C:/xampp007/apache'
[Wed Apr 08 04:44:32.660682 2026] [mpm_winnt:notice] [pid 18972:tid 652] AH00418: Parent: Created child process 21752
[Wed Apr 08 04:44:33.042417 2026] [ssl:warn] [pid 21752:tid 692] AH01909: www.example.com:443:0 server certificate does NOT include an ID which matches the server name
[Wed Apr 08 04:44:33.129073 2026] [ssl:warn] [pid 21752:tid 692] AH01909: www.example.com:443:0 server certificate does NOT include an ID which matches the server name
[Wed Apr 08 04:44:33.139126 2026] [mpm_winnt:notice] [pid 21752:tid 692] AH00354: Child: Starting 150 worker threads.
[Wed Apr 08 06:13:56.745424 2026] [mpm_winnt:crit] [pid 21752:tid 692] AH02538: Child: Parent process exited abruptly. Child process is ending
[Wed Apr 08 10:10:04.932198 2026] [ssl:warn] [pid 17008:tid 712] AH01909: www.example.com:443:0 server certificate does NOT include an ID which matches the server name
[Wed Apr 08 10:10:04.960378 2026] [core:warn] [pid 17008:tid 712] AH00098: pid file C:/xampp007/apache/logs/httpd.pid overwritten -- Unclean shutdown of previous Apache run?
[Wed Apr 08 10:10:05.010927 2026] [ssl:warn] [pid 17008:tid 712] AH01909: www.example.com:443:0 server certificate does NOT include an ID which matches the server name
[Wed Apr 08 10:10:05.099178 2026] [mpm_winnt:notice] [pid 17008:tid 712] AH00455: Apache/2.4.25 (Win32) OpenSSL/1.0.2j PHP/5.6.30 configured -- resuming normal operations
[Wed Apr 08 10:10:05.099178 2026] [mpm_winnt:notice] [pid 17008:tid 712] AH00456: Apache Lounge VC11 Server built: Dec 20 2016 13:02:04
[Wed Apr 08 10:10:05.099178 2026] [core:notice] [pid 17008:tid 712] AH00094: Command line: 'c:\\xampp007\\apache\\bin\\httpd.exe -d C:/xampp007/apache'
[Wed Apr 08 10:10:05.100093 2026] [mpm_winnt:notice] [pid 17008:tid 712] AH00418: Parent: Created child process 20464
[Wed Apr 08 10:10:05.563876 2026] [ssl:warn] [pid 20464:tid 692] AH01909: www.example.com:443:0 server certificate does NOT include an ID which matches the server name
[Wed Apr 08 10:10:05.658370 2026] [ssl:warn] [pid 20464:tid 692] AH01909: www.example.com:443:0 server certificate does NOT include an ID which matches the server name
[Wed Apr 08 10:10:05.696273 2026] [mpm_winnt:notice] [pid 20464:tid 692] AH00354: Child: Starting 150 worker threads.
[Wed Apr 08 11:23:41.074829 2026] [mpm_winnt:crit] [pid 20464:tid 692] AH02538: Child: Parent process exited abruptly. Child process is ending
[Wed Apr 08 12:12:06.908130 2026] [ssl:warn] [pid 14128:tid 676] AH01909: www.example.com:443:0 server certificate does NOT include an ID which matches the server name
[Wed Apr 08 12:12:06.947648 2026] [core:warn] [pid 14128:tid 676] AH00098: pid file C:/xampp007/apache/logs/httpd.pid overwritten -- Unclean shutdown of previous Apache run?
[Wed Apr 08 12:12:07.011395 2026] [ssl:warn] [pid 14128:tid 676] AH01909: www.example.com:443:0 server certificate does NOT include an ID which matches the server name
[Wed Apr 08 12:12:07.061863 2026] [mpm_winnt:notice] [pid 14128:tid 676] AH00455: Apache/2.4.25 (Win32) OpenSSL/1.0.2j PHP/5.6.30 configured -- resuming normal operations
[Wed Apr 08 12:12:07.061863 2026] [mpm_winnt:notice] [pid 14128:tid 676] AH00456: Apache Lounge VC11 Server built: Dec 20 2016 13:02:04
[Wed Apr 08 12:12:07.061863 2026] [core:notice] [pid 14128:tid 676] AH00094: Command line: 'c:\\xampp007\\apache\\bin\\httpd.exe -d C:/xampp007/apache'
[Wed Apr 08 12:12:07.073967 2026] [mpm_winnt:notice] [pid 14128:tid 676] AH00418: Parent: Created child process 16004
[Wed Apr 08 12:12:07.826665 2026] [ssl:warn] [pid 16004:tid 556] AH01909: www.example.com:443:0 server certificate does NOT include an ID which matches the server name
[Wed Apr 08 12:12:07.964355 2026] [ssl:warn] [pid 16004:tid 556] AH01909: www.example.com:443:0 server certificate does NOT include an ID which matches the server name
[Wed Apr 08 12:12:07.998227 2026] [mpm_winnt:notice] [pid 16004:tid 556] AH00354: Child: Starting 150 worker threads.
[Wed Apr 08 12:14:07.245476 2026] [mpm_winnt:crit] [pid 16004:tid 556] AH02538: Child: Parent process exited abruptly. Child process is ending
[Wed Apr 08 13:48:06.248241 2026] [ssl:warn] [pid 17648:tid 696] AH01909: www.example.com:443:0 server certificate does NOT include an ID which matches the server name
[Wed Apr 08 13:48:06.285212 2026] [core:warn] [pid 17648:tid 696] AH00098: pid file C:/xampp007/apache/logs/httpd.pid overwritten -- Unclean shutdown of previous Apache run?
[Wed Apr 08 13:48:06.343858 2026] [ssl:warn] [pid 17648:tid 696] AH01909: www.example.com:443:0 server certificate does NOT include an ID which matches the server name
[Wed Apr 08 13:48:06.360036 2026] [mpm_winnt:notice] [pid 17648:tid 696] AH00455: Apache/2.4.25 (Win32) OpenSSL/1.0.2j PHP/5.6.30 configured -- resuming normal operations
[Wed Apr 08 13:48:06.360036 2026] [mpm_winnt:notice] [pid 17648:tid 696] AH00456: Apache Lounge VC11 Server built: Dec 20 2016 13:02:04
[Wed Apr 08 13:48:06.360036 2026] [core:notice] [pid 17648:tid 696] AH00094: Command line: 'c:\\xampp007\\apache\\bin\\httpd.exe -d C:/xampp007/apache'
[Wed Apr 08 13:48:06.365905 2026] [mpm_winnt:notice] [pid 17648:tid 696] AH00418: Parent: Created child process 15036
[Wed Apr 08 13:48:06.748133 2026] [ssl:warn] [pid 15036:tid 696] AH01909: www.example.com:443:0 server certificate does NOT include an ID which matches the server name
[Wed Apr 08 13:48:06.822522 2026] [ssl:warn] [pid 15036:tid 696] AH01909: www.example.com:443:0 server certificate does NOT include an ID which matches the server name
[Wed Apr 08 13:48:06.838603 2026] [mpm_winnt:notice] [pid 15036:tid 696] AH00354: Child: Starting 150 worker threads.
[Wed Apr 08 14:00:25.300336 2026] [mpm_winnt:crit] [pid 15036:tid 696] AH02538: Child: Parent process exited abruptly. Child process is ending
[Wed Apr 08 22:19:51.411771 2026] [ssl:warn] [pid 11268:tid 744] AH01909: www.example.com:443:0 server certificate does NOT include an ID which matches the server name
[Wed Apr 08 22:19:51.438422 2026] [core:warn] [pid 11268:tid 744] AH00098: pid file C:/xampp007/apache/logs/httpd.pid overwritten -- Unclean shutdown of previous Apache run?
[Wed Apr 08 22:19:51.497636 2026] [ssl:warn] [pid 11268:tid 744] AH01909: www.example.com:443:0 server certificate does NOT include an ID which matches the server name
[Wed Apr 08 22:19:51.526978 2026] [mpm_winnt:notice] [pid 11268:tid 744] AH00455: Apache/2.4.25 (Win32) OpenSSL/1.0.2j PHP/5.6.30 configured -- resuming normal operations
[Wed Apr 08 22:19:51.526978 2026] [mpm_winnt:notice] [pid 11268:tid 744] AH00456: Apache Lounge VC11 Server built: Dec 20 2016 13:02:04
[Wed Apr 08 22:19:51.526978 2026] [core:notice] [pid 11268:tid 744] AH00094: Command line: 'c:\\xampp007\\apache\\bin\\httpd.exe -d C:/xampp007/apache'
[Wed Apr 08 22:19:51.531539 2026] [mpm_winnt:notice] [pid 11268:tid 744] AH00418: Parent: Created child process 14616
[Wed Apr 08 22:19:52.006766 2026] [ssl:warn] [pid 14616:tid 712] AH01909: www.example.com:443:0 server certificate does NOT include an ID which matches the server name
[Wed Apr 08 22:19:52.092156 2026] [ssl:warn] [pid 14616:tid 712] AH01909: www.example.com:443:0 server certificate does NOT include an ID which matches the server name
[Wed Apr 08 22:19:52.116300 2026] [mpm_winnt:notice] [pid 14616:tid 712] AH00354: Child: Starting 150 worker threads.
[Thu Apr 09 12:11:26.787687 2026] [ssl:warn] [pid 9152:tid 684] AH01909: www.example.com:443:0 server certificate does NOT include an ID which matches the server name
[Thu Apr 09 12:11:26.835237 2026] [core:warn] [pid 9152:tid 684] AH00098: pid file C:/xampp007/apache/logs/httpd.pid overwritten -- Unclean shutdown of previous Apache run?
[Thu Apr 09 12:11:26.914560 2026] [ssl:warn] [pid 9152:tid 684] AH01909: www.example.com:443:0 server certificate does NOT include an ID which matches the server name
[Thu Apr 09 12:11:27.250763 2026] [mpm_winnt:notice] [pid 9152:tid 684] AH00455: Apache/2.4.25 (Win32) OpenSSL/1.0.2j PHP/5.6.30 configured -- resuming normal operations
[Thu Apr 09 12:11:27.250763 2026] [mpm_winnt:notice] [pid 9152:tid 684] AH00456: Apache Lounge VC11 Server built: Dec 20 2016 13:02:04
[Thu Apr 09 12:11:27.250763 2026] [core:notice] [pid 9152:tid 684] AH00094: Command line: 'c:\\xampp007\\apache\\bin\\httpd.exe -d C:/xampp007/apache'
[Thu Apr 09 12:11:27.250763 2026] [mpm_winnt:notice] [pid 9152:tid 684] AH00418: Parent: Created child process 10468
[Thu Apr 09 12:11:27.860147 2026] [ssl:warn] [pid 10468:tid 696] AH01909: www.example.com:443:0 server certificate does NOT include an ID which matches the server name
[Thu Apr 09 12:11:27.977699 2026] [ssl:warn] [pid 10468:tid 696] AH01909: www.example.com:443:0 server certificate does NOT include an ID which matches the server name
[Thu Apr 09 12:11:27.991475 2026] [mpm_winnt:notice] [pid 10468:tid 696] AH00354: Child: Starting 150 worker threads.
[Thu Apr 09 12:39:01.439588 2026] [mpm_winnt:crit] [pid 10468:tid 696] AH02538: Child: Parent process exited abruptly. Child process is ending
[Fri Apr 10 12:49:44.641037 2026] [ssl:warn] [pid 9420:tid 544] AH01909: www.example.com:443:0 server certificate does NOT include an ID which matches the server name
[Fri Apr 10 12:49:44.689210 2026] [core:warn] [pid 9420:tid 544] AH00098: pid file C:/xampp007/apache/logs/httpd.pid overwritten -- Unclean shutdown of previous Apache run?
[Fri Apr 10 12:49:44.796964 2026] [ssl:warn] [pid 9420:tid 544] AH01909: www.example.com:443:0 server certificate does NOT include an ID which matches the server name
[Fri Apr 10 12:49:46.057048 2026] [mpm_winnt:notice] [pid 9420:tid 544] AH00455: Apache/2.4.25 (Win32) OpenSSL/1.0.2j PHP/5.6.30 configured -- resuming normal operations
[Fri Apr 10 12:49:46.057048 2026] [mpm_winnt:notice] [pid 9420:tid 544] AH00456: Apache Lounge VC11 Server built: Dec 20 2016 13:02:04
[Fri Apr 10 12:49:46.057048 2026] [core:notice] [pid 9420:tid 544] AH00094: Command line: 'c:\\xampp007\\apache\\bin\\httpd.exe -d C:/xampp007/apache'
[Fri Apr 10 12:49:46.130996 2026] [mpm_winnt:notice] [pid 9420:tid 544] AH00418: Parent: Created child process 19844
[Fri Apr 10 12:49:47.197755 2026] [ssl:warn] [pid 19844:tid 704] AH01909: www.example.com:443:0 server certificate does NOT include an ID which matches the server name
[Fri Apr 10 12:49:47.372812 2026] [ssl:warn] [pid 19844:tid 704] AH01909: www.example.com:443:0 server certificate does NOT include an ID which matches the server name
[Fri Apr 10 12:49:47.418840 2026] [mpm_winnt:notice] [pid 19844:tid 704] AH00354: Child: Starting 150 worker threads.
[Fri Apr 10 17:46:55.187753 2026] [mpm_winnt:crit] [pid 19844:tid 704] AH02538: Child: Parent process exited abruptly. Child process is ending
[Fri Apr 10 23:25:09.889294 2026] [ssl:warn] [pid 9260:tid 740] AH01909: www.example.com:443:0 server certificate does NOT include an ID which matches the server name
[Fri Apr 10 23:25:09.932787 2026] [core:warn] [pid 9260:tid 740] AH00098: pid file C:/xampp007/apache/logs/httpd.pid overwritten -- Unclean shutdown of previous Apache run?
[Fri Apr 10 23:25:10.012408 2026] [ssl:warn] [pid 9260:tid 740] AH01909: www.example.com:443:0 server certificate does NOT include an ID which matches the server name
[Fri Apr 10 23:25:10.028077 2026] [mpm_winnt:notice] [pid 9260:tid 740] AH00455: Apache/2.4.25 (Win32) OpenSSL/1.0.2j PHP/5.6.30 configured -- resuming normal operations
[Fri Apr 10 23:25:10.028077 2026] [mpm_winnt:notice] [pid 9260:tid 740] AH00456: Apache Lounge VC11 Server built: Dec 20 2016 13:02:04
[Fri Apr 10 23:25:10.028077 2026] [core:notice] [pid 9260:tid 740] AH00094: Command line: 'c:\\xampp007\\apache\\bin\\httpd.exe -d C:/xampp007/apache'
[Fri Apr 10 23:25:10.043754 2026] [mpm_winnt:notice] [pid 9260:tid 740] AH00418: Parent: Created child process 20324
[Fri Apr 10 23:25:10.706264 2026] [ssl:warn] [pid 20324:tid 692] AH01909: www.example.com:443:0 server certificate does NOT include an ID which matches the server name
[Fri Apr 10 23:25:10.849317 2026] [ssl:warn] [pid 20324:tid 692] AH01909: www.example.com:443:0 server certificate does NOT include an ID which matches the server name
[Fri Apr 10 23:25:10.885186 2026] [mpm_winnt:notice] [pid 20324:tid 692] AH00354: Child: Starting 150 worker threads.
[Sat Apr 11 03:24:21.592341 2026] [mpm_winnt:crit] [pid 20324:tid 692] AH02538: Child: Parent process exited abruptly. Child process is ending
[Sun Apr 12 11:34:44.603293 2026] [ssl:warn] [pid 15304:tid 684] AH01909: www.example.com:443:0 server certificate does NOT include an ID which matches the server name
[Sun Apr 12 11:34:44.652332 2026] [core:warn] [pid 15304:tid 684] AH00098: pid file C:/xampp007/apache/logs/httpd.pid overwritten -- Unclean shutdown of previous Apache run?
[Sun Apr 12 11:34:44.729639 2026] [ssl:warn] [pid 15304:tid 684] AH01909: www.example.com:443:0 server certificate does NOT include an ID which matches the server name
[Sun Apr 12 11:34:45.044494 2026] [mpm_winnt:notice] [pid 15304:tid 684] AH00455: Apache/2.4.25 (Win32) OpenSSL/1.0.2j PHP/5.6.30 configured -- resuming normal operations
[Sun Apr 12 11:34:45.044494 2026] [mpm_winnt:notice] [pid 15304:tid 684] AH00456: Apache Lounge VC11 Server built: Dec 20 2016 13:02:04
[Sun Apr 12 11:34:45.044494 2026] [core:notice] [pid 15304:tid 684] AH00094: Command line: 'c:\\xampp007\\apache\\bin\\httpd.exe -d C:/xampp007/apache'
[Sun Apr 12 11:34:45.049478 2026] [mpm_winnt:notice] [pid 15304:tid 684] AH00418: Parent: Created child process 13088
[Sun Apr 12 11:34:45.666300 2026] [ssl:warn] [pid 13088:tid 628] AH01909: www.example.com:443:0 server certificate does NOT include an ID which matches the server name
[Sun Apr 12 11:34:45.784108 2026] [ssl:warn] [pid 13088:tid 628] AH01909: www.example.com:443:0 server certificate does NOT include an ID which matches the server name
[Sun Apr 12 11:34:45.815408 2026] [mpm_winnt:notice] [pid 13088:tid 628] AH00354: Child: Starting 150 worker threads.
[Sun Apr 12 20:06:22.454124 2026] [ssl:warn] [pid 8468:tid 684] AH01909: www.example.com:443:0 server certificate does NOT include an ID which matches the server name
[Sun Apr 12 20:06:22.491178 2026] [core:warn] [pid 8468:tid 684] AH00098: pid file C:/xampp007/apache/logs/httpd.pid overwritten -- Unclean shutdown of previous Apache run?
[Sun Apr 12 20:06:22.555968 2026] [ssl:warn] [pid 8468:tid 684] AH01909: www.example.com:443:0 server certificate does NOT include an ID which matches the server name
[Sun Apr 12 20:06:22.596523 2026] [mpm_winnt:notice] [pid 8468:tid 684] AH00455: Apache/2.4.25 (Win32) OpenSSL/1.0.2j PHP/5.6.30 configured -- resuming normal operations
[Sun Apr 12 20:06:22.596523 2026] [mpm_winnt:notice] [pid 8468:tid 684] AH00456: Apache Lounge VC11 Server built: Dec 20 2016 13:02:04
[Sun Apr 12 20:06:22.596523 2026] [core:notice] [pid 8468:tid 684] AH00094: Command line: 'c:\\xampp007\\apache\\bin\\httpd.exe -d C:/xampp007/apache'
[Sun Apr 12 20:06:22.596523 2026] [mpm_winnt:notice] [pid 8468:tid 684] AH00418: Parent: Created child process 6804
[Sun Apr 12 20:06:23.326482 2026] [ssl:warn] [pid 6804:tid 692] AH01909: www.example.com:443:0 server certificate does NOT include an ID which matches the server name
[Sun Apr 12 20:06:23.453259 2026] [ssl:warn] [pid 6804:tid 692] AH01909: www.example.com:443:0 server certificate does NOT include an ID which matches the server name
[Sun Apr 12 20:06:23.501518 2026] [mpm_winnt:notice] [pid 6804:tid 692] AH00354: Child: Starting 150 worker threads.
[Sun Apr 12 23:04:51.745160 2026] [ssl:warn] [pid 19916:tid 696] AH01909: www.example.com:443:0 server certificate does NOT include an ID which matches the server name
[Sun Apr 12 23:04:51.768914 2026] [core:warn] [pid 19916:tid 696] AH00098: pid file C:/xampp007/apache/logs/httpd.pid overwritten -- Unclean shutdown of previous Apache run?
[Sun Apr 12 23:04:51.812915 2026] [ssl:warn] [pid 19916:tid 696] AH01909: www.example.com:443:0 server certificate does NOT include an ID which matches the server name
[Sun Apr 12 23:04:51.831945 2026] [mpm_winnt:notice] [pid 19916:tid 696] AH00455: Apache/2.4.25 (Win32) OpenSSL/1.0.2j PHP/5.6.30 configured -- resuming normal operations
[Sun Apr 12 23:04:51.831945 2026] [mpm_winnt:notice] [pid 19916:tid 696] AH00456: Apache Lounge VC11 Server built: Dec 20 2016 13:02:04
[Sun Apr 12 23:04:51.831945 2026] [core:notice] [pid 19916:tid 696] AH00094: Command line: 'c:\\xampp007\\apache\\bin\\httpd.exe -d C:/xampp007/apache'
[Sun Apr 12 23:04:51.835177 2026] [mpm_winnt:notice] [pid 19916:tid 696] AH00418: Parent: Created child process 19684
[Sun Apr 12 23:04:52.212961 2026] [ssl:warn] [pid 19684:tid 692] AH01909: www.example.com:443:0 server certificate does NOT include an ID which matches the server name
[Sun Apr 12 23:04:52.287770 2026] [ssl:warn] [pid 19684:tid 692] AH01909: www.example.com:443:0 server certificate does NOT include an ID which matches the server name
[Sun Apr 12 23:04:52.292420 2026] [mpm_winnt:notice] [pid 19684:tid 692] AH00354: Child: Starting 150 worker threads.
[Mon Apr 13 22:08:17.212424 2026] [ssl:warn] [pid 17752:tid 684] AH01909: www.example.com:443:0 server certificate does NOT include an ID which matches the server name
[Mon Apr 13 22:08:17.252643 2026] [core:warn] [pid 17752:tid 684] AH00098: pid file C:/xampp007/apache/logs/httpd.pid overwritten -- Unclean shutdown of previous Apache run?
[Mon Apr 13 22:08:17.327094 2026] [ssl:warn] [pid 17752:tid 684] AH01909: www.example.com:443:0 server certificate does NOT include an ID which matches the server name
[Mon Apr 13 22:08:17.632092 2026] [mpm_winnt:notice] [pid 17752:tid 684] AH00455: Apache/2.4.25 (Win32) OpenSSL/1.0.2j PHP/5.6.30 configured -- resuming normal operations
[Mon Apr 13 22:08:17.632092 2026] [mpm_winnt:notice] [pid 17752:tid 684] AH00456: Apache Lounge VC11 Server built: Dec 20 2016 13:02:04
[Mon Apr 13 22:08:17.632092 2026] [core:notice] [pid 17752:tid 684] AH00094: Command line: 'c:\\xampp007\\apache\\bin\\httpd.exe -d C:/xampp007/apache'
[Mon Apr 13 22:08:17.632092 2026] [mpm_winnt:notice] [pid 17752:tid 684] AH00418: Parent: Created child process 5604
[Mon Apr 13 22:08:18.329495 2026] [ssl:warn] [pid 5604:tid 704] AH01909: www.example.com:443:0 server certificate does NOT include an ID which matches the server name
[Mon Apr 13 22:08:18.457197 2026] [ssl:warn] [pid 5604:tid 704] AH01909: www.example.com:443:0 server certificate does NOT include an ID which matches the server name
[Mon Apr 13 22:08:18.486775 2026] [mpm_winnt:notice] [pid 5604:tid 704] AH00354: Child: Starting 150 worker threads.
[Tue Apr 14 00:36:33.967311 2026] [mpm_winnt:crit] [pid 5604:tid 704] AH02538: Child: Parent process exited abruptly. Child process is ending
[Mon Apr 20 12:46:26.440489 2026] [ssl:warn] [pid 2000:tid 716] AH01909: www.example.com:443:0 server certificate does NOT include an ID which matches the server name
[Mon Apr 20 12:46:26.509979 2026] [core:warn] [pid 2000:tid 716] AH00098: pid file C:/xampp007/apache/logs/httpd.pid overwritten -- Unclean shutdown of previous Apache run?
[Mon Apr 20 12:46:26.614391 2026] [ssl:warn] [pid 2000:tid 716] AH01909: www.example.com:443:0 server certificate does NOT include an ID which matches the server name
[Mon Apr 20 12:46:29.708747 2026] [ssl:warn] [pid 4592:tid 724] AH01909: www.example.com:443:0 server certificate does NOT include an ID which matches the server name
[Mon Apr 20 12:46:29.762331 2026] [core:warn] [pid 4592:tid 724] AH00098: pid file C:/xampp007/apache/logs/httpd.pid overwritten -- Unclean shutdown of previous Apache run?
[Mon Apr 20 12:46:29.860368 2026] [ssl:warn] [pid 4592:tid 724] AH01909: www.example.com:443:0 server certificate does NOT include an ID which matches the server name
[Mon Apr 20 12:46:33.668472 2026] [mpm_winnt:notice] [pid 4592:tid 724] AH00455: Apache/2.4.25 (Win32) OpenSSL/1.0.2j PHP/5.6.30 configured -- resuming normal operations
[Mon Apr 20 12:46:33.668472 2026] [mpm_winnt:notice] [pid 4592:tid 724] AH00456: Apache Lounge VC11 Server built: Dec 20 2016 13:02:04
[Mon Apr 20 12:46:33.668472 2026] [core:notice] [pid 4592:tid 724] AH00094: Command line: 'c:\\xampp007\\apache\\bin\\httpd.exe -d C:/xampp007/apache'
[Mon Apr 20 12:46:33.680559 2026] [mpm_winnt:notice] [pid 4592:tid 724] AH00418: Parent: Created child process 18024
[Mon Apr 20 12:46:34.431277 2026] [ssl:warn] [pid 18024:tid 616] AH01909: www.example.com:443:0 server certificate does NOT include an ID which matches the server name
[Mon Apr 20 12:46:34.568815 2026] [ssl:warn] [pid 18024:tid 616] AH01909: www.example.com:443:0 server certificate does NOT include an ID which matches the server name
[Mon Apr 20 12:46:34.602621 2026] [mpm_winnt:notice] [pid 18024:tid 616] AH00354: Child: Starting 150 worker threads.
[Mon Apr 20 14:09:37.838892 2026] [mpm_winnt:crit] [pid 18024:tid 616] AH02538: Child: Parent process exited abruptly. Child process is ending
[Mon Apr 20 14:47:06.970756 2026] [ssl:warn] [pid 13936:tid 708] AH01909: www.example.com:443:0 server certificate does NOT include an ID which matches the server name
[Mon Apr 20 14:47:07.036875 2026] [core:warn] [pid 13936:tid 708] AH00098: pid file C:/xampp007/apache/logs/httpd.pid overwritten -- Unclean shutdown of previous Apache run?
[Mon Apr 20 14:47:07.160455 2026] [ssl:warn] [pid 13936:tid 708] AH01909: www.example.com:443:0 server certificate does NOT include an ID which matches the server name
[Mon Apr 20 14:47:07.278752 2026] [mpm_winnt:notice] [pid 13936:tid 708] AH00455: Apache/2.4.25 (Win32) OpenSSL/1.0.2j PHP/5.6.30 configured -- resuming normal operations
[Mon Apr 20 14:47:07.278752 2026] [mpm_winnt:notice] [pid 13936:tid 708] AH00456: Apache Lounge VC11 Server built: Dec 20 2016 13:02:04
[Mon Apr 20 14:47:07.278752 2026] [core:notice] [pid 13936:tid 708] AH00094: Command line: 'c:\\xampp007\\apache\\bin\\httpd.exe -d C:/xampp007/apache'
[Mon Apr 20 14:47:07.289614 2026] [mpm_winnt:notice] [pid 13936:tid 708] AH00418: Parent: Created child process 20304
[Mon Apr 20 14:47:08.056504 2026] [ssl:warn] [pid 20304:tid 708] AH01909: www.example.com:443:0 server certificate does NOT include an ID which matches the server name
[Mon Apr 20 14:47:08.181220 2026] [ssl:warn] [pid 20304:tid 708] AH01909: www.example.com:443:0 server certificate does NOT include an ID which matches the server name
[Mon Apr 20 14:47:08.212567 2026] [mpm_winnt:notice] [pid 20304:tid 708] AH00354: Child: Starting 150 worker threads.
[Wed Apr 22 10:05:34.862959 2026] [ssl:warn] [pid 16364:tid 740] AH01909: www.example.com:443:0 server certificate does NOT include an ID which matches the server name
[Wed Apr 22 10:05:34.907825 2026] [core:warn] [pid 16364:tid 740] AH00098: pid file C:/xampp007/apache/logs/httpd.pid overwritten -- Unclean shutdown of previous Apache run?
[Wed Apr 22 10:05:34.971283 2026] [ssl:warn] [pid 16364:tid 740] AH01909: www.example.com:443:0 server certificate does NOT include an ID which matches the server name
[Wed Apr 22 10:05:35.287009 2026] [mpm_winnt:notice] [pid 16364:tid 740] AH00455: Apache/2.4.25 (Win32) OpenSSL/1.0.2j PHP/5.6.30 configured -- resuming normal operations
[Wed Apr 22 10:05:35.287009 2026] [mpm_winnt:notice] [pid 16364:tid 740] AH00456: Apache Lounge VC11 Server built: Dec 20 2016 13:02:04
[Wed Apr 22 10:05:35.287009 2026] [core:notice] [pid 16364:tid 740] AH00094: Command line: 'c:\\xampp007\\apache\\bin\\httpd.exe -d C:/xampp007/apache'
[Wed Apr 22 10:05:35.289020 2026] [mpm_winnt:notice] [pid 16364:tid 740] AH00418: Parent: Created child process 16360
[Wed Apr 22 10:05:35.875266 2026] [ssl:warn] [pid 16360:tid 724] AH01909: www.example.com:443:0 server certificate does NOT include an ID which matches the server name
[Wed Apr 22 10:05:35.983966 2026] [ssl:warn] [pid 16360:tid 724] AH01909: www.example.com:443:0 server certificate does NOT include an ID which matches the server name
[Wed Apr 22 10:05:36.013709 2026] [mpm_winnt:notice] [pid 16360:tid 724] AH00354: Child: Starting 150 worker threads.
[Mon Apr 27 12:13:52.866849 2026] [ssl:warn] [pid 6952:tid 588] AH01909: www.example.com:443:0 server certificate does NOT include an ID which matches the server name
[Mon Apr 27 12:13:52.918425 2026] [core:warn] [pid 6952:tid 588] AH00098: pid file C:/xampp007/apache/logs/httpd.pid overwritten -- Unclean shutdown of previous Apache run?
[Mon Apr 27 12:13:52.993133 2026] [ssl:warn] [pid 6952:tid 588] AH01909: www.example.com:443:0 server certificate does NOT include an ID which matches the server name
[Mon Apr 27 12:13:53.346078 2026] [mpm_winnt:notice] [pid 6952:tid 588] AH00455: Apache/2.4.25 (Win32) OpenSSL/1.0.2j PHP/5.6.30 configured -- resuming normal operations
[Mon Apr 27 12:13:53.346078 2026] [mpm_winnt:notice] [pid 6952:tid 588] AH00456: Apache Lounge VC11 Server built: Dec 20 2016 13:02:04
[Mon Apr 27 12:13:53.346078 2026] [core:notice] [pid 6952:tid 588] AH00094: Command line: 'c:\\xampp007\\apache\\bin\\httpd.exe -d C:/xampp007/apache'
[Mon Apr 27 12:13:53.353711 2026] [mpm_winnt:notice] [pid 6952:tid 588] AH00418: Parent: Created child process 18804
[Mon Apr 27 12:13:53.965357 2026] [ssl:warn] [pid 18804:tid 696] AH01909: www.example.com:443:0 server certificate does NOT include an ID which matches the server name
[Mon Apr 27 12:13:54.107955 2026] [ssl:warn] [pid 18804:tid 696] AH01909: www.example.com:443:0 server certificate does NOT include an ID which matches the server name
[Mon Apr 27 12:13:54.139673 2026] [mpm_winnt:notice] [pid 18804:tid 696] AH00354: Child: Starting 150 worker threads.
[Wed Apr 29 12:21:07.958537 2026] [ssl:warn] [pid 4312:tid 608] AH01909: www.example.com:443:0 server certificate does NOT include an ID which matches the server name
[Wed Apr 29 12:21:08.025366 2026] [core:warn] [pid 4312:tid 608] AH00098: pid file C:/xampp007/apache/logs/httpd.pid overwritten -- Unclean shutdown of previous Apache run?
[Wed Apr 29 12:21:08.105277 2026] [ssl:warn] [pid 4312:tid 608] AH01909: www.example.com:443:0 server certificate does NOT include an ID which matches the server name
[Wed Apr 29 12:21:08.439926 2026] [mpm_winnt:notice] [pid 4312:tid 608] AH00455: Apache/2.4.25 (Win32) OpenSSL/1.0.2j PHP/5.6.30 configured -- resuming normal operations
[Wed Apr 29 12:21:08.439926 2026] [mpm_winnt:notice] [pid 4312:tid 608] AH00456: Apache Lounge VC11 Server built: Dec 20 2016 13:02:04
[Wed Apr 29 12:21:08.439926 2026] [core:notice] [pid 4312:tid 608] AH00094: Command line: 'c:\\xampp007\\apache\\bin\\httpd.exe -d C:/xampp007/apache'
[Wed Apr 29 12:21:08.449367 2026] [mpm_winnt:notice] [pid 4312:tid 608] AH00418: Parent: Created child process 8860
[Wed Apr 29 12:21:09.125461 2026] [ssl:warn] [pid 8860:tid 632] AH01909: www.example.com:443:0 server certificate does NOT include an ID which matches the server name
[Wed Apr 29 12:21:09.295128 2026] [ssl:warn] [pid 8860:tid 632] AH01909: www.example.com:443:0 server certificate does NOT include an ID which matches the server name
[Wed Apr 29 12:21:09.325271 2026] [mpm_winnt:notice] [pid 8860:tid 632] AH00354: Child: Starting 150 worker threads.
[Thu Apr 30 11:44:24.370109 2026] [ssl:warn] [pid 9448:tid 276] AH01909: www.example.com:443:0 server certificate does NOT include an ID which matches the server name
[Thu Apr 30 11:44:24.425093 2026] [core:warn] [pid 9448:tid 276] AH00098: pid file C:/xampp007/apache/logs/httpd.pid overwritten -- Unclean shutdown of previous Apache run?
[Thu Apr 30 11:44:24.490134 2026] [ssl:warn] [pid 9448:tid 276] AH01909: www.example.com:443:0 server certificate does NOT include an ID which matches the server name
[Thu Apr 30 11:44:24.525269 2026] [mpm_winnt:notice] [pid 9448:tid 276] AH00455: Apache/2.4.25 (Win32) OpenSSL/1.0.2j PHP/5.6.30 configured -- resuming normal operations
[Thu Apr 30 11:44:24.525269 2026] [mpm_winnt:notice] [pid 9448:tid 276] AH00456: Apache Lounge VC11 Server built: Dec 20 2016 13:02:04
[Thu Apr 30 11:44:24.525269 2026] [core:notice] [pid 9448:tid 276] AH00094: Command line: 'c:\\xampp007\\apache\\bin\\httpd.exe -d C:/xampp007/apache'
[Thu Apr 30 11:44:24.533478 2026] [mpm_winnt:notice] [pid 9448:tid 276] AH00418: Parent: Created child process 1836
[Thu Apr 30 11:44:25.301608 2026] [ssl:warn] [pid 1836:tid 624] AH01909: www.example.com:443:0 server certificate does NOT include an ID which matches the server name
[Thu Apr 30 11:44:25.453118 2026] [ssl:warn] [pid 1836:tid 624] AH01909: www.example.com:443:0 server certificate does NOT include an ID which matches the server name
[Thu Apr 30 11:44:25.490037 2026] [mpm_winnt:notice] [pid 1836:tid 624] AH00354: Child: Starting 150 worker threads.
[Thu Apr 30 17:28:23.862377 2026] [ssl:warn] [pid 18732:tid 644] AH01909: www.example.com:443:0 server certificate does NOT include an ID which matches the server name
[Thu Apr 30 17:28:24.031109 2026] [core:warn] [pid 18732:tid 644] AH00098: pid file C:/xampp007/apache/logs/httpd.pid overwritten -- Unclean shutdown of previous Apache run?
[Thu Apr 30 17:28:24.236338 2026] [ssl:warn] [pid 18732:tid 644] AH01909: www.example.com:443:0 server certificate does NOT include an ID which matches the server name
[Thu Apr 30 17:28:28.634845 2026] [mpm_winnt:notice] [pid 18732:tid 644] AH00455: Apache/2.4.25 (Win32) OpenSSL/1.0.2j PHP/5.6.30 configured -- resuming normal operations
[Thu Apr 30 17:28:28.634845 2026] [mpm_winnt:notice] [pid 18732:tid 644] AH00456: Apache Lounge VC11 Server built: Dec 20 2016 13:02:04
[Thu Apr 30 17:28:28.634845 2026] [core:notice] [pid 18732:tid 644] AH00094: Command line: 'c:\\xampp007\\apache\\bin\\httpd.exe -d C:/xampp007/apache'
[Thu Apr 30 17:28:28.640923 2026] [mpm_winnt:notice] [pid 18732:tid 644] AH00418: Parent: Created child process 6736
[Thu Apr 30 17:28:29.280235 2026] [ssl:warn] [pid 6736:tid 696] AH01909: www.example.com:443:0 server certificate does NOT include an ID which matches the server name
[Thu Apr 30 17:28:29.421955 2026] [ssl:warn] [pid 6736:tid 696] AH01909: www.example.com:443:0 server certificate does NOT include an ID which matches the server name
[Thu Apr 30 17:28:29.453924 2026] [mpm_winnt:notice] [pid 6736:tid 696] AH00354: Child: Starting 150 worker threads.
[Fri May 01 13:24:08.550027 2026] [ssl:warn] [pid 19380:tid 672] AH01909: www.example.com:443:0 server certificate does NOT include an ID which matches the server name
[Fri May 01 13:24:08.606314 2026] [core:warn] [pid 19380:tid 672] AH00098: pid file C:/xampp007/apache/logs/httpd.pid overwritten -- Unclean shutdown of previous Apache run?
[Fri May 01 13:24:08.685074 2026] [ssl:warn] [pid 19380:tid 672] AH01909: www.example.com:443:0 server certificate does NOT include an ID which matches the server name
[Fri May 01 13:24:08.755391 2026] [mpm_winnt:notice] [pid 19380:tid 672] AH00455: Apache/2.4.25 (Win32) OpenSSL/1.0.2j PHP/5.6.30 configured -- resuming normal operations
[Fri May 01 13:24:08.755391 2026] [mpm_winnt:notice] [pid 19380:tid 672] AH00456: Apache Lounge VC11 Server built: Dec 20 2016 13:02:04
[Fri May 01 13:24:08.755391 2026] [core:notice] [pid 19380:tid 672] AH00094: Command line: 'c:\\xampp007\\apache\\bin\\httpd.exe -d C:/xampp007/apache'
[Fri May 01 13:24:08.767610 2026] [mpm_winnt:notice] [pid 19380:tid 672] AH00418: Parent: Created child process 8100
[Fri May 01 13:24:09.419853 2026] [ssl:warn] [pid 8100:tid 700] AH01909: www.example.com:443:0 server certificate does NOT include an ID which matches the server name
[Fri May 01 13:24:09.587182 2026] [ssl:warn] [pid 8100:tid 700] AH01909: www.example.com:443:0 server certificate does NOT include an ID which matches the server name
[Fri May 01 13:24:09.621657 2026] [mpm_winnt:notice] [pid 8100:tid 700] AH00354: Child: Starting 150 worker threads.
[Fri May 01 14:14:15.023857 2026] [:error] [pid 8100:tid 2036] [client ::1:62390] script 'C:/xampp007/htdocs/ALDI25550036/kategori produk.php' not found or unable to stat, referer: http://localhost/ALDI25550036/
[Fri May 01 14:14:37.028830 2026] [:error] [pid 8100:tid 2032] [client ::1:53410] script 'C:/xampp007/htdocs/ALDI25550036/kategori produk.php' not found or unable to stat, referer: http://localhost/ALDI25550036/index.php
[Fri May 01 14:14:53.888243 2026] [:error] [pid 8100:tid 2036] [client ::1:64832] script 'C:/xampp007/htdocs/ALDI25550036/kategori produk.php' not found or unable to stat, referer: http://localhost/ALDI25550036/index.php
[Fri May 01 14:14:54.964901 2026] [:error] [pid 8100:tid 2036] [client ::1:64832] script 'C:/xampp007/htdocs/ALDI25550036/kategori produk.php' not found or unable to stat, referer: http://localhost/ALDI25550036/index.php
[Fri May 01 14:14:57.351616 2026] [:error] [pid 8100:tid 2036] [client ::1:64832] script 'C:/xampp007/htdocs/ALDI25550036/kategori produk.php' not found or unable to stat, referer: http://localhost/ALDI25550036/index.php
[Fri May 01 14:15:01.159349 2026] [:error] [pid 8100:tid 2036] [client ::1:64832] script 'C:/xampp007/htdocs/ALDI25550036/kategori produk.php' not found or unable to stat, referer: http://localhost/ALDI25550036/index.php
[Fri May 01 14:15:54.367870 2026] [:error] [pid 8100:tid 2036] [client ::1:55226] script 'C:/xampp007/htdocs/ALDI25550036/kategori produk.php' not found or unable to stat, referer: http://localhost/ALDI25550036/index.php
[Fri May 01 19:48:51.105631 2026] [ssl:warn] [pid 11920:tid 672] AH01909: www.example.com:443:0 server certificate does NOT include an ID which matches the server name
[Fri May 01 19:48:51.159277 2026] [core:warn] [pid 11920:tid 672] AH00098: pid file C:/xampp007/apache/logs/httpd.pid overwritten -- Unclean shutdown of previous Apache run?
[Fri May 01 19:48:51.225033 2026] [ssl:warn] [pid 11920:tid 672] AH01909: www.example.com:443:0 server certificate does NOT include an ID which matches the server name
[Fri May 01 19:48:51.528172 2026] [mpm_winnt:notice] [pid 11920:tid 672] AH00455: Apache/2.4.25 (Win32) OpenSSL/1.0.2j PHP/5.6.30 configured -- resuming normal operations
[Fri May 01 19:48:51.528172 2026] [mpm_winnt:notice] [pid 11920:tid 672] AH00456: Apache Lounge VC11 Server built: Dec 20 2016 13:02:04
[Fri May 01 19:48:51.528172 2026] [core:notice] [pid 11920:tid 672] AH00094: Command line: 'c:\\xampp007\\apache\\bin\\httpd.exe -d C:/xampp007/apache'
[Fri May 01 19:48:51.533762 2026] [mpm_winnt:notice] [pid 11920:tid 672] AH00418: Parent: Created child process 11232
[Fri May 01 19:48:52.172751 2026] [ssl:warn] [pid 11232:tid 680] AH01909: www.example.com:443:0 server certificate does NOT include an ID which matches the server name
[Fri May 01 19:48:52.328495 2026] [ssl:warn] [pid 11232:tid 680] AH01909: www.example.com:443:0 server certificate does NOT include an ID which matches the server name
[Fri May 01 19:48:52.347585 2026] [mpm_winnt:notice] [pid 11232:tid 680] AH00354: Child: Starting 150 worker threads.
[Fri May 01 19:58:11.872371 2026] [:error] [pid 11232:tid 2040] [client ::1:52100] script 'C:/xampp007/htdocs/ALDI25550036/kategori_produk.php' not found or unable to stat, referer: http://localhost/ALDI25550036/index.php
[Fri May 01 20:06:59.593140 2026] [:error] [pid 11232:tid 2036] [client ::1:58119] script 'C:/xampp007/htdocs/ALDI25550036/laporan.php' not found or unable to stat, referer: http://localhost/ALDI25550036/kategori%20produk.php
[Fri May 01 20:09:03.793495 2026] [:error] [pid 11232:tid 2040] [client ::1:57497] script 'C:/xampp007/htdocs/ALDI25550036/laporan.php' not found or unable to stat, referer: http://localhost/ALDI25550036/kategori%20produk.php
[Fri May 01 20:18:03.092084 2026] [:error] [pid 11232:tid 2040] [client ::1:59588] script 'C:/xampp007/htdocs/ALDI25550036/data_produk.php' not found or unable to stat, referer: http://localhost/ALDI25550036/kategori%20produk.php
[Fri May 01 20:18:08.480416 2026] [:error] [pid 11232:tid 2040] [client ::1:59588] script 'C:/xampp007/htdocs/ALDI25550036/laporan.php' not found or unable to stat, referer: http://localhost/ALDI25550036/index.php
[Fri May 01 20:42:23.433533 2026] [:error] [pid 11232:tid 2036] [client ::1:51079] PHP Notice:  Undefined variable: page in C:\\xampp007\\htdocs\\ALDI25550036\\laporan.php on line 278, referer: http://localhost/ALDI25550036/kategori%20produk.php
[Fri May 01 20:42:23.435381 2026] [:error] [pid 11232:tid 2036] [client ::1:51079] PHP Notice:  Undefined variable: page in C:\\xampp007\\htdocs\\ALDI25550036\\laporan.php on line 286, referer: http://localhost/ALDI25550036/kategori%20produk.php
[Fri May 01 20:42:23.435381 2026] [:error] [pid 11232:tid 2036] [client ::1:51079] PHP Notice:  Undefined variable: page in C:\\xampp007\\htdocs\\ALDI25550036\\laporan.php on line 294, referer: http://localhost/ALDI25550036/kategori%20produk.php
[Fri May 01 20:42:23.451139 2026] [:error] [pid 11232:tid 2036] [client ::1:51079] PHP Notice:  Undefined variable: page in C:\\xampp007\\htdocs\\ALDI25550036\\laporan.php on line 302, referer: http://localhost/ALDI25550036/kategori%20produk.php
[Fri May 01 20:42:23.452506 2026] [:error] [pid 11232:tid 2036] [client ::1:51079] PHP Notice:  Undefined variable: page in C:\\xampp007\\htdocs\\ALDI25550036\\laporan.php on line 310, referer: http://localhost/ALDI25550036/kategori%20produk.php
[Fri May 01 20:44:15.092636 2026] [:error] [pid 11232:tid 2036] [client ::1:61900] PHP Notice:  Undefined variable: page in C:\\xampp007\\htdocs\\ALDI25550036\\laporan.php on line 264, referer: http://localhost/ALDI25550036/kategori%20produk.php
[Fri May 01 20:44:15.094289 2026] [:error] [pid 11232:tid 2036] [client ::1:61900] PHP Notice:  Undefined variable: page in C:\\xampp007\\htdocs\\ALDI25550036\\laporan.php on line 272, referer: http://localhost/ALDI25550036/kategori%20produk.php
[Fri May 01 20:44:15.094289 2026] [:error] [pid 11232:tid 2036] [client ::1:61900] PHP Notice:  Undefined variable: page in C:\\xampp007\\htdocs\\ALDI25550036\\laporan.php on line 280, referer: http://localhost/ALDI25550036/kategori%20produk.php
[Fri May 01 20:44:15.094289 2026] [:error] [pid 11232:tid 2036] [client ::1:61900] PHP Notice:  Undefined variable: page in C:\\xampp007\\htdocs\\ALDI25550036\\laporan.php on line 288, referer: http://localhost/ALDI25550036/kategori%20produk.php
[Fri May 01 20:44:15.096298 2026] [:error] [pid 11232:tid 2036] [client ::1:61900] PHP Notice:  Undefined variable: page in C:\\xampp007\\htdocs\\ALDI25550036\\laporan.php on line 296, referer: http://localhost/ALDI25550036/kategori%20produk.php
[Fri May 01 20:44:18.473344 2026] [:error] [pid 11232:tid 2036] [client ::1:61900] PHP Notice:  Undefined variable: page in C:\\xampp007\\htdocs\\ALDI25550036\\laporan.php on line 264, referer: http://localhost/ALDI25550036/laporan.php
[Fri May 01 20:44:18.473344 2026] [:error] [pid 11232:tid 2036] [client ::1:61900] PHP Notice:  Undefined variable: page in C:\\xampp007\\htdocs\\ALDI25550036\\laporan.php on line 272, referer: http://localhost/ALDI25550036/laporan.php
[Fri May 01 20:44:18.473344 2026] [:error] [pid 11232:tid 2036] [client ::1:61900] PHP Notice:  Undefined variable: page in C:\\xampp007\\htdocs\\ALDI25550036\\laporan.php on line 280, referer: http://localhost/ALDI25550036/laporan.php
[Fri May 01 20:44:18.487736 2026] [:error] [pid 11232:tid 2036] [client ::1:61900] PHP Notice:  Undefined variable: page in C:\\xampp007\\htdocs\\ALDI25550036\\laporan.php on line 288, referer: http://localhost/ALDI25550036/laporan.php
[Fri May 01 20:44:18.487736 2026] [:error] [pid 11232:tid 2036] [client ::1:61900] PHP Notice:  Undefined variable: page in C:\\xampp007\\htdocs\\ALDI25550036\\laporan.php on line 296, referer: http://localhost/ALDI25550036/laporan.php
[Fri May 01 20:44:23.342450 2026] [:error] [pid 11232:tid 2036] [client ::1:61900] PHP Notice:  Undefined variable: page in C:\\xampp007\\htdocs\\ALDI25550036\\laporan.php on line 264, referer: http://localhost/ALDI25550036/kategori%20produk.php
[Fri May 01 20:44:23.343941 2026] [:error] [pid 11232:tid 2036] [client ::1:61900] PHP Notice:  Undefined variable: page in C:\\xampp007\\htdocs\\ALDI25550036\\laporan.php on line 272, referer: http://localhost/ALDI25550036/kategori%20produk.php
[Fri May 01 20:44:23.345955 2026] [:error] [pid 11232:tid 2036] [client ::1:61900] PHP Notice:  Undefined variable: page in C:\\xampp007\\htdocs\\ALDI25550036\\laporan.php on line 280, referer: http://localhost/ALDI25550036/kategori%20produk.php
[Fri May 01 20:44:23.345955 2026] [:error] [pid 11232:tid 2036] [client ::1:61900] PHP Notice:  Undefined variable: page in C:\\xampp007\\htdocs\\ALDI25550036\\laporan.php on line 288, referer: http://localhost/ALDI25550036/kategori%20produk.php
[Fri May 01 20:44:23.374807 2026] [:error] [pid 11232:tid 2036] [client ::1:61900] PHP Notice:  Undefined variable: page in C:\\xampp007\\htdocs\\ALDI25550036\\laporan.php on line 296, referer: http://localhost/ALDI25550036/kategori%20produk.php
[Fri May 01 20:44:36.932036 2026] [:error] [pid 11232:tid 2036] [client ::1:59895] PHP Notice:  Undefined variable: page in C:\\xampp007\\htdocs\\ALDI25550036\\laporan.php on line 264, referer: http://localhost/ALDI25550036/kategori%20produk.php
[Fri May 01 20:44:36.932036 2026] [:error] [pid 11232:tid 2036] [client ::1:59895] PHP Notice:  Undefined variable: page in C:\\xampp007\\htdocs\\ALDI25550036\\laporan.php on line 272, referer: http://localhost/ALDI25550036/kategori%20produk.php
[Fri May 01 20:44:36.933381 2026] [:error] [pid 11232:tid 2036] [client ::1:59895] PHP Notice:  Undefined variable: page in C:\\xampp007\\htdocs\\ALDI25550036\\laporan.php on line 280, referer: http://localhost/ALDI25550036/kategori%20produk.php
[Fri May 01 20:44:36.933381 2026] [:error] [pid 11232:tid 2036] [client ::1:59895] PHP Notice:  Undefined variable: page in C:\\xampp007\\htdocs\\ALDI25550036\\laporan.php on line 288, referer: http://localhost/ALDI25550036/kategori%20produk.php
[Fri May 01 20:44:36.933381 2026] [:error] [pid 11232:tid 2036] [client ::1:59895] PHP Notice:  Undefined variable: page in C:\\xampp007\\htdocs\\ALDI25550036\\laporan.php on line 296, referer: http://localhost/ALDI25550036/kategori%20produk.php
[Fri May 01 20:45:30.658136 2026] [:error] [pid 11232:tid 2036] [client ::1:50137] PHP Notice:  Undefined variable: page in C:\\xampp007\\htdocs\\ALDI25550036\\laporan.php on line 264, referer: http://localhost/ALDI25550036/kategori%20produk.php
[Fri May 01 20:45:30.658136 2026] [:error] [pid 11232:tid 2036] [client ::1:50137] PHP Notice:  Undefined variable: page in C:\\xampp007\\htdocs\\ALDI25550036\\laporan.php on line 272, referer: http://localhost/ALDI25550036/kategori%20produk.php
[Fri May 01 20:45:30.658136 2026] [:error] [pid 11232:tid 2036] [client ::1:50137] PHP Notice:  Undefined variable: page in C:\\xampp007\\htdocs\\ALDI25550036\\laporan.php on line 280, referer: http://localhost/ALDI25550036/kategori%20produk.php
[Fri May 01 20:45:30.660215 2026] [:error] [pid 11232:tid 2036] [client ::1:50137] PHP Notice:  Undefined variable: page in C:\\xampp007\\htdocs\\ALDI25550036\\laporan.php on line 288, referer: http://localhost/ALDI25550036/kategori%20produk.php
[Fri May 01 20:45:30.660215 2026] [:error] [pid 11232:tid 2036] [client ::1:50137] PHP Notice:  Undefined variable: page in C:\\xampp007\\htdocs\\ALDI25550036\\laporan.php on line 296, referer: http://localhost/ALDI25550036/kategori%20produk.php
[Fri May 01 20:45:43.031673 2026] [:error] [pid 11232:tid 2040] [client ::1:63991] PHP Notice:  Undefined variable: page in C:\\xampp007\\htdocs\\ALDI25550036\\laporan.php on line 264, referer: http://localhost/ALDI25550036/kategori%20produk.php
[Fri May 01 20:45:43.035533 2026] [:error] [pid 11232:tid 2040] [client ::1:63991] PHP Notice:  Undefined variable: page in C:\\xampp007\\htdocs\\ALDI25550036\\laporan.php on line 272, referer: http://localhost/ALDI25550036/kategori%20produk.php
[Fri May 01 20:45:43.035533 2026] [:error] [pid 11232:tid 2040] [client ::1:63991] PHP Notice:  Undefined variable: page in C:\\xampp007\\htdocs\\ALDI25550036\\laporan.php on line 280, referer: http://localhost/ALDI25550036/kategori%20produk.php
[Fri May 01 20:45:43.037543 2026] [:error] [pid 11232:tid 2040] [client ::1:63991] PHP Notice:  Undefined variable: page in C:\\xampp007\\htdocs\\ALDI25550036\\laporan.php on line 288, referer: http://localhost/ALDI25550036/kategori%20produk.php
[Fri May 01 20:45:43.037543 2026] [:error] [pid 11232:tid 2040] [client ::1:63991] PHP Notice:  Undefined variable: page in C:\\xampp007\\htdocs\\ALDI25550036\\laporan.php on line 296, referer: http://localhost/ALDI25550036/kategori%20produk.php
[Fri May 01 20:45:50.745264 2026] [:error] [pid 11232:tid 2040] [client ::1:63991] PHP Notice:  Undefined variable: page in C:\\xampp007\\htdocs\\ALDI25550036\\laporan.php on line 264, referer: http://localhost/ALDI25550036/kategori%20produk.php
[Fri May 01 20:45:50.749023 2026] [:error] [pid 11232:tid 2040] [client ::1:63991] PHP Notice:  Undefined variable: page in C:\\xampp007\\htdocs\\ALDI25550036\\laporan.php on line 272, referer: http://localhost/ALDI25550036/kategori%20produk.php
[Fri May 01 20:45:50.776376 2026] [:error] [pid 11232:tid 2040] [client ::1:63991] PHP Notice:  Undefined variable: page in C:\\xampp007\\htdocs\\ALDI25550036\\laporan.php on line 280, referer: http://localhost/ALDI25550036/kategori%20produk.php
[Fri May 01 20:45:50.778060 2026] [:error] [pid 11232:tid 2040] [client ::1:63991] PHP Notice:  Undefined variable: page in C:\\xampp007\\htdocs\\ALDI25550036\\laporan.php on line 288, referer: http://localhost/ALDI25550036/kategori%20produk.php
[Fri May 01 20:45:50.778060 2026] [:error] [pid 11232:tid 2040] [client ::1:63991] PHP Notice:  Undefined variable: page in C:\\xampp007\\htdocs\\ALDI25550036\\laporan.php on line 296, referer: http://localhost/ALDI25550036/kategori%20produk.php
[Fri May 01 20:45:56.767328 2026] [:error] [pid 11232:tid 2036] [client ::1:56823] script 'C:/xampp007/htdocs/ALDI25550036/user.php' not found or unable to stat, referer: http://localhost/ALDI25550036/laporan.php
[Fri May 01 20:48:42.593821 2026] [:error] [pid 11232:tid 2036] [client ::1:61095] PHP Notice:  Undefined variable: page in C:\\xampp007\\htdocs\\ALDI25550036\\laporan.php on line 264, referer: http://localhost/ALDI25550036/kategori%20produk.php
[Fri May 01 20:48:42.593821 2026] [:error] [pid 11232:tid 2036] [client ::1:61095] PHP Notice:  Undefined variable: page in C:\\xampp007\\htdocs\\ALDI25550036\\laporan.php on line 272, referer: http://localhost/ALDI25550036/kategori%20produk.php
[Fri May 01 20:48:42.593821 2026] [:error] [pid 11232:tid 2036] [client ::1:61095] PHP Notice:  Undefined variable: page in C:\\xampp007\\htdocs\\ALDI25550036\\laporan.php on line 280, referer: http://localhost/ALDI25550036/kategori%20produk.php
[Fri May 01 20:48:42.593821 2026] [:error] [pid 11232:tid 2036] [client ::1:61095] PHP Notice:  Undefined variable: page in C:\\xampp007\\htdocs\\ALDI25550036\\laporan.php on line 288, referer: http://localhost/ALDI25550036/kategori%20produk.php
[Fri May 01 20:48:42.593821 2026] [:error] [pid 11232:tid 2036] [client ::1:61095] PHP Notice:  Undefined variable: page in C:\\xampp007\\htdocs\\ALDI25550036\\laporan.php on line 296, referer: http://localhost/ALDI25550036/kategori%20produk.php
[Fri May 01 20:49:30.049523 2026] [:error] [pid 11232:tid 2040] [client ::1:53767] script 'C:/xampp007/htdocs/ALDI25550036/data_produk.php' not found or unable to stat, referer: http://localhost/ALDI25550036/laporan.php
[Fri May 01 21:40:40.105444 2026] [:error] [pid 11232:tid 2036] [client ::1:51682] PHP Notice:  Undefined variable: page in C:\\xampp007\\htdocs\\ALDI25550036\\laporan.php on line 264, referer: http://localhost/ALDI25550036/kategori%20produk.php
[Fri May 01 21:40:40.105444 2026] [:error] [pid 11232:tid 2036] [client ::1:51682] PHP Notice:  Undefined variable: page in C:\\xampp007\\htdocs\\ALDI25550036\\laporan.php on line 272, referer: http://localhost/ALDI25550036/kategori%20produk.php
[Fri May 01 21:40:40.105444 2026] [:error] [pid 11232:tid 2036] [client ::1:51682] PHP Notice:  Undefined variable: page in C:\\xampp007\\htdocs\\ALDI25550036\\laporan.php on line 280, referer: http://localhost/ALDI25550036/kategori%20produk.php
[Fri May 01 21:40:40.107703 2026] [:error] [pid 11232:tid 2036] [client ::1:51682] PHP Notice:  Undefined variable: page in C:\\xampp007\\htdocs\\ALDI25550036\\laporan.php on line 288, referer: http://localhost/ALDI25550036/kategori%20produk.php
[Fri May 01 21:40:40.110013 2026] [:error] [pid 11232:tid 2036] [client ::1:51682] PHP Notice:  Undefined variable: page in C:\\xampp007\\htdocs\\ALDI25550036\\laporan.php on line 296, referer: http://localhost/ALDI25550036/kategori%20produk.php
[Fri May 01 21:40:54.917560 2026] [:error] [pid 11232:tid 2040] [client ::1:56219] script 'C:/xampp007/htdocs/ALDI25550036/data_produk.php' not found or unable to stat, referer: http://localhost/ALDI25550036/laporan.php
[Fri May 01 21:41:02.051169 2026] [:error] [pid 11232:tid 2040] [client ::1:56219] PHP Notice:  Undefined variable: page in C:\\xampp007\\htdocs\\ALDI25550036\\laporan.php on line 264, referer: http://localhost/ALDI25550036/kategori%20produk.php
[Fri May 01 21:41:02.053593 2026] [:error] [pid 11232:tid 2040] [client ::1:56219] PHP Notice:  Undefined variable: page in C:\\xampp007\\htdocs\\ALDI25550036\\laporan.php on line 272, referer: http://localhost/ALDI25550036/kategori%20produk.php
[Fri May 01 21:41:02.053593 2026] [:error] [pid 11232:tid 2040] [client ::1:56219] PHP Notice:  Undefined variable: page in C:\\xampp007\\htdocs\\ALDI25550036\\laporan.php on line 280, referer: http://localhost/ALDI25550036/kategori%20produk.php
[Fri May 01 21:41:02.054705 2026] [:error] [pid 11232:tid 2040] [client ::1:56219] PHP Notice:  Undefined variable: page in C:\\xampp007\\htdocs\\ALDI25550036\\laporan.php on line 288, referer: http://localhost/ALDI25550036/kategori%20produk.php
[Fri May 01 21:41:02.076331 2026] [:error] [pid 11232:tid 2040] [client ::1:56219] PHP Notice:  Undefined variable: page in C:\\xampp007\\htdocs\\ALDI25550036\\laporan.php on line 296, referer: http://localhost/ALDI25550036/kategori%20produk.php
[Fri May 01 21:41:03.377878 2026] [:error] [pid 11232:tid 2040] [client ::1:56219] script 'C:/xampp007/htdocs/ALDI25550036/data_produk.php' not found or unable to stat, referer: http://localhost/ALDI25550036/laporan.php
[Fri May 01 22:11:22.748095 2026] [:error] [pid 11232:tid 2036] [client ::1:50076] PHP Notice:  Undefined variable: page in C:\\xampp007\\htdocs\\ALDI25550036\\user.php on line 264, referer: http://localhost/ALDI25550036/index.php
[Fri May 01 22:11:22.748095 2026] [:error] [pid 11232:tid 2036] [client ::1:50076] PHP Notice:  Undefined variable: page in C:\\xampp007\\htdocs\\ALDI25550036\\user.php on line 272, referer: http://localhost/ALDI25550036/index.php
[Fri May 01 22:11:22.748095 2026] [:error] [pid 11232:tid 2036] [client ::1:50076] PHP Notice:  Undefined variable: page in C:\\xampp007\\htdocs\\ALDI25550036\\user.php on line 280, referer: http://localhost/ALDI25550036/index.php
[Fri May 01 22:11:22.748095 2026] [:error] [pid 11232:tid 2036] [client ::1:50076] PHP Notice:  Undefined variable: page in C:\\xampp007\\htdocs\\ALDI25550036\\user.php on line 288, referer: http://localhost/ALDI25550036/index.php
[Fri May 01 22:11:22.750103 2026] [:error] [pid 11232:tid 2036] [client ::1:50076] PHP Notice:  Undefined variable: page in C:\\xampp007\\htdocs\\ALDI25550036\\user.php on line 296, referer: http://localhost/ALDI25550036/index.php
[Fri May 01 22:11:26.752052 2026] [:error] [pid 11232:tid 2036] [client ::1:50076] script 'C:/xampp007/htdocs/ALDI25550036/data_produk.php' not found or unable to stat, referer: http://localhost/ALDI25550036/kategori%20produk.php
[Fri May 01 22:11:29.953681 2026] [:error] [pid 11232:tid 2036] [client ::1:50076] PHP Notice:  Undefined variable: page in C:\\xampp007\\htdocs\\ALDI25550036\\laporan.php on line 264, referer: http://localhost/ALDI25550036/kategori%20produk.php
[Fri May 01 22:11:29.954637 2026] [:error] [pid 11232:tid 2036] [client ::1:50076] PHP Notice:  Undefined variable: page in C:\\xampp007\\htdocs\\ALDI25550036\\laporan.php on line 272, referer: http://localhost/ALDI25550036/kategori%20produk.php
[Fri May 01 22:11:29.954637 2026] [:error] [pid 11232:tid 2036] [client ::1:50076] PHP Notice:  Undefined variable: page in C:\\xampp007\\htdocs\\ALDI25550036\\laporan.php on line 280, referer: http://localhost/ALDI25550036/kategori%20produk.php
[Fri May 01 22:11:29.954637 2026] [:error] [pid 11232:tid 2036] [client ::1:50076] PHP Notice:  Undefined variable: page in C:\\xampp007\\htdocs\\ALDI25550036\\laporan.php on line 288, referer: http://localhost/ALDI25550036/kategori%20produk.php
[Fri May 01 22:11:29.954637 2026] [:error] [pid 11232:tid 2036] [client ::1:50076] PHP Notice:  Undefined variable: page in C:\\xampp007\\htdocs\\ALDI25550036\\laporan.php on line 296, referer: http://localhost/ALDI25550036/kategori%20produk.php
[Fri May 01 22:11:31.646989 2026] [:error] [pid 11232:tid 2036] [client ::1:50076] PHP Notice:  Undefined variable: page in C:\\xampp007\\htdocs\\ALDI25550036\\user.php on line 264, referer: http://localhost/ALDI25550036/laporan.php
[Fri May 01 22:11:31.647927 2026] [:error] [pid 11232:tid 2036] [client ::1:50076] PHP Notice:  Undefined variable: page in C:\\xampp007\\htdocs\\ALDI25550036\\user.php on line 272, referer: http://localhost/ALDI25550036/laporan.php
[Fri May 01 22:11:31.647927 2026] [:error] [pid 11232:tid 2036] [client ::1:50076] PHP Notice:  Undefined variable: page in C:\\xampp007\\htdocs\\ALDI25550036\\user.php on line 280, referer: http://localhost/ALDI25550036/laporan.php
[Fri May 01 22:11:31.652058 2026] [:error] [pid 11232:tid 2036] [client ::1:50076] PHP Notice:  Undefined variable: page in C:\\xampp007\\htdocs\\ALDI25550036\\user.php on line 288, referer: http://localhost/ALDI25550036/laporan.php
[Fri May 01 22:11:31.668468 2026] [:error] [pid 11232:tid 2036] [client ::1:50076] PHP Notice:  Undefined variable: page in C:\\xampp007\\htdocs\\ALDI25550036\\user.php on line 296, referer: http://localhost/ALDI25550036/laporan.php
[Fri May 01 22:12:33.390797 2026] [:error] [pid 11232:tid 2036] [client ::1:53821] PHP Notice:  Undefined variable: page in C:\\xampp007\\htdocs\\ALDI25550036\\laporan.php on line 264, referer: http://localhost/ALDI25550036/user.php
[Fri May 01 22:12:33.392859 2026] [:error] [pid 11232:tid 2036] [client ::1:53821] PHP Notice:  Undefined variable: page in C:\\xampp007\\htdocs\\ALDI25550036\\laporan.php on line 272, referer: http://localhost/ALDI25550036/user.php
[Fri May 01 22:12:33.392859 2026] [:error] [pid 11232:tid 2036] [client ::1:53821] PHP Notice:  Undefined variable: page in C:\\xampp007\\htdocs\\ALDI25550036\\laporan.php on line 280, referer: http://localhost/ALDI25550036/user.php
[Fri May 01 22:12:33.393394 2026] [:error] [pid 11232:tid 2036] [client ::1:53821] PHP Notice:  Undefined variable: page in C:\\xampp007\\htdocs\\ALDI25550036\\laporan.php on line 288, referer: http://localhost/ALDI25550036/user.php
[Fri May 01 22:12:33.393902 2026] [:error] [pid 11232:tid 2036] [client ::1:53821] PHP Notice:  Undefined variable: page in C:\\xampp007\\htdocs\\ALDI25550036\\laporan.php on line 296, referer: http://localhost/ALDI25550036/user.php
[Fri May 01 22:16:36.394244 2026] [:error] [pid 11232:tid 2036] [client ::1:60160] script 'C:/xampp007/htdocs/ALDI25550036/data_produk.php' not found or unable to stat, referer: http://localhost/ALDI25550036/user.php
[Mon May 04 08:34:18.423922 2026] [ssl:warn] [pid 22880:tid 688] AH01909: www.example.com:443:0 server certificate does NOT include an ID which matches the server name
[Mon May 04 08:34:18.485897 2026] [core:warn] [pid 22880:tid 688] AH00098: pid file C:/xampp007/apache/logs/httpd.pid overwritten -- Unclean shutdown of previous Apache run?
[Mon May 04 08:34:18.568432 2026] [ssl:warn] [pid 22880:tid 688] AH01909: www.example.com:443:0 server certificate does NOT include an ID which matches the server name
[Mon May 04 08:34:18.917452 2026] [mpm_winnt:notice] [pid 22880:tid 688] AH00455: Apache/2.4.25 (Win32) OpenSSL/1.0.2j PHP/5.6.30 configured -- resuming normal operations
[Mon May 04 08:34:18.917452 2026] [mpm_winnt:notice] [pid 22880:tid 688] AH00456: Apache Lounge VC11 Server built: Dec 20 2016 13:02:04
[Mon May 04 08:34:18.917452 2026] [core:notice] [pid 22880:tid 688] AH00094: Command line: 'c:\\xampp007\\apache\\bin\\httpd.exe -d C:/xampp007/apache'
[Mon May 04 08:34:18.926275 2026] [mpm_winnt:notice] [pid 22880:tid 688] AH00418: Parent: Created child process 17068
[Mon May 04 08:34:19.614797 2026] [ssl:warn] [pid 17068:tid 736] AH01909: www.example.com:443:0 server certificate does NOT include an ID which matches the server name
[Mon May 04 08:34:19.764971 2026] [ssl:warn] [pid 17068:tid 736] AH01909: www.example.com:443:0 server certificate does NOT include an ID which matches the server name
[Mon May 04 08:34:19.800256 2026] [mpm_winnt:notice] [pid 17068:tid 736] AH00354: Child: Starting 150 worker threads.
[Mon May 04 08:34:52.064129 2026] [:error] [pid 17068:tid 1988] [client ::1:55775] script 'C:/xampp007/htdocs/ALDI25550036/data_produk.php' not found or unable to stat, referer: http://localhost/ALDI25550036/
[Mon May 04 08:39:50.654694 2026] [:error] [pid 17068:tid 1988] [client ::1:53448] script 'C:/xampp007/htdocs/ALDI25550036/data_produk.php' not found or unable to stat, referer: http://localhost/ALDI25550036/user.php
[Mon May 04 09:47:20.078561 2026] [ssl:warn] [pid 16976:tid 712] AH01909: www.example.com:443:0 server certificate does NOT include an ID which matches the server name
[Mon May 04 09:47:20.126264 2026] [core:warn] [pid 16976:tid 712] AH00098: pid file C:/xampp007/apache/logs/httpd.pid overwritten -- Unclean shutdown of previous Apache run?
[Mon May 04 09:47:20.188970 2026] [ssl:warn] [pid 16976:tid 712] AH01909: www.example.com:443:0 server certificate does NOT include an ID which matches the server name
[Mon May 04 09:47:20.268749 2026] [mpm_winnt:notice] [pid 16976:tid 712] AH00455: Apache/2.4.25 (Win32) OpenSSL/1.0.2j PHP/5.6.30 configured -- resuming normal operations
[Mon May 04 09:47:20.268749 2026] [mpm_winnt:notice] [pid 16976:tid 712] AH00456: Apache Lounge VC11 Server built: Dec 20 2016 13:02:04
[Mon May 04 09:47:20.268749 2026] [core:notice] [pid 16976:tid 712] AH00094: Command line: 'c:\\xampp007\\apache\\bin\\httpd.exe -d C:/xampp007/apache'
[Mon May 04 09:47:20.279840 2026] [mpm_winnt:notice] [pid 16976:tid 712] AH00418: Parent: Created child process 14748
[Mon May 04 09:47:20.759760 2026] [ssl:warn] [pid 14748:tid 704] AH01909: www.example.com:443:0 server certificate does NOT include an ID which matches the server name
[Mon May 04 09:47:20.867491 2026] [ssl:warn] [pid 14748:tid 704] AH01909: www.example.com:443:0 server certificate does NOT include an ID which matches the server name
[Mon May 04 09:47:20.889161 2026] [mpm_winnt:notice] [pid 14748:tid 704] AH00354: Child: Starting 150 worker threads.
[Mon May 04 09:50:06.520546 2026] [:error] [pid 14748:tid 2020] [client ::1:57748] script 'C:/xampp007/htdocs/ALDI25550036/data_produk.php' not found or unable to stat, referer: http://localhost/ALDI25550036/kategori%20produk.php
[Mon May 04 09:50:08.648863 2026] [:error] [pid 14748:tid 2020] [client ::1:57748] script 'C:/xampp007/htdocs/ALDI25550036/data_produk.php' not found or unable to stat, referer: http://localhost/ALDI25550036/kategori%20produk.php
[Mon May 04 09:50:12.882199 2026] [:error] [pid 14748:tid 2020] [client ::1:57748] script 'C:/xampp007/htdocs/ALDI25550036/data_produk.php' not found or unable to stat, referer: http://localhost/ALDI25550036/kategori%20produk.php
[Mon May 04 09:50:36.599382 2026] [:error] [pid 14748:tid 2036] [client ::1:52369] PHP Notice:  Undefined variable: page in C:\\xampp007\\htdocs\\ALDI25550036\\data_produk.php on line 264, referer: http://localhost/ALDI25550036/kategori%20produk.php
[Mon May 04 09:50:36.599382 2026] [:error] [pid 14748:tid 2036] [client ::1:52369] PHP Notice:  Undefined variable: page in C:\\xampp007\\htdocs\\ALDI25550036\\data_produk.php on line 272, referer: http://localhost/ALDI25550036/kategori%20produk.php
[Mon May 04 09:50:36.599382 2026] [:error] [pid 14748:tid 2036] [client ::1:52369] PHP Notice:  Undefined variable: page in C:\\xampp007\\htdocs\\ALDI25550036\\data_produk.php on line 280, referer: http://localhost/ALDI25550036/kategori%20produk.php
[Mon May 04 09:50:36.605196 2026] [:error] [pid 14748:tid 2036] [client ::1:52369] PHP Notice:  Undefined variable: page in C:\\xampp007\\htdocs\\ALDI25550036\\data_produk.php on line 288, referer: http://localhost/ALDI25550036/kategori%20produk.php
[Mon May 04 09:50:36.605196 2026] [:error] [pid 14748:tid 2036] [client ::1:52369] PHP Notice:  Undefined variable: page in C:\\xampp007\\htdocs\\ALDI25550036\\data_produk.php on line 296, referer: http://localhost/ALDI25550036/kategori%20produk.php
[Mon May 04 09:50:38.375765 2026] [:error] [pid 14748:tid 2036] [client ::1:52369] PHP Notice:  Undefined variable: page in C:\\xampp007\\htdocs\\ALDI25550036\\data_produk.php on line 264, referer: http://localhost/ALDI25550036/data_produk.php
[Mon May 04 09:50:38.376380 2026] [:error] [pid 14748:tid 2036] [client ::1:52369] PHP Notice:  Undefined variable: page in C:\\xampp007\\htdocs\\ALDI25550036\\data_produk.php on line 272, referer: http://localhost/ALDI25550036/data_produk.php
[Mon May 04 09:50:38.376380 2026] [:error] [pid 14748:tid 2036] [client ::1:52369] PHP Notice:  Undefined variable: page in C:\\xampp007\\htdocs\\ALDI25550036\\data_produk.php on line 280, referer: http://localhost/ALDI25550036/data_produk.php
[Mon May 04 09:50:38.381552 2026] [:error] [pid 14748:tid 2036] [client ::1:52369] PHP Notice:  Undefined variable: page in C:\\xampp007\\htdocs\\ALDI25550036\\data_produk.php on line 288, referer: http://localhost/ALDI25550036/data_produk.php
[Mon May 04 09:50:38.383604 2026] [:error] [pid 14748:tid 2036] [client ::1:52369] PHP Notice:  Undefined variable: page in C:\\xampp007\\htdocs\\ALDI25550036\\data_produk.php on line 296, referer: http://localhost/ALDI25550036/data_produk.php
[Mon May 04 09:50:48.094625 2026] [:error] [pid 14748:tid 2036] [client ::1:52369] PHP Notice:  Undefined variable: page in C:\\xampp007\\htdocs\\ALDI25550036\\data_produk.php on line 264, referer: http://localhost/ALDI25550036/kategori%20produk.php
[Mon May 04 09:50:48.094625 2026] [:error] [pid 14748:tid 2036] [client ::1:52369] PHP Notice:  Undefined variable: page in C:\\xampp007\\htdocs\\ALDI25550036\\data_produk.php on line 272, referer: http://localhost/ALDI25550036/kategori%20produk.php
[Mon May 04 09:50:48.095253 2026] [:error] [pid 14748:tid 2036] [client ::1:52369] PHP Notice:  Undefined variable: page in C:\\xampp007\\htdocs\\ALDI25550036\\data_produk.php on line 280, referer: http://localhost/ALDI25550036/kategori%20produk.php
[Mon May 04 09:50:48.095883 2026] [:error] [pid 14748:tid 2036] [client ::1:52369] PHP Notice:  Undefined variable: page in C:\\xampp007\\htdocs\\ALDI25550036\\data_produk.php on line 288, referer: http://localhost/ALDI25550036/kategori%20produk.php
[Mon May 04 09:50:48.096392 2026] [:error] [pid 14748:tid 2036] [client ::1:52369] PHP Notice:  Undefined variable: page in C:\\xampp007\\htdocs\\ALDI25550036\\data_produk.php on line 296, referer: http://localhost/ALDI25550036/kategori%20produk.php
[Mon May 04 09:51:08.469970 2026] [:error] [pid 14748:tid 2020] [client ::1:58560] PHP Notice:  Undefined variable: page in C:\\xampp007\\htdocs\\ALDI25550036\\data_produk.php on line 264, referer: http://localhost/ALDI25550036/kategori%20produk.php
[Mon May 04 09:51:08.469970 2026] [:error] [pid 14748:tid 2020] [client ::1:58560] PHP Notice:  Undefined variable: page in C:\\xampp007\\htdocs\\ALDI25550036\\data_produk.php on line 272, referer: http://localhost/ALDI25550036/kategori%20produk.php
[Mon May 04 09:51:08.469970 2026] [:error] [pid 14748:tid 2020] [client ::1:58560] PHP Notice:  Undefined variable: page in C:\\xampp007\\htdocs\\ALDI25550036\\data_produk.php on line 280, referer: http://localhost/ALDI25550036/kategori%20produk.php
[Mon May 04 09:51:08.469970 2026] [:error] [pid 14748:tid 2020] [client ::1:58560] PHP Notice:  Undefined variable: page in C:\\xampp007\\htdocs\\ALDI25550036\\data_produk.php on line 288, referer: http://localhost/ALDI25550036/kategori%20produk.php
[Mon May 04 09:51:08.475315 2026] [:error] [pid 14748:tid 2020] [client ::1:58560] PHP Notice:  Undefined variable: page in C:\\xampp007\\htdocs\\ALDI25550036\\data_produk.php on line 296, referer: http://localhost/ALDI25550036/kategori%20produk.php
[Mon May 04 09:53:02.840660 2026] [:error] [pid 14748:tid 2020] [client ::1:54761] PHP Notice:  Undefined variable: page in C:\\xampp007\\htdocs\\ALDI25550036\\data_produk.php on line 264, referer: http://localhost/ALDI25550036/kategori%20produk.php
[Mon May 04 09:53:02.840660 2026] [:error] [pid 14748:tid 2020] [client ::1:54761] PHP Notice:  Undefined variable: page in C:\\xampp007\\htdocs\\ALDI25550036\\data_produk.php on line 272, referer: http://localhost/ALDI25550036/kategori%20produk.php
[Mon May 04 09:53:02.842722 2026] [:error] [pid 14748:tid 2020] [client ::1:54761] PHP Notice:  Undefined variable: page in C:\\xampp007\\htdocs\\ALDI25550036\\data_produk.php on line 280, referer: http://localhost/ALDI25550036/kategori%20produk.php
[Mon May 04 09:53:02.846479 2026] [:error] [pid 14748:tid 2020] [client ::1:54761] PHP Notice:  Undefined variable: page in C:\\xampp007\\htdocs\\ALDI25550036\\data_produk.php on line 288, referer: http://localhost/ALDI25550036/kategori%20produk.php
[Mon May 04 09:53:02.848489 2026] [:error] [pid 14748:tid 2020] [client ::1:54761] PHP Notice:  Undefined variable: page in C:\\xampp007\\htdocs\\ALDI25550036\\data_produk.php on line 296, referer: http://localhost/ALDI25550036/kategori%20produk.php
[Mon May 04 09:54:00.089353 2026] [:error] [pid 14748:tid 2036] [client ::1:64252] PHP Notice:  Undefined variable: page in C:\\xampp007\\htdocs\\ALDI25550036\\data_produk.php on line 264, referer: http://localhost/ALDI25550036/data_produk.php
[Mon May 04 09:54:00.089353 2026] [:error] [pid 14748:tid 2036] [client ::1:64252] PHP Notice:  Undefined variable: page in C:\\xampp007\\htdocs\\ALDI25550036\\data_produk.php on line 272, referer: http://localhost/ALDI25550036/data_produk.php
[Mon May 04 09:54:00.090293 2026] [:error] [pid 14748:tid 2036] [client ::1:64252] PHP Notice:  Undefined variable: page in C:\\xampp007\\htdocs\\ALDI25550036\\data_produk.php on line 280, referer: http://localhost/ALDI25550036/data_produk.php
[Mon May 04 09:54:00.090293 2026] [:error] [pid 14748:tid 2036] [client ::1:64252] PHP Notice:  Undefined variable: page in C:\\xampp007\\htdocs\\ALDI25550036\\data_produk.php on line 288, referer: http://localhost/ALDI25550036/data_produk.php
[Mon May 04 09:54:00.128027 2026] [:error] [pid 14748:tid 2036] [client ::1:64252] PHP Notice:  Undefined variable: page in C:\\xampp007\\htdocs\\ALDI25550036\\data_produk.php on line 296, referer: http://localhost/ALDI25550036/data_produk.php
[Mon May 04 09:54:14.677518 2026] [:error] [pid 14748:tid 2020] [client ::1:54713] PHP Notice:  Undefined variable: page in C:\\xampp007\\htdocs\\ALDI25550036\\data_produk.php on line 264, referer: http://localhost/ALDI25550036/index.php
[Mon May 04 09:54:14.677518 2026] [:error] [pid 14748:tid 2020] [client ::1:54713] PHP Notice:  Undefined variable: page in C:\\xampp007\\htdocs\\ALDI25550036\\data_produk.php on line 272, referer: http://localhost/ALDI25550036/index.php
[Mon May 04 09:54:14.680909 2026] [:error] [pid 14748:tid 2020] [client ::1:54713] PHP Notice:  Undefined variable: page in C:\\xampp007\\htdocs\\ALDI25550036\\data_produk.php on line 280, referer: http://localhost/ALDI25550036/index.php
[Mon May 04 09:54:14.682917 2026] [:error] [pid 14748:tid 2020] [client ::1:54713] PHP Notice:  Undefined variable: page in C:\\xampp007\\htdocs\\ALDI25550036\\data_produk.php on line 288, referer: http://localhost/ALDI25550036/index.php
[Mon May 04 09:54:14.684230 2026] [:error] [pid 14748:tid 2020] [client ::1:54713] PHP Notice:  Undefined variable: page in C:\\xampp007\\htdocs\\ALDI25550036\\data_produk.php on line 296, referer: http://localhost/ALDI25550036/index.php
[Mon May 04 09:54:25.113702 2026] [:error] [pid 14748:tid 2020] [client ::1:54713] PHP Notice:  Undefined variable: page in C:\\xampp007\\htdocs\\ALDI25550036\\data_produk.php on line 264, referer: http://localhost/ALDI25550036/kategori%20produk.php
[Mon May 04 09:54:25.113702 2026] [:error] [pid 14748:tid 2020] [client ::1:54713] PHP Notice:  Undefined variable: page in C:\\xampp007\\htdocs\\ALDI25550036\\data_produk.php on line 272, referer: http://localhost/ALDI25550036/kategori%20produk.php
[Mon May 04 09:54:25.113702 2026] [:error] [pid 14748:tid 2020] [client ::1:54713] PHP Notice:  Undefined variable: page in C:\\xampp007\\htdocs\\ALDI25550036\\data_produk.php on line 280, referer: http://localhost/ALDI25550036/kategori%20produk.php
[Mon May 04 09:54:25.115495 2026] [:error] [pid 14748:tid 2020] [client ::1:54713] PHP Notice:  Undefined variable: page in C:\\xampp007\\htdocs\\ALDI25550036\\data_produk.php on line 288, referer: http://localhost/ALDI25550036/kategori%20produk.php
[Mon May 04 09:54:25.116141 2026] [:error] [pid 14748:tid 2020] [client ::1:54713] PHP Notice:  Undefined variable: page in C:\\xampp007\\htdocs\\ALDI25550036\\data_produk.php on line 296, referer: http://localhost/ALDI25550036/kategori%20produk.php
[Mon May 04 09:54:27.589181 2026] [:error] [pid 14748:tid 2020] [client ::1:54713] PHP Notice:  Undefined variable: page in C:\\xampp007\\htdocs\\ALDI25550036\\data_produk.php on line 264, referer: http://localhost/ALDI25550036/kategori%20produk.php
[Mon May 04 09:54:27.596818 2026] [:error] [pid 14748:tid 2020] [client ::1:54713] PHP Notice:  Undefined variable: page in C:\\xampp007\\htdocs\\ALDI25550036\\data_produk.php on line 272, referer: http://localhost/ALDI25550036/kategori%20produk.php
[Mon May 04 09:54:27.603228 2026] [:error] [pid 14748:tid 2020] [client ::1:54713] PHP Notice:  Undefined variable: page in C:\\xampp007\\htdocs\\ALDI25550036\\data_produk.php on line 280, referer: http://localhost/ALDI25550036/kategori%20produk.php
[Mon May 04 09:54:27.632814 2026] [:error] [pid 14748:tid 2020] [client ::1:54713] PHP Notice:  Undefined variable: page in C:\\xampp007\\htdocs\\ALDI25550036\\data_produk.php on line 288, referer: http://localhost/ALDI25550036/kategori%20produk.php
[Mon May 04 09:54:27.632814 2026] [:error] [pid 14748:tid 2020] [client ::1:54713] PHP Notice:  Undefined variable: page in C:\\xampp007\\htdocs\\ALDI25550036\\data_produk.php on line 296, referer: http://localhost/ALDI25550036/kategori%20produk.php
[Mon May 04 09:54:52.343576 2026] [:error] [pid 14748:tid 2036] [client ::1:60673] PHP Notice:  Undefined variable: page in C:\\xampp007\\htdocs\\ALDI25550036\\data_produk.php on line 264, referer: http://localhost/ALDI25550036/laporan.php
[Mon May 04 09:54:52.347362 2026] [:error] [pid 14748:tid 2036] [client ::1:60673] PHP Notice:  Undefined variable: page in C:\\xampp007\\htdocs\\ALDI25550036\\data_produk.php on line 272, referer: http://localhost/ALDI25550036/laporan.php
[Mon May 04 09:54:52.347362 2026] [:error] [pid 14748:tid 2036] [client ::1:60673] PHP Notice:  Undefined variable: page in C:\\xampp007\\htdocs\\ALDI25550036\\data_produk.php on line 280, referer: http://localhost/ALDI25550036/laporan.php
[Mon May 04 09:54:52.347362 2026] [:error] [pid 14748:tid 2036] [client ::1:60673] PHP Notice:  Undefined variable: page in C:\\xampp007\\htdocs\\ALDI25550036\\data_produk.php on line 288, referer: http://localhost/ALDI25550036/laporan.php
[Mon May 04 09:54:52.347362 2026] [:error] [pid 14748:tid 2036] [client ::1:60673] PHP Notice:  Undefined variable: page in C:\\xampp007\\htdocs\\ALDI25550036\\data_produk.php on line 296, referer: http://localhost/ALDI25550036/laporan.php
[Mon May 04 09:54:56.543071 2026] [:error] [pid 14748:tid 2036] [client ::1:60673] PHP Notice:  Undefined variable: page in C:\\xampp007\\htdocs\\ALDI25550036\\data_produk.php on line 264, referer: http://localhost/ALDI25550036/laporan.php
[Mon May 04 09:54:56.543071 2026] [:error] [pid 14748:tid 2036] [client ::1:60673] PHP Notice:  Undefined variable: page in C:\\xampp007\\htdocs\\ALDI25550036\\data_produk.php on line 272, referer: http://localhost/ALDI25550036/laporan.php
[Mon May 04 09:54:56.543071 2026] [:error] [pid 14748:tid 2036] [client ::1:60673] PHP Notice:  Undefined variable: page in C:\\xampp007\\htdocs\\ALDI25550036\\data_produk.php on line 280, referer: http://localhost/ALDI25550036/laporan.php
[Mon May 04 09:54:56.543071 2026] [:error] [pid 14748:tid 2036] [client ::1:60673] PHP Notice:  Undefined variable: page in C:\\xampp007\\htdocs\\ALDI25550036\\data_produk.php on line 288, referer: http://localhost/ALDI25550036/laporan.php
[Mon May 04 09:54:56.543071 2026] [:error] [pid 14748:tid 2036] [client ::1:60673] PHP Notice:  Undefined variable: page in C:\\xampp007\\htdocs\\ALDI25550036\\data_produk.php on line 296, referer: http://localhost/ALDI25550036/laporan.php
[Mon May 04 10:03:21.748381 2026] [:error] [pid 14748:tid 2036] [client ::1:54617] PHP Notice:  Undefined variable: page in C:\\xampp007\\htdocs\\ALDI25550036\\data_produk.php on line 264, referer: http://localhost/ALDI25550036/kategori%20produk.php
[Mon May 04 10:03:21.748381 2026] [:error] [pid 14748:tid 2036] [client ::1:54617] PHP Notice:  Undefined variable: page in C:\\xampp007\\htdocs\\ALDI25550036\\data_produk.php on line 272, referer: http://localhost/ALDI25550036/kategori%20produk.php
[Mon May 04 10:03:21.748381 2026] [:error] [pid 14748:tid 2036] [client ::1:54617] PHP Notice:  Undefined variable: page in C:\\xampp007\\htdocs\\ALDI25550036\\data_produk.php on line 280, referer: http://localhost/ALDI25550036/kategori%20produk.php
[Mon May 04 10:03:21.750392 2026] [:error] [pid 14748:tid 2036] [client ::1:54617] PHP Notice:  Undefined variable: page in C:\\xampp007\\htdocs\\ALDI25550036\\data_produk.php on line 288, referer: http://localhost/ALDI25550036/kategori%20produk.php
[Mon May 04 10:03:21.750392 2026] [:error] [pid 14748:tid 2036] [client ::1:54617] PHP Notice:  Undefined variable: page in C:\\xampp007\\htdocs\\ALDI25550036\\data_produk.php on line 296, referer: http://localhost/ALDI25550036/kategori%20produk.php
[Mon May 04 10:03:39.949283 2026] [:error] [pid 14748:tid 2036] [client ::1:59667] PHP Notice:  Undefined variable: page in C:\\xampp007\\htdocs\\ALDI25550036\\data_produk.php on line 264, referer: http://localhost/ALDI25550036/index.php
[Mon May 04 10:03:39.951291 2026] [:error] [pid 14748:tid 2036] [client ::1:59667] PHP Notice:  Undefined variable: page in C:\\xampp007\\htdocs\\ALDI25550036\\data_produk.php on line 272, referer: http://localhost/ALDI25550036/index.php
[Mon May 04 10:03:39.951291 2026] [:error] [pid 14748:tid 2036] [client ::1:59667] PHP Notice:  Undefined variable: page in C:\\xampp007\\htdocs\\ALDI25550036\\data_produk.php on line 280, referer: http://localhost/ALDI25550036/index.php
[Mon May 04 10:03:39.951291 2026] [:error] [pid 14748:tid 2036] [client ::1:59667] PHP Notice:  Undefined variable: page in C:\\xampp007\\htdocs\\ALDI25550036\\data_produk.php on line 288, referer: http://localhost/ALDI25550036/index.php
[Mon May 04 10:03:39.951291 2026] [:error] [pid 14748:tid 2036] [client ::1:59667] PHP Notice:  Undefined variable: page in C:\\xampp007\\htdocs\\ALDI25550036\\data_produk.php on line 296, referer: http://localhost/ALDI25550036/index.php
[Mon May 04 10:04:15.016219 2026] [:error] [pid 14748:tid 2020] [client ::1:49671] PHP Notice:  Undefined variable: page in C:\\xampp007\\htdocs\\ALDI25550036\\data_produk.php on line 264, referer: http://localhost/ALDI25550036/index.php
[Mon May 04 10:04:15.018230 2026] [:error] [pid 14748:tid 2020] [client ::1:49671] PHP Notice:  Undefined variable: page in C:\\xampp007\\htdocs\\ALDI25550036\\data_produk.php on line 272, referer: http://localhost/ALDI25550036/index.php
[Mon May 04 10:04:15.018230 2026] [:error] [pid 14748:tid 2020] [client ::1:49671] PHP Notice:  Undefined variable: page in C:\\xampp007\\htdocs\\ALDI25550036\\data_produk.php on line 280, referer: http://localhost/ALDI25550036/index.php
[Mon May 04 10:04:15.019133 2026] [:error] [pid 14748:tid 2020] [client ::1:49671] PHP Notice:  Undefined variable: page in C:\\xampp007\\htdocs\\ALDI25550036\\data_produk.php on line 288, referer: http://localhost/ALDI25550036/index.php
[Mon May 04 10:04:15.019133 2026] [:error] [pid 14748:tid 2020] [client ::1:49671] PHP Notice:  Undefined variable: page in C:\\xampp007\\htdocs\\ALDI25550036\\data_produk.php on line 296, referer: http://localhost/ALDI25550036/index.php
[Mon May 04 10:05:09.370173 2026] [:error] [pid 14748:tid 2036] [client ::1:62117] PHP Notice:  Undefined variable: page in C:\\xampp007\\htdocs\\ALDI25550036\\data_produk.php on line 264, referer: http://localhost/ALDI25550036/index.php
[Mon May 04 10:05:09.370173 2026] [:error] [pid 14748:tid 2036] [client ::1:62117] PHP Notice:  Undefined variable: page in C:\\xampp007\\htdocs\\ALDI25550036\\data_produk.php on line 272, referer: http://localhost/ALDI25550036/index.php
[Mon May 04 10:05:09.370173 2026] [:error] [pid 14748:tid 2036] [client ::1:62117] PHP Notice:  Undefined variable: page in C:\\xampp007\\htdocs\\ALDI25550036\\data_produk.php on line 280, referer: http://localhost/ALDI25550036/index.php
[Mon May 04 10:05:09.370173 2026] [:error] [pid 14748:tid 2036] [client ::1:62117] PHP Notice:  Undefined variable: page in C:\\xampp007\\htdocs\\ALDI25550036\\data_produk.php on line 288, referer: http://localhost/ALDI25550036/index.php
[Mon May 04 10:05:09.370173 2026] [:error] [pid 14748:tid 2036] [client ::1:62117] PHP Notice:  Undefined variable: page in C:\\xampp007\\htdocs\\ALDI25550036\\data_produk.php on line 296, referer: http://localhost/ALDI25550036/index.php
[Mon May 04 10:05:44.068061 2026] [:error] [pid 14748:tid 2020] [client ::1:58502] PHP Notice:  Undefined variable: page in C:\\xampp007\\htdocs\\ALDI25550036\\data_produk.php on line 264, referer: http://localhost/ALDI25550036/index.php
[Mon May 04 10:05:44.070752 2026] [:error] [pid 14748:tid 2020] [client ::1:58502] PHP Notice:  Undefined variable: page in C:\\xampp007\\htdocs\\ALDI25550036\\data_produk.php on line 272, referer: http://localhost/ALDI25550036/index.php
[Mon May 04 10:05:44.070752 2026] [:error] [pid 14748:tid 2020] [client ::1:58502] PHP Notice:  Undefined variable: page in C:\\xampp007\\htdocs\\ALDI25550036\\data_produk.php on line 280, referer: http://localhost/ALDI25550036/index.php
[Mon May 04 10:05:44.070752 2026] [:error] [pid 14748:tid 2020] [client ::1:58502] PHP Notice:  Undefined variable: page in C:\\xampp007\\htdocs\\ALDI25550036\\data_produk.php on line 288, referer: http://localhost/ALDI25550036/index.php
[Mon May 04 10:05:44.072768 2026] [:error] [pid 14748:tid 2020] [client ::1:58502] PHP Notice:  Undefined variable: page in C:\\xampp007\\htdocs\\ALDI25550036\\data_produk.php on line 296, referer: http://localhost/ALDI25550036/index.php
[Mon May 04 10:06:38.914019 2026] [:error] [pid 14748:tid 2020] [client ::1:64513] PHP Notice:  Undefined variable: page in C:\\xampp007\\htdocs\\ALDI25550036\\data_produk.php on line 264, referer: http://localhost/ALDI25550036/kategori%20produk.php
[Mon May 04 10:06:38.934524 2026] [:error] [pid 14748:tid 2020] [client ::1:64513] PHP Notice:  Undefined variable: page in C:\\xampp007\\htdocs\\ALDI25550036\\data_produk.php on line 272, referer: http://localhost/ALDI25550036/kategori%20produk.php
[Mon May 04 10:06:38.935571 2026] [:error] [pid 14748:tid 2020] [client ::1:64513] PHP Notice:  Undefined variable: page in C:\\xampp007\\htdocs\\ALDI25550036\\data_produk.php on line 280, referer: http://localhost/ALDI25550036/kategori%20produk.php
[Mon May 04 10:06:38.935571 2026] [:error] [pid 14748:tid 2020] [client ::1:64513] PHP Notice:  Undefined variable: page in C:\\xampp007\\htdocs\\ALDI25550036\\data_produk.php on line 288, referer: http://localhost/ALDI25550036/kategori%20produk.php
[Mon May 04 10:06:38.935571 2026] [:error] [pid 14748:tid 2020] [client ::1:64513] PHP Notice:  Undefined variable: page in C:\\xampp007\\htdocs\\ALDI25550036\\data_produk.php on line 296, referer: http://localhost/ALDI25550036/kategori%20produk.php
[Mon May 04 12:38:58.713729 2026] [ssl:warn] [pid 9224:tid 672] AH01909: www.example.com:443:0 server certificate does NOT include an ID which matches the server name
[Mon May 04 12:38:58.766649 2026] [core:warn] [pid 9224:tid 672] AH00098: pid file C:/xampp007/apache/logs/httpd.pid overwritten -- Unclean shutdown of previous Apache run?
[Mon May 04 12:38:58.841788 2026] [ssl:warn] [pid 9224:tid 672] AH01909: www.example.com:443:0 server certificate does NOT include an ID which matches the server name
[Mon May 04 12:38:58.891394 2026] [mpm_winnt:notice] [pid 9224:tid 672] AH00455: Apache/2.4.25 (Win32) OpenSSL/1.0.2j PHP/5.6.30 configured -- resuming normal operations
[Mon May 04 12:38:58.891394 2026] [mpm_winnt:notice] [pid 9224:tid 672] AH00456: Apache Lounge VC11 Server built: Dec 20 2016 13:02:04
[Mon May 04 12:38:58.891394 2026] [core:notice] [pid 9224:tid 672] AH00094: Command line: 'c:\\xampp007\\apache\\bin\\httpd.exe -d C:/xampp007/apache'
[Mon May 04 12:38:58.915059 2026] [mpm_winnt:notice] [pid 9224:tid 672] AH00418: Parent: Created child process 15456
[Mon May 04 12:38:59.593147 2026] [ssl:warn] [pid 15456:tid 692] AH01909: www.example.com:443:0 server certificate does NOT include an ID which matches the server name
[Mon May 04 12:38:59.728239 2026] [ssl:warn] [pid 15456:tid 692] AH01909: www.example.com:443:0 server certificate does NOT include an ID which matches the server name
[Mon May 04 12:38:59.775716 2026] [mpm_winnt:notice] [pid 15456:tid 692] AH00354: Child: Starting 150 worker threads.
[Mon May 04 12:39:20.953780 2026] [:error] [pid 15456:tid 2040] [client ::1:50071] PHP Notice:  Undefined variable: page in C:\\xampp007\\htdocs\\ALDI25550036\\data_produk.php on line 264, referer: http://localhost/ALDI25550036/
[Mon May 04 12:39:20.953780 2026] [:error] [pid 15456:tid 2040] [client ::1:50071] PHP Notice:  Undefined variable: page in C:\\xampp007\\htdocs\\ALDI25550036\\data_produk.php on line 272, referer: http://localhost/ALDI25550036/
[Mon May 04 12:39:20.953780 2026] [:error] [pid 15456:tid 2040] [client ::1:50071] PHP Notice:  Undefined variable: page in C:\\xampp007\\htdocs\\ALDI25550036\\data_produk.php on line 280, referer: http://localhost/ALDI25550036/
[Mon May 04 12:39:20.957117 2026] [:error] [pid 15456:tid 2040] [client ::1:50071] PHP Notice:  Undefined variable: page in C:\\xampp007\\htdocs\\ALDI25550036\\data_produk.php on line 288, referer: http://localhost/ALDI25550036/
[Mon May 04 12:39:20.958774 2026] [:error] [pid 15456:tid 2040] [client ::1:50071] PHP Notice:  Undefined variable: page in C:\\xampp007\\htdocs\\ALDI25550036\\data_produk.php on line 296, referer: http://localhost/ALDI25550036/
[Mon May 04 12:39:26.583064 2026] [:error] [pid 15456:tid 2040] [client ::1:50071] PHP Notice:  Undefined variable: page in C:\\xampp007\\htdocs\\ALDI25550036\\data_produk.php on line 264, referer: http://localhost/ALDI25550036/user.php
[Mon May 04 12:39:26.603249 2026] [:error] [pid 15456:tid 2040] [client ::1:50071] PHP Notice:  Undefined variable: page in C:\\xampp007\\htdocs\\ALDI25550036\\data_produk.php on line 272, referer: http://localhost/ALDI25550036/user.php
[Mon May 04 12:39:26.603249 2026] [:error] [pid 15456:tid 2040] [client ::1:50071] PHP Notice:  Undefined variable: page in C:\\xampp007\\htdocs\\ALDI25550036\\data_produk.php on line 280, referer: http://localhost/ALDI25550036/user.php
[Mon May 04 12:39:26.603249 2026] [:error] [pid 15456:tid 2040] [client ::1:50071] PHP Notice:  Undefined variable: page in C:\\xampp007\\htdocs\\ALDI25550036\\data_produk.php on line 288, referer: http://localhost/ALDI25550036/user.php
[Mon May 04 12:39:26.603249 2026] [:error] [pid 15456:tid 2040] [client ::1:50071] PHP Notice:  Undefined variable: page in C:\\xampp007\\htdocs\\ALDI25550036\\data_produk.php on line 296, referer: http://localhost/ALDI25550036/user.php
[Mon May 04 12:40:43.459616 2026] [:error] [pid 15456:tid 2036] [client ::1:63050] PHP Notice:  Undefined variable: page in C:\\xampp007\\htdocs\\ALDI25550036\\data_produk.php on line 264, referer: http://localhost/ALDI25550036/user.php
[Mon May 04 12:40:43.459616 2026] [:error] [pid 15456:tid 2036] [client ::1:63050] PHP Notice:  Undefined variable: page in C:\\xampp007\\htdocs\\ALDI25550036\\data_produk.php on line 272, referer: http://localhost/ALDI25550036/user.php
[Mon May 04 12:40:43.459616 2026] [:error] [pid 15456:tid 2036] [client ::1:63050] PHP Notice:  Undefined variable: page in C:\\xampp007\\htdocs\\ALDI25550036\\data_produk.php on line 280, referer: http://localhost/ALDI25550036/user.php
[Mon May 04 12:40:43.459616 2026] [:error] [pid 15456:tid 2036] [client ::1:63050] PHP Notice:  Undefined variable: page in C:\\xampp007\\htdocs\\ALDI25550036\\data_produk.php on line 288, referer: http://localhost/ALDI25550036/user.php
[Mon May 04 12:40:43.459616 2026] [:error] [pid 15456:tid 2036] [client ::1:63050] PHP Notice:  Undefined variable: page in C:\\xampp007\\htdocs\\ALDI25550036\\data_produk.php on line 296, referer: http://localhost/ALDI25550036/user.php
[Mon May 04 13:24:37.205958 2026] [:error] [pid 15456:tid 2036] [client ::1:51913] PHP Notice:  Undefined variable: page in C:\\xampp007\\htdocs\\ALDI25550036\\data_produk.php on line 264, referer: http://localhost/ALDI25550036/kategori%20produk.php
[Mon May 04 13:24:37.205958 2026] [:error] [pid 15456:tid 2036] [client ::1:51913] PHP Notice:  Undefined variable: page in C:\\xampp007\\htdocs\\ALDI25550036\\data_produk.php on line 272, referer: http://localhost/ALDI25550036/kategori%20produk.php
[Mon May 04 13:24:37.210969 2026] [:error] [pid 15456:tid 2036] [client ::1:51913] PHP Notice:  Undefined variable: page in C:\\xampp007\\htdocs\\ALDI25550036\\data_produk.php on line 280, referer: http://localhost/ALDI25550036/kategori%20produk.php
[Mon May 04 13:24:37.212675 2026] [:error] [pid 15456:tid 2036] [client ::1:51913] PHP Notice:  Undefined variable: page in C:\\xampp007\\htdocs\\ALDI25550036\\data_produk.php on line 288, referer: http://localhost/ALDI25550036/kategori%20produk.php
[Mon May 04 13:24:37.214171 2026] [:error] [pid 15456:tid 2036] [client ::1:51913] PHP Notice:  Undefined variable: page in C:\\xampp007\\htdocs\\ALDI25550036\\data_produk.php on line 296, referer: http://localhost/ALDI25550036/kategori%20produk.php
[Mon May 04 13:24:59.033436 2026] [:error] [pid 15456:tid 2036] [client ::1:51913] PHP Notice:  Undefined variable: page in C:\\xampp007\\htdocs\\ALDI25550036\\data_produk.php on line 264, referer: http://localhost/ALDI25550036/laporan.php
[Mon May 04 13:24:59.033436 2026] [:error] [pid 15456:tid 2036] [client ::1:51913] PHP Notice:  Undefined variable: page in C:\\xampp007\\htdocs\\ALDI25550036\\data_produk.php on line 272, referer: http://localhost/ALDI25550036/laporan.php
[Mon May 04 13:24:59.033436 2026] [:error] [pid 15456:tid 2036] [client ::1:51913] PHP Notice:  Undefined variable: page in C:\\xampp007\\htdocs\\ALDI25550036\\data_produk.php on line 280, referer: http://localhost/ALDI25550036/laporan.php
[Mon May 04 13:24:59.033436 2026] [:error] [pid 15456:tid 2036] [client ::1:51913] PHP Notice:  Undefined variable: page in C:\\xampp007\\htdocs\\ALDI25550036\\data_produk.php on line 288, referer: http://localhost/ALDI25550036/laporan.php
[Mon May 04 13:24:59.033436 2026] [:error] [pid 15456:tid 2036] [client ::1:51913] PHP Notice:  Undefined variable: page in C:\\xampp007\\htdocs\\ALDI25550036\\data_produk.php on line 296, referer: http://localhost/ALDI25550036/laporan.php
[Mon May 04 13:25:10.793802 2026] [:error] [pid 15456:tid 2020] [client ::1:61425] PHP Notice:  Undefined variable: page in C:\\xampp007\\htdocs\\ALDI25550036\\data_produk.php on line 264, referer: http://localhost/ALDI25550036/user.php
[Mon May 04 13:25:10.797692 2026] [:error] [pid 15456:tid 2020] [client ::1:61425] PHP Notice:  Undefined variable: page in C:\\xampp007\\htdocs\\ALDI25550036\\data_produk.php on line 272, referer: http://localhost/ALDI25550036/user.php
[Mon May 04 13:25:10.797692 2026] [:error] [pid 15456:tid 2020] [client ::1:61425] PHP Notice:  Undefined variable: page in C:\\xampp007\\htdocs\\ALDI25550036\\data_produk.php on line 280, referer: http://localhost/ALDI25550036/user.php
[Mon May 04 13:25:10.799713 2026] [:error] [pid 15456:tid 2020] [client ::1:61425] PHP Notice:  Undefined variable: page in C:\\xampp007\\htdocs\\ALDI25550036\\data_produk.php on line 288, referer: http://localhost/ALDI25550036/user.php
[Mon May 04 13:25:10.799713 2026] [:error] [pid 15456:tid 2020] [client ::1:61425] PHP Notice:  Undefined variable: page in C:\\xampp007\\htdocs\\ALDI25550036\\data_produk.php on line 296, referer: http://localhost/ALDI25550036/user.php
[Mon May 04 13:25:32.026326 2026] [:error] [pid 15456:tid 2036] [client ::1:58261] PHP Notice:  Undefined variable: page in C:\\xampp007\\htdocs\\ALDI25550036\\data_produk.php on line 264, referer: http://localhost/ALDI25550036/laporan.php
[Mon May 04 13:25:32.026326 2026] [:error] [pid 15456:tid 2036] [client ::1:58261] PHP Notice:  Undefined variable: page in C:\\xampp007\\htdocs\\ALDI25550036\\data_produk.php on line 272, referer: http://localhost/ALDI25550036/laporan.php
[Mon May 04 13:25:32.026326 2026] [:error] [pid 15456:tid 2036] [client ::1:58261] PHP Notice:  Undefined variable: page in C:\\xampp007\\htdocs\\ALDI25550036\\data_produk.php on line 280, referer: http://localhost/ALDI25550036/laporan.php
[Mon May 04 13:25:32.026326 2026] [:error] [pid 15456:tid 2036] [client ::1:58261] PHP Notice:  Undefined variable: page in C:\\xampp007\\htdocs\\ALDI25550036\\data_produk.php on line 288, referer: http://localhost/ALDI25550036/laporan.php
[Mon May 04 13:25:32.026326 2026] [:error] [pid 15456:tid 2036] [client ::1:58261] PHP Notice:  Undefined variable: page in C:\\xampp007\\htdocs\\ALDI25550036\\data_produk.php on line 296, referer: http://localhost/ALDI25550036/laporan.php
[Mon May 04 13:27:19.564180 2026] [:error] [pid 15456:tid 2036] [client ::1:63365] PHP Notice:  Undefined variable: page in C:\\xampp007\\htdocs\\ALDI25550036\\data_produk.php on line 264, referer: http://localhost/ALDI25550036/laporan.php
[Mon May 04 13:27:19.564180 2026] [:error] [pid 15456:tid 2036] [client ::1:63365] PHP Notice:  Undefined variable: page in C:\\xampp007\\htdocs\\ALDI25550036\\data_produk.php on line 272, referer: http://localhost/ALDI25550036/laporan.php
[Mon May 04 13:27:19.564180 2026] [:error] [pid 15456:tid 2036] [client ::1:63365] PHP Notice:  Undefined variable: page in C:\\xampp007\\htdocs\\ALDI25550036\\data_produk.php on line 280, referer: http://localhost/ALDI25550036/laporan.php
[Mon May 04 13:27:19.564180 2026] [:error] [pid 15456:tid 2036] [client ::1:63365] PHP Notice:  Undefined variable: page in C:\\xampp007\\htdocs\\ALDI25550036\\data_produk.php on line 288, referer: http://localhost/ALDI25550036/laporan.php
[Mon May 04 13:27:19.564180 2026] [:error] [pid 15456:tid 2036] [client ::1:63365] PHP Notice:  Undefined variable: page in C:\\xampp007\\htdocs\\ALDI25550036\\data_produk.php on line 296, referer: http://localhost/ALDI25550036/laporan.php
[Mon May 04 13:29:01.176681 2026] [:error] [pid 15456:tid 2020] [client ::1:56241] PHP Notice:  Undefined variable: page in C:\\xampp007\\htdocs\\ALDI25550036\\data_produk.php on line 264, referer: http://localhost/ALDI25550036/user.php
[Mon May 04 13:29:01.176681 2026] [:error] [pid 15456:tid 2020] [client ::1:56241] PHP Notice:  Undefined variable: page in C:\\xampp007\\htdocs\\ALDI25550036\\data_produk.php on line 272, referer: http://localhost/ALDI25550036/user.php
[Mon May 04 13:29:01.176681 2026] [:error] [pid 15456:tid 2020] [client ::1:56241] PHP Notice:  Undefined variable: page in C:\\xampp007\\htdocs\\ALDI25550036\\data_produk.php on line 280, referer: http://localhost/ALDI25550036/user.php
[Mon May 04 13:29:01.181332 2026] [:error] [pid 15456:tid 2020] [client ::1:56241] PHP Notice:  Undefined variable: page in C:\\xampp007\\htdocs\\ALDI25550036\\data_produk.php on line 288, referer: http://localhost/ALDI25550036/user.php
[Mon May 04 13:29:01.181332 2026] [:error] [pid 15456:tid 2020] [client ::1:56241] PHP Notice:  Undefined variable: page in C:\\xampp007\\htdocs\\ALDI25550036\\data_produk.php on line 296, referer: http://localhost/ALDI25550036/user.php
[Mon May 04 13:30:12.589261 2026] [:error] [pid 15456:tid 2036] [client ::1:59298] PHP Notice:  Undefined variable: page in C:\\xampp007\\htdocs\\ALDI25550036\\data_produk.php on line 264, referer: http://localhost/ALDI25550036/laporan.php
[Mon May 04 13:30:12.589261 2026] [:error] [pid 15456:tid 2036] [client ::1:59298] PHP Notice:  Undefined variable: page in C:\\xampp007\\htdocs\\ALDI25550036\\data_produk.php on line 272, referer: http://localhost/ALDI25550036/laporan.php
[Mon May 04 13:30:12.589261 2026] [:error] [pid 15456:tid 2036] [client ::1:59298] PHP Notice:  Undefined variable: page in C:\\xampp007\\htdocs\\ALDI25550036\\data_produk.php on line 280, referer: http://localhost/ALDI25550036/laporan.php
[Mon May 04 13:30:12.589261 2026] [:error] [pid 15456:tid 2036] [client ::1:59298] PHP Notice:  Undefined variable: page in C:\\xampp007\\htdocs\\ALDI25550036\\data_produk.php on line 288, referer: http://localhost/ALDI25550036/laporan.php
[Mon May 04 13:30:12.589261 2026] [:error] [pid 15456:tid 2036] [client ::1:59298] PHP Notice:  Undefined variable: page in C:\\xampp007\\htdocs\\ALDI25550036\\data_produk.php on line 296, referer: http://localhost/ALDI25550036/laporan.php
[Mon May 04 13:30:16.416892 2026] [:error] [pid 15456:tid 2036] [client ::1:59298] PHP Notice:  Undefined variable: page in C:\\xampp007\\htdocs\\ALDI25550036\\data_produk.php on line 264, referer: http://localhost/ALDI25550036/data_produk.php
[Mon May 04 13:30:16.416892 2026] [:error] [pid 15456:tid 2036] [client ::1:59298] PHP Notice:  Undefined variable: page in C:\\xampp007\\htdocs\\ALDI25550036\\data_produk.php on line 272, referer: http://localhost/ALDI25550036/data_produk.php
[Mon May 04 13:30:16.416892 2026] [:error] [pid 15456:tid 2036] [client ::1:59298] PHP Notice:  Undefined variable: page in C:\\xampp007\\htdocs\\ALDI25550036\\data_produk.php on line 280, referer: http://localhost/ALDI25550036/data_produk.php
[Mon May 04 13:30:16.416892 2026] [:error] [pid 15456:tid 2036] [client ::1:59298] PHP Notice:  Undefined variable: page in C:\\xampp007\\htdocs\\ALDI25550036\\data_produk.php on line 288, referer: http://localhost/ALDI25550036/data_produk.php
[Mon May 04 13:30:16.416892 2026] [:error] [pid 15456:tid 2036] [client ::1:59298] PHP Notice:  Undefined variable: page in C:\\xampp007\\htdocs\\ALDI25550036\\data_produk.php on line 296, referer: http://localhost/ALDI25550036/data_produk.php
[Mon May 04 14:52:47.416018 2026] [mpm_winnt:crit] [pid 15456:tid 692] AH02538: Child: Parent process exited abruptly. Child process is ending
[Mon May 04 15:22:54.050980 2026] [ssl:warn] [pid 5284:tid 716] AH01909: www.example.com:443:0 server certificate does NOT include an ID which matches the server name
[Mon May 04 15:22:54.124268 2026] [core:warn] [pid 5284:tid 716] AH00098: pid file C:/xampp007/apache/logs/httpd.pid overwritten -- Unclean shutdown of previous Apache run?
[Mon May 04 15:22:54.202975 2026] [ssl:warn] [pid 5284:tid 716] AH01909: www.example.com:443:0 server certificate does NOT include an ID which matches the server name
[Mon May 04 15:22:54.239293 2026] [mpm_winnt:notice] [pid 5284:tid 716] AH00455: Apache/2.4.25 (Win32) OpenSSL/1.0.2j PHP/5.6.30 configured -- resuming normal operations
[Mon May 04 15:22:54.239293 2026] [mpm_winnt:notice] [pid 5284:tid 716] AH00456: Apache Lounge VC11 Server built: Dec 20 2016 13:02:04
[Mon May 04 15:22:54.239293 2026] [core:notice] [pid 5284:tid 716] AH00094: Command line: 'c:\\xampp007\\apache\\bin\\httpd.exe -d C:/xampp007/apache'
[Mon May 04 15:22:54.245313 2026] [mpm_winnt:notice] [pid 5284:tid 716] AH00418: Parent: Created child process 17588
[Mon May 04 15:22:54.852545 2026] [ssl:warn] [pid 17588:tid 700] AH01909: www.example.com:443:0 server certificate does NOT include an ID which matches the server name
[Mon May 04 15:22:55.108485 2026] [ssl:warn] [pid 17588:tid 700] AH01909: www.example.com:443:0 server certificate does NOT include an ID which matches the server name
[Mon May 04 15:22:55.175604 2026] [mpm_winnt:notice] [pid 17588:tid 700] AH00354: Child: Starting 150 worker threads.
[Mon May 04 15:41:08.770851 2026] [:error] [pid 17588:tid 2068] [client ::1:59364] PHP Notice:  Undefined variable: page in C:\\xampp007\\htdocs\\ALDI25550036\\data_produk.php on line 264, referer: http://localhost/ALDI25550036/kategori%20produk.php
[Mon May 04 15:41:08.770851 2026] [:error] [pid 17588:tid 2068] [client ::1:59364] PHP Notice:  Undefined variable: page in C:\\xampp007\\htdocs\\ALDI25550036\\data_produk.php on line 272, referer: http://localhost/ALDI25550036/kategori%20produk.php
[Mon May 04 15:41:08.773473 2026] [:error] [pid 17588:tid 2068] [client ::1:59364] PHP Notice:  Undefined variable: page in C:\\xampp007\\htdocs\\ALDI25550036\\data_produk.php on line 280, referer: http://localhost/ALDI25550036/kategori%20produk.php
[Mon May 04 15:41:08.774232 2026] [:error] [pid 17588:tid 2068] [client ::1:59364] PHP Notice:  Undefined variable: page in C:\\xampp007\\htdocs\\ALDI25550036\\data_produk.php on line 288, referer: http://localhost/ALDI25550036/kategori%20produk.php
[Mon May 04 15:41:08.780242 2026] [:error] [pid 17588:tid 2068] [client ::1:59364] PHP Notice:  Undefined variable: page in C:\\xampp007\\htdocs\\ALDI25550036\\data_produk.php on line 296, referer: http://localhost/ALDI25550036/kategori%20produk.php
[Mon May 04 15:44:30.949573 2026] [:error] [pid 17588:tid 2064] [client ::1:53085] PHP Notice:  Undefined variable: page in C:\\xampp007\\htdocs\\ALDI25550036\\data_produk.php on line 264, referer: http://localhost/ALDI25550036/kategori%20produk.php
[Mon May 04 15:44:30.951580 2026] [:error] [pid 17588:tid 2064] [client ::1:53085] PHP Notice:  Undefined variable: page in C:\\xampp007\\htdocs\\ALDI25550036\\data_produk.php on line 272, referer: http://localhost/ALDI25550036/kategori%20produk.php
[Mon May 04 15:44:30.964015 2026] [:error] [pid 17588:tid 2064] [client ::1:53085] PHP Notice:  Undefined variable: page in C:\\xampp007\\htdocs\\ALDI25550036\\data_produk.php on line 280, referer: http://localhost/ALDI25550036/kategori%20produk.php
[Mon May 04 15:44:30.964015 2026] [:error] [pid 17588:tid 2064] [client ::1:53085] PHP Notice:  Undefined variable: page in C:\\xampp007\\htdocs\\ALDI25550036\\data_produk.php on line 288, referer: http://localhost/ALDI25550036/kategori%20produk.php
[Mon May 04 15:44:30.973262 2026] [:error] [pid 17588:tid 2064] [client ::1:53085] PHP Notice:  Undefined variable: page in C:\\xampp007\\htdocs\\ALDI25550036\\data_produk.php on line 296, referer: http://localhost/ALDI25550036/kategori%20produk.php
[Mon May 04 15:44:42.732287 2026] [:error] [pid 17588:tid 2068] [client ::1:49329] PHP Notice:  Undefined variable: page in C:\\xampp007\\htdocs\\ALDI25550036\\data_produk.php on line 264, referer: http://localhost/ALDI25550036/data_produk.php
[Mon May 04 15:44:42.751594 2026] [:error] [pid 17588:tid 2068] [client ::1:49329] PHP Notice:  Undefined variable: page in C:\\xampp007\\htdocs\\ALDI25550036\\data_produk.php on line 272, referer: http://localhost/ALDI25550036/data_produk.php
[Mon May 04 15:44:42.751594 2026] [:error] [pid 17588:tid 2068] [client ::1:49329] PHP Notice:  Undefined variable: page in C:\\xampp007\\htdocs\\ALDI25550036\\data_produk.php on line 280, referer: http://localhost/ALDI25550036/data_produk.php
[Mon May 04 15:44:42.751594 2026] [:error] [pid 17588:tid 2068] [client ::1:49329] PHP Notice:  Undefined variable: page in C:\\xampp007\\htdocs\\ALDI25550036\\data_produk.php on line 288, referer: http://localhost/ALDI25550036/data_produk.php
[Mon May 04 15:44:42.751594 2026] [:error] [pid 17588:tid 2068] [client ::1:49329] PHP Notice:  Undefined variable: page in C:\\xampp007\\htdocs\\ALDI25550036\\data_produk.php on line 296, referer: http://localhost/ALDI25550036/data_produk.php
[Mon May 04 15:44:44.522264 2026] [:error] [pid 17588:tid 2068] [client ::1:49329] PHP Notice:  Undefined variable: page in C:\\xampp007\\htdocs\\ALDI25550036\\data_produk.php on line 264, referer: http://localhost/ALDI25550036/data_produk.php
[Mon May 04 15:44:44.541535 2026] [:error] [pid 17588:tid 2068] [client ::1:49329] PHP Notice:  Undefined variable: page in C:\\xampp007\\htdocs\\ALDI25550036\\data_produk.php on line 272, referer: http://localhost/ALDI25550036/data_produk.php
[Mon May 04 15:44:44.541535 2026] [:error] [pid 17588:tid 2068] [client ::1:49329] PHP Notice:  Undefined variable: page in C:\\xampp007\\htdocs\\ALDI25550036\\data_produk.php on line 280, referer: http://localhost/ALDI25550036/data_produk.php
[Mon May 04 15:44:44.541535 2026] [:error] [pid 17588:tid 2068] [client ::1:49329] PHP Notice:  Undefined variable: page in C:\\xampp007\\htdocs\\ALDI25550036\\data_produk.php on line 288, referer: http://localhost/ALDI25550036/data_produk.php
[Mon May 04 15:44:44.541535 2026] [:error] [pid 17588:tid 2068] [client ::1:49329] PHP Notice:  Undefined variable: page in C:\\xampp007\\htdocs\\ALDI25550036\\data_produk.php on line 296, referer: http://localhost/ALDI25550036/data_produk.php
[Mon May 04 15:44:57.096295 2026] [:error] [pid 17588:tid 2064] [client ::1:57869] PHP Notice:  Undefined variable: page in C:\\xampp007\\htdocs\\ALDI25550036\\data_produk.php on line 264, referer: http://localhost/ALDI25550036/laporan.php
[Mon May 04 15:44:57.096295 2026] [:error] [pid 17588:tid 2064] [client ::1:57869] PHP Notice:  Undefined variable: page in C:\\xampp007\\htdocs\\ALDI25550036\\data_produk.php on line 272, referer: http://localhost/ALDI25550036/laporan.php
[Mon May 04 15:44:57.096295 2026] [:error] [pid 17588:tid 2064] [client ::1:57869] PHP Notice:  Undefined variable: page in C:\\xampp007\\htdocs\\ALDI25550036\\data_produk.php on line 280, referer: http://localhost/ALDI25550036/laporan.php
[Mon May 04 15:44:57.096295 2026] [:error] [pid 17588:tid 2064] [client ::1:57869] PHP Notice:  Undefined variable: page in C:\\xampp007\\htdocs\\ALDI25550036\\data_produk.php on line 288, referer: http://localhost/ALDI25550036/laporan.php
[Mon May 04 15:44:57.098306 2026] [:error] [pid 17588:tid 2064] [client ::1:57869] PHP Notice:  Undefined variable: page in C:\\xampp007\\htdocs\\ALDI25550036\\data_produk.php on line 296, referer: http://localhost/ALDI25550036/laporan.php
[Mon May 04 16:51:51.933000 2026] [:error] [pid 17588:tid 2064] [client ::1:58262] PHP Notice:  Undefined variable: page in C:\\xampp007\\htdocs\\ALDI25550036\\data_produk.php on line 264, referer: http://localhost/ALDI25550036/kategori%20produk.php
[Mon May 04 16:51:51.933661 2026] [:error] [pid 17588:tid 2064] [client ::1:58262] PHP Notice:  Undefined variable: page in C:\\xampp007\\htdocs\\ALDI25550036\\data_produk.php on line 272, referer: http://localhost/ALDI25550036/kategori%20produk.php
[Mon May 04 16:51:51.935763 2026] [:error] [pid 17588:tid 2064] [client ::1:58262] PHP Notice:  Undefined variable: page in C:\\xampp007\\htdocs\\ALDI25550036\\data_produk.php on line 280, referer: http://localhost/ALDI25550036/kategori%20produk.php
[Mon May 04 16:51:51.938285 2026] [:error] [pid 17588:tid 2064] [client ::1:58262] PHP Notice:  Undefined variable: page in C:\\xampp007\\htdocs\\ALDI25550036\\data_produk.php on line 288, referer: http://localhost/ALDI25550036/kategori%20produk.php
[Mon May 04 16:51:51.945275 2026] [:error] [pid 17588:tid 2064] [client ::1:58262] PHP Notice:  Undefined variable: page in C:\\xampp007\\htdocs\\ALDI25550036\\data_produk.php on line 296, referer: http://localhost/ALDI25550036/kategori%20produk.php
[Mon May 04 16:52:45.770111 2026] [:error] [pid 17588:tid 2064] [client ::1:49671] PHP Notice:  Undefined variable: page in C:\\xampp007\\htdocs\\ALDI25550036\\data_produk.php on line 264, referer: http://localhost/ALDI25550036/laporan.php
[Mon May 04 16:52:45.770111 2026] [:error] [pid 17588:tid 2064] [client ::1:49671] PHP Notice:  Undefined variable: page in C:\\xampp007\\htdocs\\ALDI25550036\\data_produk.php on line 272, referer: http://localhost/ALDI25550036/laporan.php
[Mon May 04 16:52:45.770111 2026] [:error] [pid 17588:tid 2064] [client ::1:49671] PHP Notice:  Undefined variable: page in C:\\xampp007\\htdocs\\ALDI25550036\\data_produk.php on line 280, referer: http://localhost/ALDI25550036/laporan.php
[Mon May 04 16:52:45.771739 2026] [:error] [pid 17588:tid 2064] [client ::1:49671] PHP Notice:  Undefined variable: page in C:\\xampp007\\htdocs\\ALDI25550036\\data_produk.php on line 288, referer: http://localhost/ALDI25550036/laporan.php
[Mon May 04 16:52:45.773135 2026] [:error] [pid 17588:tid 2064] [client ::1:49671] PHP Notice:  Undefined variable: page in C:\\xampp007\\htdocs\\ALDI25550036\\data_produk.php on line 296, referer: http://localhost/ALDI25550036/laporan.php
[Mon May 04 16:52:49.396322 2026] [:error] [pid 17588:tid 2064] [client ::1:49671] PHP Notice:  Undefined variable: page in C:\\xampp007\\htdocs\\ALDI25550036\\data_produk.php on line 264, referer: http://localhost/ALDI25550036/kategori%20produk.php
[Mon May 04 16:52:49.398480 2026] [:error] [pid 17588:tid 2064] [client ::1:49671] PHP Notice:  Undefined variable: page in C:\\xampp007\\htdocs\\ALDI25550036\\data_produk.php on line 272, referer: http://localhost/ALDI25550036/kategori%20produk.php
[Mon May 04 16:52:49.399384 2026] [:error] [pid 17588:tid 2064] [client ::1:49671] PHP Notice:  Undefined variable: page in C:\\xampp007\\htdocs\\ALDI25550036\\data_produk.php on line 280, referer: http://localhost/ALDI25550036/kategori%20produk.php
[Mon May 04 16:52:49.400064 2026] [:error] [pid 17588:tid 2064] [client ::1:49671] PHP Notice:  Undefined variable: page in C:\\xampp007\\htdocs\\ALDI25550036\\data_produk.php on line 288, referer: http://localhost/ALDI25550036/kategori%20produk.php
[Mon May 04 16:52:49.428199 2026] [:error] [pid 17588:tid 2064] [client ::1:49671] PHP Notice:  Undefined variable: page in C:\\xampp007\\htdocs\\ALDI25550036\\data_produk.php on line 296, referer: http://localhost/ALDI25550036/kategori%20produk.php
[Mon May 04 16:56:54.653948 2026] [:error] [pid 17588:tid 2064] [client ::1:50327] PHP Notice:  Undefined variable: page in C:\\xampp007\\htdocs\\ALDI25550036\\data_produk.php on line 264, referer: http://localhost/ALDI25550036/user.php
[Mon May 04 16:56:54.653948 2026] [:error] [pid 17588:tid 2064] [client ::1:50327] PHP Notice:  Undefined variable: page in C:\\xampp007\\htdocs\\ALDI25550036\\data_produk.php on line 272, referer: http://localhost/ALDI25550036/user.php
[Mon May 04 16:56:54.655956 2026] [:error] [pid 17588:tid 2064] [client ::1:50327] PHP Notice:  Undefined variable: page in C:\\xampp007\\htdocs\\ALDI25550036\\data_produk.php on line 280, referer: http://localhost/ALDI25550036/user.php
[Mon May 04 16:56:54.656577 2026] [:error] [pid 17588:tid 2064] [client ::1:50327] PHP Notice:  Undefined variable: page in C:\\xampp007\\htdocs\\ALDI25550036\\data_produk.php on line 288, referer: http://localhost/ALDI25550036/user.php
[Mon May 04 16:56:54.656577 2026] [:error] [pid 17588:tid 2064] [client ::1:50327] PHP Notice:  Undefined variable: page in C:\\xampp007\\htdocs\\ALDI25550036\\data_produk.php on line 296, referer: http://localhost/ALDI25550036/user.php
[Tue May 05 17:47:52.564138 2026] [ssl:warn] [pid 15660:tid 688] AH01909: www.example.com:443:0 server certificate does NOT include an ID which matches the server name
[Tue May 05 17:47:52.611448 2026] [core:warn] [pid 15660:tid 688] AH00098: pid file C:/xampp007/apache/logs/httpd.pid overwritten -- Unclean shutdown of previous Apache run?
[Tue May 05 17:47:52.672960 2026] [ssl:warn] [pid 15660:tid 688] AH01909: www.example.com:443:0 server certificate does NOT include an ID which matches the server name
[Tue May 05 17:47:52.848275 2026] [mpm_winnt:notice] [pid 15660:tid 688] AH00455: Apache/2.4.25 (Win32) OpenSSL/1.0.2j PHP/5.6.30 configured -- resuming normal operations
[Tue May 05 17:47:52.848275 2026] [mpm_winnt:notice] [pid 15660:tid 688] AH00456: Apache Lounge VC11 Server built: Dec 20 2016 13:02:04
[Tue May 05 17:47:52.848275 2026] [core:notice] [pid 15660:tid 688] AH00094: Command line: 'c:\\xampp007\\apache\\bin\\httpd.exe -d C:/xampp007/apache'
[Tue May 05 17:47:52.848275 2026] [mpm_winnt:notice] [pid 15660:tid 688] AH00418: Parent: Created child process 14656
[Tue May 05 17:47:53.323907 2026] [ssl:warn] [pid 14656:tid 668] AH01909: www.example.com:443:0 server certificate does NOT include an ID which matches the server name
[Tue May 05 17:47:53.403443 2026] [ssl:warn] [pid 14656:tid 668] AH01909: www.example.com:443:0 server certificate does NOT include an ID which matches the server name
[Tue May 05 17:47:53.434914 2026] [mpm_winnt:notice] [pid 14656:tid 668] AH00354: Child: Starting 150 worker threads.
[Tue May 05 18:13:12.849291 2026] [:error] [pid 14656:tid 2032] [client ::1:62155] script 'C:/xampp007/htdocs/ALDI25550036/kategori produk.php' not found or unable to stat, referer: http://localhost/ALDI25550036/
[Tue May 05 18:13:22.203520 2026] [:error] [pid 14656:tid 2044] [client ::1:52711] script 'C:/xampp007/htdocs/ALDI25550036/kategori produk.php' not found or unable to stat, referer: http://localhost/ALDI25550036/
[Tue May 05 18:13:25.070278 2026] [:error] [pid 14656:tid 2044] [client ::1:52711] PHP Notice:  Undefined variable: page in C:\\xampp007\\htdocs\\ALDI25550036\\data_produk.php on line 258, referer: http://localhost/ALDI25550036/
[Tue May 05 18:13:25.070278 2026] [:error] [pid 14656:tid 2044] [client ::1:52711] PHP Notice:  Undefined variable: page in C:\\xampp007\\htdocs\\ALDI25550036\\data_produk.php on line 266, referer: http://localhost/ALDI25550036/
[Tue May 05 18:13:25.070955 2026] [:error] [pid 14656:tid 2044] [client ::1:52711] PHP Notice:  Undefined variable: page in C:\\xampp007\\htdocs\\ALDI25550036\\data_produk.php on line 274, referer: http://localhost/ALDI25550036/
[Tue May 05 18:13:25.070955 2026] [:error] [pid 14656:tid 2044] [client ::1:52711] PHP Notice:  Undefined variable: page in C:\\xampp007\\htdocs\\ALDI25550036\\data_produk.php on line 282, referer: http://localhost/ALDI25550036/
[Tue May 05 18:13:25.070955 2026] [:error] [pid 14656:tid 2044] [client ::1:52711] PHP Notice:  Undefined variable: page in C:\\xampp007\\htdocs\\ALDI25550036\\data_produk.php on line 290, referer: http://localhost/ALDI25550036/
[Tue May 05 18:15:42.161432 2026] [:error] [pid 14656:tid 2044] [client ::1:53310] script 'C:/xampp007/htdocs/ALDI25550036/kategori produk.php' not found or unable to stat, referer: http://localhost/ALDI25550036/user.php
[Tue May 05 18:18:13.023691 2026] [:error] [pid 14656:tid 2044] [client ::1:62989] script 'C:/xampp007/htdocs/ALDI25550036/kategori produk.php' not found or unable to stat, referer: http://localhost/ALDI25550036/user.php
[Tue May 05 18:19:53.007345 2026] [:error] [pid 14656:tid 2032] [client ::1:54257] script 'C:/xampp007/htdocs/ALDI25550036/kategori produk.php' not found or unable to stat, referer: http://localhost/ALDI25550036/user.php
[Tue May 05 18:19:59.764513 2026] [:error] [pid 14656:tid 2044] [client ::1:60999] script 'C:/xampp007/htdocs/ALDI25550036/kategori produk.php' not found or unable to stat, referer: http://localhost/ALDI25550036/user.php
[Tue May 05 18:27:14.342702 2026] [:error] [pid 14656:tid 2032] [client ::1:52182] script 'C:/xampp007/htdocs/ALDI25550036/kategori produk.php' not found or unable to stat, referer: http://localhost/ALDI25550036/index.php
[Tue May 05 18:28:49.316747 2026] [:error] [pid 14656:tid 2032] [client ::1:53172] script 'C:/xampp007/htdocs/ALDI25550036/kategori produk.php' not found or unable to stat, referer: http://localhost/ALDI25550036/index.php
[Tue May 05 18:29:42.424831 2026] [:error] [pid 14656:tid 2044] [client ::1:64096] script 'C:/xampp007/htdocs/ALDI25550036/kategori produk.php' not found or unable to stat, referer: http://localhost/ALDI25550036/index.php
[Tue May 05 18:29:46.105118 2026] [:error] [pid 14656:tid 2044] [client ::1:64096] PHP Notice:  Undefined variable: page in C:\\xampp007\\htdocs\\ALDI25550036\\data_produk.php on line 258, referer: http://localhost/ALDI25550036/index.php
[Tue May 05 18:29:46.138750 2026] [:error] [pid 14656:tid 2044] [client ::1:64096] PHP Notice:  Undefined variable: page in C:\\xampp007\\htdocs\\ALDI25550036\\data_produk.php on line 266, referer: http://localhost/ALDI25550036/index.php
[Tue May 05 18:29:46.138750 2026] [:error] [pid 14656:tid 2044] [client ::1:64096] PHP Notice:  Undefined variable: page in C:\\xampp007\\htdocs\\ALDI25550036\\data_produk.php on line 274, referer: http://localhost/ALDI25550036/index.php
[Tue May 05 18:29:46.138750 2026] [:error] [pid 14656:tid 2044] [client ::1:64096] PHP Notice:  Undefined variable: page in C:\\xampp007\\htdocs\\ALDI25550036\\data_produk.php on line 282, referer: http://localhost/ALDI25550036/index.php
[Tue May 05 18:29:46.140757 2026] [:error] [pid 14656:tid 2044] [client ::1:64096] PHP Notice:  Undefined variable: page in C:\\xampp007\\htdocs\\ALDI25550036\\data_produk.php on line 290, referer: http://localhost/ALDI25550036/index.php
[Tue May 05 18:29:52.883443 2026] [:error] [pid 14656:tid 2044] [client ::1:64096] script 'C:/xampp007/htdocs/ALDI25550036/kategori produk.php' not found or unable to stat, referer: http://localhost/ALDI25550036/index.php
[Tue May 05 18:30:31.078659 2026] [:error] [pid 14656:tid 2032] [client ::1:62254] script 'C:/xampp007/htdocs/ALDI25550036/kategori produk.php' not found or unable to stat, referer: http://localhost/ALDI25550036/index.php
[Tue May 05 18:30:32.448032 2026] [:error] [pid 14656:tid 2032] [client ::1:62254] script 'C:/xampp007/htdocs/ALDI25550036/kategori produk.php' not found or unable to stat, referer: http://localhost/ALDI25550036/index.php
[Tue May 05 18:30:45.936925 2026] [:error] [pid 14656:tid 2044] [client ::1:65397] PHP Notice:  Undefined variable: page in C:\\xampp007\\htdocs\\ALDI25550036\\data_produk.php on line 258, referer: http://localhost/ALDI25550036/kategori_produk.php
[Tue May 05 18:30:45.936925 2026] [:error] [pid 14656:tid 2044] [client ::1:65397] PHP Notice:  Undefined variable: page in C:\\xampp007\\htdocs\\ALDI25550036\\data_produk.php on line 266, referer: http://localhost/ALDI25550036/kategori_produk.php
[Tue May 05 18:30:45.940943 2026] [:error] [pid 14656:tid 2044] [client ::1:65397] PHP Notice:  Undefined variable: page in C:\\xampp007\\htdocs\\ALDI25550036\\data_produk.php on line 274, referer: http://localhost/ALDI25550036/kategori_produk.php
[Tue May 05 18:30:45.962097 2026] [:error] [pid 14656:tid 2044] [client ::1:65397] PHP Notice:  Undefined variable: page in C:\\xampp007\\htdocs\\ALDI25550036\\data_produk.php on line 282, referer: http://localhost/ALDI25550036/kategori_produk.php
[Tue May 05 18:30:45.975209 2026] [:error] [pid 14656:tid 2044] [client ::1:65397] PHP Notice:  Undefined variable: page in C:\\xampp007\\htdocs\\ALDI25550036\\data_produk.php on line 290, referer: http://localhost/ALDI25550036/kategori_produk.php
[Tue May 05 18:30:50.260704 2026] [:error] [pid 14656:tid 2044] [client ::1:65397] PHP Notice:  Undefined variable: page in C:\\xampp007\\htdocs\\ALDI25550036\\data_produk.php on line 258, referer: http://localhost/ALDI25550036/kategori_produk.php
[Tue May 05 18:30:50.260704 2026] [:error] [pid 14656:tid 2044] [client ::1:65397] PHP Notice:  Undefined variable: page in C:\\xampp007\\htdocs\\ALDI25550036\\data_produk.php on line 266, referer: http://localhost/ALDI25550036/kategori_produk.php
[Tue May 05 18:30:50.270746 2026] [:error] [pid 14656:tid 2044] [client ::1:65397] PHP Notice:  Undefined variable: page in C:\\xampp007\\htdocs\\ALDI25550036\\data_produk.php on line 274, referer: http://localhost/ALDI25550036/kategori_produk.php
[Tue May 05 18:30:50.270746 2026] [:error] [pid 14656:tid 2044] [client ::1:65397] PHP Notice:  Undefined variable: page in C:\\xampp007\\htdocs\\ALDI25550036\\data_produk.php on line 282, referer: http://localhost/ALDI25550036/kategori_produk.php
[Tue May 05 18:30:50.270746 2026] [:error] [pid 14656:tid 2044] [client ::1:65397] PHP Notice:  Undefined variable: page in C:\\xampp007\\htdocs\\ALDI25550036\\data_produk.php on line 290, referer: http://localhost/ALDI25550036/kategori_produk.php
[Tue May 05 18:31:05.786371 2026] [:error] [pid 14656:tid 2044] [client ::1:61482] PHP Notice:  Undefined variable: page in C:\\xampp007\\htdocs\\ALDI25550036\\data_produk.php on line 258, referer: http://localhost/ALDI25550036/laporan.php
[Tue May 05 18:31:05.786371 2026] [:error] [pid 14656:tid 2044] [client ::1:61482] PHP Notice:  Undefined variable: page in C:\\xampp007\\htdocs\\ALDI25550036\\data_produk.php on line 266, referer: http://localhost/ALDI25550036/laporan.php
[Tue May 05 18:31:05.788379 2026] [:error] [pid 14656:tid 2044] [client ::1:61482] PHP Notice:  Undefined variable: page in C:\\xampp007\\htdocs\\ALDI25550036\\data_produk.php on line 274, referer: http://localhost/ALDI25550036/laporan.php
[Tue May 05 18:31:05.807420 2026] [:error] [pid 14656:tid 2044] [client ::1:61482] PHP Notice:  Undefined variable: page in C:\\xampp007\\htdocs\\ALDI25550036\\data_produk.php on line 282, referer: http://localhost/ALDI25550036/laporan.php
[Tue May 05 18:31:05.807420 2026] [:error] [pid 14656:tid 2044] [client ::1:61482] PHP Notice:  Undefined variable: page in C:\\xampp007\\htdocs\\ALDI25550036\\data_produk.php on line 290, referer: http://localhost/ALDI25550036/laporan.php
[Tue May 05 18:31:11.199237 2026] [:error] [pid 14656:tid 2044] [client ::1:61482] PHP Notice:  Undefined variable: page in C:\\xampp007\\htdocs\\ALDI25550036\\data_produk.php on line 258, referer: http://localhost/ALDI25550036/laporan.php
[Tue May 05 18:31:11.199237 2026] [:error] [pid 14656:tid 2044] [client ::1:61482] PHP Notice:  Undefined variable: page in C:\\xampp007\\htdocs\\ALDI25550036\\data_produk.php on line 266, referer: http://localhost/ALDI25550036/laporan.php
[Tue May 05 18:31:11.234464 2026] [:error] [pid 14656:tid 2044] [client ::1:61482] PHP Notice:  Undefined variable: page in C:\\xampp007\\htdocs\\ALDI25550036\\data_produk.php on line 274, referer: http://localhost/ALDI25550036/laporan.php
[Tue May 05 18:31:11.234464 2026] [:error] [pid 14656:tid 2044] [client ::1:61482] PHP Notice:  Undefined variable: page in C:\\xampp007\\htdocs\\ALDI25550036\\data_produk.php on line 282, referer: http://localhost/ALDI25550036/laporan.php
[Tue May 05 18:31:11.234464 2026] [:error] [pid 14656:tid 2044] [client ::1:61482] PHP Notice:  Undefined variable: page in C:\\xampp007\\htdocs\\ALDI25550036\\data_produk.php on line 290, referer: http://localhost/ALDI25550036/laporan.php
[Tue May 05 18:31:14.478911 2026] [:error] [pid 14656:tid 2044] [client ::1:61482] PHP Notice:  Undefined variable: page in C:\\xampp007\\htdocs\\ALDI25550036\\data_produk.php on line 258, referer: http://localhost/ALDI25550036/laporan.php
[Tue May 05 18:31:14.478911 2026] [:error] [pid 14656:tid 2044] [client ::1:61482] PHP Notice:  Undefined variable: page in C:\\xampp007\\htdocs\\ALDI25550036\\data_produk.php on line 266, referer: http://localhost/ALDI25550036/laporan.php
[Tue May 05 18:31:14.478911 2026] [:error] [pid 14656:tid 2044] [client ::1:61482] PHP Notice:  Undefined variable: page in C:\\xampp007\\htdocs\\ALDI25550036\\data_produk.php on line 274, referer: http://localhost/ALDI25550036/laporan.php
[Tue May 05 18:31:14.478911 2026] [:error] [pid 14656:tid 2044] [client ::1:61482] PHP Notice:  Undefined variable: page in C:\\xampp007\\htdocs\\ALDI25550036\\data_produk.php on line 282, referer: http://localhost/ALDI25550036/laporan.php
[Tue May 05 18:31:14.480918 2026] [:error] [pid 14656:tid 2044] [client ::1:61482] PHP Notice:  Undefined variable: page in C:\\xampp007\\htdocs\\ALDI25550036\\data_produk.php on line 290, referer: http://localhost/ALDI25550036/laporan.php
[Tue May 05 20:40:54.011044 2026] [:error] [pid 14656:tid 2016] [client ::1:62870] script 'C:/xampp007/htdocs/ALDI25550036/kategori produk.php' not found or unable to stat, referer: http://localhost/ALDI25550036/laporan.php
[Tue May 05 20:41:07.888329 2026] [:error] [pid 14656:tid 2024] [client ::1:56783] script 'C:/xampp007/htdocs/ALDI25550036/kategori produk.php' not found or unable to stat, referer: http://localhost/ALDI25550036/laporan.php
[Tue May 05 21:26:41.596394 2026] [ssl:warn] [pid 14012:tid 612] AH01909: www.example.com:443:0 server certificate does NOT include an ID which matches the server name
[Tue May 05 21:26:41.643399 2026] [core:warn] [pid 14012:tid 612] AH00098: pid file C:/xampp007/apache/logs/httpd.pid overwritten -- Unclean shutdown of previous Apache run?
[Tue May 05 21:26:41.711088 2026] [ssl:warn] [pid 14012:tid 612] AH01909: www.example.com:443:0 server certificate does NOT include an ID which matches the server name
[Tue May 05 21:26:41.770095 2026] [mpm_winnt:notice] [pid 14012:tid 612] AH00455: Apache/2.4.25 (Win32) OpenSSL/1.0.2j PHP/5.6.30 configured -- resuming normal operations
[Tue May 05 21:26:41.770095 2026] [mpm_winnt:notice] [pid 14012:tid 612] AH00456: Apache Lounge VC11 Server built: Dec 20 2016 13:02:04
[Tue May 05 21:26:41.770095 2026] [core:notice] [pid 14012:tid 612] AH00094: Command line: 'c:\\xampp007\\apache\\bin\\httpd.exe -d C:/xampp007/apache'
[Tue May 05 21:26:41.770095 2026] [mpm_winnt:notice] [pid 14012:tid 612] AH00418: Parent: Created child process 2116
[Tue May 05 21:26:42.256248 2026] [ssl:warn] [pid 2116:tid 680] AH01909: www.example.com:443:0 server certificate does NOT include an ID which matches the server name
[Tue May 05 21:26:42.341323 2026] [ssl:warn] [pid 2116:tid 680] AH01909: www.example.com:443:0 server certificate does NOT include an ID which matches the server name
[Tue May 05 21:26:42.375416 2026] [mpm_winnt:notice] [pid 2116:tid 680] AH00354: Child: Starting 150 worker threads.
[Wed May 06 13:07:57.447195 2026] [ssl:warn] [pid 19288:tid 628] AH01909: www.example.com:443:0 server certificate does NOT include an ID which matches the server name
[Wed May 06 13:07:57.501397 2026] [core:warn] [pid 19288:tid 628] AH00098: pid file C:/xampp007/apache/logs/httpd.pid overwritten -- Unclean shutdown of previous Apache run?
[Wed May 06 13:07:57.566734 2026] [ssl:warn] [pid 19288:tid 628] AH01909: www.example.com:443:0 server certificate does NOT include an ID which matches the server name
[Wed May 06 13:07:57.606381 2026] [mpm_winnt:notice] [pid 19288:tid 628] AH00455: Apache/2.4.25 (Win32) OpenSSL/1.0.2j PHP/5.6.30 configured -- resuming normal operations
[Wed May 06 13:07:57.606381 2026] [mpm_winnt:notice] [pid 19288:tid 628] AH00456: Apache Lounge VC11 Server built: Dec 20 2016 13:02:04
[Wed May 06 13:07:57.606381 2026] [core:notice] [pid 19288:tid 628] AH00094: Command line: 'c:\\xampp007\\apache\\bin\\httpd.exe -d C:/xampp007/apache'
[Wed May 06 13:07:57.612732 2026] [mpm_winnt:notice] [pid 19288:tid 628] AH00418: Parent: Created child process 11720
[Wed May 06 13:07:58.080035 2026] [ssl:warn] [pid 11720:tid 692] AH01909: www.example.com:443:0 server certificate does NOT include an ID which matches the server name
[Wed May 06 13:07:58.175545 2026] [ssl:warn] [pid 11720:tid 692] AH01909: www.example.com:443:0 server certificate does NOT include an ID which matches the server name
[Wed May 06 13:07:58.202756 2026] [mpm_winnt:notice] [pid 11720:tid 692] AH00354: Child: Starting 150 worker threads.
[Wed May 06 13:56:06.250667 2026] [:error] [pid 11720:tid 2096] [client ::1:50278] PHP Notice:  Undefined variable: page in C:\\xampp007\\htdocs\\ALDI25550036\\t_kat.php on line 119, referer: http://localhost/ALDI25550036/kategori_produk.php
[Wed May 06 13:56:06.250667 2026] [:error] [pid 11720:tid 2096] [client ::1:50278] PHP Notice:  Undefined variable: page in C:\\xampp007\\htdocs\\ALDI25550036\\t_kat.php on line 127, referer: http://localhost/ALDI25550036/kategori_produk.php
[Wed May 06 13:56:06.250667 2026] [:error] [pid 11720:tid 2096] [client ::1:50278] PHP Notice:  Undefined variable: page in C:\\xampp007\\htdocs\\ALDI25550036\\t_kat.php on line 135, referer: http://localhost/ALDI25550036/kategori_produk.php
[Wed May 06 13:56:06.250667 2026] [:error] [pid 11720:tid 2096] [client ::1:50278] PHP Notice:  Undefined variable: page in C:\\xampp007\\htdocs\\ALDI25550036\\t_kat.php on line 143, referer: http://localhost/ALDI25550036/kategori_produk.php
[Wed May 06 13:56:06.250667 2026] [:error] [pid 11720:tid 2096] [client ::1:50278] PHP Notice:  Undefined variable: page in C:\\xampp007\\htdocs\\ALDI25550036\\t_kat.php on line 151, referer: http://localhost/ALDI25550036/kategori_produk.php
[Wed May 06 13:56:18.514659 2026] [:error] [pid 11720:tid 2096] [client ::1:51555] PHP Notice:  Undefined variable: page in C:\\xampp007\\htdocs\\ALDI25550036\\t_kat.php on line 119, referer: http://localhost/ALDI25550036/kategori_produk.php
[Wed May 06 13:56:18.514659 2026] [:error] [pid 11720:tid 2096] [client ::1:51555] PHP Notice:  Undefined variable: page in C:\\xampp007\\htdocs\\ALDI25550036\\t_kat.php on line 127, referer: http://localhost/ALDI25550036/kategori_produk.php
[Wed May 06 13:56:18.515670 2026] [:error] [pid 11720:tid 2096] [client ::1:51555] PHP Notice:  Undefined variable: page in C:\\xampp007\\htdocs\\ALDI25550036\\t_kat.php on line 135, referer: http://localhost/ALDI25550036/kategori_produk.php
[Wed May 06 13:56:18.517065 2026] [:error] [pid 11720:tid 2096] [client ::1:51555] PHP Notice:  Undefined variable: page in C:\\xampp007\\htdocs\\ALDI25550036\\t_kat.php on line 143, referer: http://localhost/ALDI25550036/kategori_produk.php
[Wed May 06 13:56:18.517065 2026] [:error] [pid 11720:tid 2096] [client ::1:51555] PHP Notice:  Undefined variable: page in C:\\xampp007\\htdocs\\ALDI25550036\\t_kat.php on line 151, referer: http://localhost/ALDI25550036/kategori_produk.php
[Wed May 06 13:56:33.892331 2026] [:error] [pid 11720:tid 2096] [client ::1:61066] PHP Notice:  Undefined variable: page in C:\\xampp007\\htdocs\\ALDI25550036\\t_kat.php on line 119, referer: http://localhost/ALDI25550036/kategori_produk.php
[Wed May 06 13:56:33.893099 2026] [:error] [pid 11720:tid 2096] [client ::1:61066] PHP Notice:  Undefined variable: page in C:\\xampp007\\htdocs\\ALDI25550036\\t_kat.php on line 127, referer: http://localhost/ALDI25550036/kategori_produk.php
[Wed May 06 13:56:33.893674 2026] [:error] [pid 11720:tid 2096] [client ::1:61066] PHP Notice:  Undefined variable: page in C:\\xampp007\\htdocs\\ALDI25550036\\t_kat.php on line 135, referer: http://localhost/ALDI25550036/kategori_produk.php
[Wed May 06 13:56:33.893674 2026] [:error] [pid 11720:tid 2096] [client ::1:61066] PHP Notice:  Undefined variable: page in C:\\xampp007\\htdocs\\ALDI25550036\\t_kat.php on line 143, referer: http://localhost/ALDI25550036/kategori_produk.php
[Wed May 06 13:56:33.893674 2026] [:error] [pid 11720:tid 2096] [client ::1:61066] PHP Notice:  Undefined variable: page in C:\\xampp007\\htdocs\\ALDI25550036\\t_kat.php on line 151, referer: http://localhost/ALDI25550036/kategori_produk.php
[Wed May 06 13:57:58.646656 2026] [:error] [pid 11720:tid 2096] [client ::1:63482] PHP Notice:  Undefined variable: page in C:\\xampp007\\htdocs\\ALDI25550036\\t_kat.php on line 119, referer: http://localhost/ALDI25550036/kategori_produk.php
[Wed May 06 13:57:58.646656 2026] [:error] [pid 11720:tid 2096] [client ::1:63482] PHP Notice:  Undefined variable: page in C:\\xampp007\\htdocs\\ALDI25550036\\t_kat.php on line 127, referer: http://localhost/ALDI25550036/kategori_produk.php
[Wed May 06 13:57:58.646656 2026] [:error] [pid 11720:tid 2096] [client ::1:63482] PHP Notice:  Undefined variable: page in C:\\xampp007\\htdocs\\ALDI25550036\\t_kat.php on line 135, referer: http://localhost/ALDI25550036/kategori_produk.php
[Wed May 06 13:57:58.646656 2026] [:error] [pid 11720:tid 2096] [client ::1:63482] PHP Notice:  Undefined variable: page in C:\\xampp007\\htdocs\\ALDI25550036\\t_kat.php on line 143, referer: http://localhost/ALDI25550036/kategori_produk.php
[Wed May 06 13:57:58.648663 2026] [:error] [pid 11720:tid 2096] [client ::1:63482] PHP Notice:  Undefined variable: page in C:\\xampp007\\htdocs\\ALDI25550036\\t_kat.php on line 151, referer: http://localhost/ALDI25550036/kategori_produk.php
[Wed May 06 14:01:29.011123 2026] [:error] [pid 11720:tid 2072] [client ::1:65301] PHP Notice:  Undefined variable: page in C:\\xampp007\\htdocs\\ALDI25550036\\t_kat.php on line 119, referer: http://localhost/ALDI25550036/kategori_produk.php
[Wed May 06 14:01:29.011123 2026] [:error] [pid 11720:tid 2072] [client ::1:65301] PHP Notice:  Undefined variable: page in C:\\xampp007\\htdocs\\ALDI25550036\\t_kat.php on line 127, referer: http://localhost/ALDI25550036/kategori_produk.php
[Wed May 06 14:01:29.011123 2026] [:error] [pid 11720:tid 2072] [client ::1:65301] PHP Notice:  Undefined variable: page in C:\\xampp007\\htdocs\\ALDI25550036\\t_kat.php on line 135, referer: http://localhost/ALDI25550036/kategori_produk.php
[Wed May 06 14:01:29.011123 2026] [:error] [pid 11720:tid 2072] [client ::1:65301] PHP Notice:  Undefined variable: page in C:\\xampp007\\htdocs\\ALDI25550036\\t_kat.php on line 143, referer: http://localhost/ALDI25550036/kategori_produk.php
[Wed May 06 14:01:29.011123 2026] [:error] [pid 11720:tid 2072] [client ::1:65301] PHP Notice:  Undefined variable: page in C:\\xampp007\\htdocs\\ALDI25550036\\t_kat.php on line 151, referer: http://localhost/ALDI25550036/kategori_produk.php
[Wed May 06 14:02:40.968888 2026] [:error] [pid 11720:tid 2096] [client ::1:59281] PHP Notice:  Undefined variable: page in C:\\xampp007\\htdocs\\ALDI25550036\\t_kat.php on line 119, referer: http://localhost/ALDI25550036/kategori_produk.php
[Wed May 06 14:02:40.968888 2026] [:error] [pid 11720:tid 2096] [client ::1:59281] PHP Notice:  Undefined variable: page in C:\\xampp007\\htdocs\\ALDI25550036\\t_kat.php on line 127, referer: http://localhost/ALDI25550036/kategori_produk.php
[Wed May 06 14:02:40.968888 2026] [:error] [pid 11720:tid 2096] [client ::1:59281] PHP Notice:  Undefined variable: page in C:\\xampp007\\htdocs\\ALDI25550036\\t_kat.php on line 135, referer: http://localhost/ALDI25550036/kategori_produk.php
[Wed May 06 14:02:40.968888 2026] [:error] [pid 11720:tid 2096] [client ::1:59281] PHP Notice:  Undefined variable: page in C:\\xampp007\\htdocs\\ALDI25550036\\t_kat.php on line 143, referer: http://localhost/ALDI25550036/kategori_produk.php
[Wed May 06 14:02:40.968888 2026] [:error] [pid 11720:tid 2096] [client ::1:59281] PHP Notice:  Undefined variable: page in C:\\xampp007\\htdocs\\ALDI25550036\\t_kat.php on line 151, referer: http://localhost/ALDI25550036/kategori_produk.php
[Wed May 06 14:03:52.830493 2026] [:error] [pid 11720:tid 2072] [client ::1:51014] PHP Notice:  Undefined variable: page in C:\\xampp007\\htdocs\\ALDI25550036\\t_kat.php on line 119, referer: http://localhost/ALDI25550036/kategori_produk.php
[Wed May 06 14:03:52.838434 2026] [:error] [pid 11720:tid 2072] [client ::1:51014] PHP Notice:  Undefined variable: page in C:\\xampp007\\htdocs\\ALDI25550036\\t_kat.php on line 127, referer: http://localhost/ALDI25550036/kategori_produk.php
[Wed May 06 14:03:52.838434 2026] [:error] [pid 11720:tid 2072] [client ::1:51014] PHP Notice:  Undefined variable: page in C:\\xampp007\\htdocs\\ALDI25550036\\t_kat.php on line 135, referer: http://localhost/ALDI25550036/kategori_produk.php
[Wed May 06 14:03:52.840308 2026] [:error] [pid 11720:tid 2072] [client ::1:51014] PHP Notice:  Undefined variable: page in C:\\xampp007\\htdocs\\ALDI25550036\\t_kat.php on line 143, referer: http://localhost/ALDI25550036/kategori_produk.php
[Wed May 06 14:03:52.840308 2026] [:error] [pid 11720:tid 2072] [client ::1:51014] PHP Notice:  Undefined variable: page in C:\\xampp007\\htdocs\\ALDI25550036\\t_kat.php on line 151, referer: http://localhost/ALDI25550036/kategori_produk.php
[Wed May 06 14:04:28.993581 2026] [:error] [pid 11720:tid 2096] [client ::1:52167] PHP Notice:  Undefined variable: page in C:\\xampp007\\htdocs\\ALDI25550036\\t_kat.php on line 119, referer: http://localhost/ALDI25550036/kategori_produk.php
[Wed May 06 14:04:28.993581 2026] [:error] [pid 11720:tid 2096] [client ::1:52167] PHP Notice:  Undefined variable: page in C:\\xampp007\\htdocs\\ALDI25550036\\t_kat.php on line 127, referer: http://localhost/ALDI25550036/kategori_produk.php
[Wed May 06 14:04:28.993581 2026] [:error] [pid 11720:tid 2096] [client ::1:52167] PHP Notice:  Undefined variable: page in C:\\xampp007\\htdocs\\ALDI25550036\\t_kat.php on line 135, referer: http://localhost/ALDI25550036/kategori_produk.php
[Wed May 06 14:04:28.993581 2026] [:error] [pid 11720:tid 2096] [client ::1:52167] PHP Notice:  Undefined variable: page in C:\\xampp007\\htdocs\\ALDI25550036\\t_kat.php on line 143, referer: http://localhost/ALDI25550036/kategori_produk.php
[Wed May 06 14:04:28.993581 2026] [:error] [pid 11720:tid 2096] [client ::1:52167] PHP Notice:  Undefined variable: page in C:\\xampp007\\htdocs\\ALDI25550036\\t_kat.php on line 151, referer: http://localhost/ALDI25550036/kategori_produk.php
[Wed May 06 14:04:59.368987 2026] [:error] [pid 11720:tid 2072] [client ::1:51448] PHP Notice:  Undefined variable: page in C:\\xampp007\\htdocs\\ALDI25550036\\t_kat.php on line 119, referer: http://localhost/ALDI25550036/kategori_produk.php
[Wed May 06 14:04:59.368987 2026] [:error] [pid 11720:tid 2072] [client ::1:51448] PHP Notice:  Undefined variable: page in C:\\xampp007\\htdocs\\ALDI25550036\\t_kat.php on line 127, referer: http://localhost/ALDI25550036/kategori_produk.php
[Wed May 06 14:04:59.368987 2026] [:error] [pid 11720:tid 2072] [client ::1:51448] PHP Notice:  Undefined variable: page in C:\\xampp007\\htdocs\\ALDI25550036\\t_kat.php on line 135, referer: http://localhost/ALDI25550036/kategori_produk.php
[Wed May 06 14:04:59.368987 2026] [:error] [pid 11720:tid 2072] [client ::1:51448] PHP Notice:  Undefined variable: page in C:\\xampp007\\htdocs\\ALDI25550036\\t_kat.php on line 143, referer: http://localhost/ALDI25550036/kategori_produk.php
[Wed May 06 14:04:59.368987 2026] [:error] [pid 11720:tid 2072] [client ::1:51448] PHP Notice:  Undefined variable: page in C:\\xampp007\\htdocs\\ALDI25550036\\t_kat.php on line 151, referer: http://localhost/ALDI25550036/kategori_produk.php
[Wed May 06 14:06:51.441199 2026] [:error] [pid 11720:tid 2096] [client ::1:62407] PHP Notice:  Undefined variable: page in C:\\xampp007\\htdocs\\ALDI25550036\\t_kat.php on line 119, referer: http://localhost/ALDI25550036/kategori_produk.php
[Wed May 06 14:06:51.447156 2026] [:error] [pid 11720:tid 2096] [client ::1:62407] PHP Notice:  Undefined variable: page in C:\\xampp007\\htdocs\\ALDI25550036\\t_kat.php on line 127, referer: http://localhost/ALDI25550036/kategori_produk.php
[Wed May 06 14:06:51.447156 2026] [:error] [pid 11720:tid 2096] [client ::1:62407] PHP Notice:  Undefined variable: page in C:\\xampp007\\htdocs\\ALDI25550036\\t_kat.php on line 135, referer: http://localhost/ALDI25550036/kategori_produk.php
[Wed May 06 14:06:51.447156 2026] [:error] [pid 11720:tid 2096] [client ::1:62407] PHP Notice:  Undefined variable: page in C:\\xampp007\\htdocs\\ALDI25550036\\t_kat.php on line 143, referer: http://localhost/ALDI25550036/kategori_produk.php
[Wed May 06 14:06:51.447156 2026] [:error] [pid 11720:tid 2096] [client ::1:62407] PHP Notice:  Undefined variable: page in C:\\xampp007\\htdocs\\ALDI25550036\\t_kat.php on line 151, referer: http://localhost/ALDI25550036/kategori_produk.php
[Wed May 06 14:07:33.275434 2026] [:error] [pid 11720:tid 2072] [client ::1:58300] PHP Notice:  Undefined variable: page in C:\\xampp007\\htdocs\\ALDI25550036\\t_kat.php on line 119, referer: http://localhost/ALDI25550036/kategori_produk.php
[Wed May 06 14:07:33.275434 2026] [:error] [pid 11720:tid 2072] [client ::1:58300] PHP Notice:  Undefined variable: page in C:\\xampp007\\htdocs\\ALDI25550036\\t_kat.php on line 127, referer: http://localhost/ALDI25550036/kategori_produk.php
[Wed May 06 14:07:33.275434 2026] [:error] [pid 11720:tid 2072] [client ::1:58300] PHP Notice:  Undefined variable: page in C:\\xampp007\\htdocs\\ALDI25550036\\t_kat.php on line 135, referer: http://localhost/ALDI25550036/kategori_produk.php
[Wed May 06 14:07:33.275434 2026] [:error] [pid 11720:tid 2072] [client ::1:58300] PHP Notice:  Undefined variable: page in C:\\xampp007\\htdocs\\ALDI25550036\\t_kat.php on line 143, referer: http://localhost/ALDI25550036/kategori_produk.php
[Wed May 06 14:07:33.275434 2026] [:error] [pid 11720:tid 2072] [client ::1:58300] PHP Notice:  Undefined variable: page in C:\\xampp007\\htdocs\\ALDI25550036\\t_kat.php on line 151, referer: http://localhost/ALDI25550036/kategori_produk.php
[Wed May 06 14:08:03.860735 2026] [:error] [pid 11720:tid 2096] [client ::1:49283] PHP Notice:  Undefined variable: page in C:\\xampp007\\htdocs\\ALDI25550036\\t_kat.php on line 119, referer: http://localhost/ALDI25550036/kategori_produk.php
[Wed May 06 14:08:03.860735 2026] [:error] [pid 11720:tid 2096] [client ::1:49283] PHP Notice:  Undefined variable: page in C:\\xampp007\\htdocs\\ALDI25550036\\t_kat.php on line 127, referer: http://localhost/ALDI25550036/kategori_produk.php
[Wed May 06 14:08:03.860735 2026] [:error] [pid 11720:tid 2096] [client ::1:49283] PHP Notice:  Undefined variable: page in C:\\xampp007\\htdocs\\ALDI25550036\\t_kat.php on line 135, referer: http://localhost/ALDI25550036/kategori_produk.php
[Wed May 06 14:08:03.865324 2026] [:error] [pid 11720:tid 2096] [client ::1:49283] PHP Notice:  Undefined variable: page in C:\\xampp007\\htdocs\\ALDI25550036\\t_kat.php on line 143, referer: http://localhost/ALDI25550036/kategori_produk.php
[Wed May 06 14:08:03.865324 2026] [:error] [pid 11720:tid 2096] [client ::1:49283] PHP Notice:  Undefined variable: page in C:\\xampp007\\htdocs\\ALDI25550036\\t_kat.php on line 151, referer: http://localhost/ALDI25550036/kategori_produk.php
[Wed May 06 14:08:26.808219 2026] [:error] [pid 11720:tid 2096] [client ::1:58580] PHP Notice:  Undefined variable: page in C:\\xampp007\\htdocs\\ALDI25550036\\t_kat.php on line 119, referer: http://localhost/ALDI25550036/kategori_produk.php
[Wed May 06 14:08:26.808219 2026] [:error] [pid 11720:tid 2096] [client ::1:58580] PHP Notice:  Undefined variable: page in C:\\xampp007\\htdocs\\ALDI25550036\\t_kat.php on line 127, referer: http://localhost/ALDI25550036/kategori_produk.php
[Wed May 06 14:08:26.808219 2026] [:error] [pid 11720:tid 2096] [client ::1:58580] PHP Notice:  Undefined variable: page in C:\\xampp007\\htdocs\\ALDI25550036\\t_kat.php on line 135, referer: http://localhost/ALDI25550036/kategori_produk.php
[Wed May 06 14:08:26.808219 2026] [:error] [pid 11720:tid 2096] [client ::1:58580] PHP Notice:  Undefined variable: page in C:\\xampp007\\htdocs\\ALDI25550036\\t_kat.php on line 143, referer: http://localhost/ALDI25550036/kategori_produk.php
[Wed May 06 14:08:26.808219 2026] [:error] [pid 11720:tid 2096] [client ::1:58580] PHP Notice:  Undefined variable: page in C:\\xampp007\\htdocs\\ALDI25550036\\t_kat.php on line 151, referer: http://localhost/ALDI25550036/kategori_produk.php
[Wed May 06 14:10:04.316923 2026] [:error] [pid 11720:tid 2072] [client ::1:61695] PHP Notice:  Undefined variable: page in C:\\xampp007\\htdocs\\ALDI25550036\\t_kat.php on line 119, referer: http://localhost/ALDI25550036/kategori_produk.php
[Wed May 06 14:10:04.316923 2026] [:error] [pid 11720:tid 2072] [client ::1:61695] PHP Notice:  Undefined variable: page in C:\\xampp007\\htdocs\\ALDI25550036\\t_kat.php on line 127, referer: http://localhost/ALDI25550036/kategori_produk.php
[Wed May 06 14:10:04.316923 2026] [:error] [pid 11720:tid 2072] [client ::1:61695] PHP Notice:  Undefined variable: page in C:\\xampp007\\htdocs\\ALDI25550036\\t_kat.php on line 135, referer: http://localhost/ALDI25550036/kategori_produk.php
[Wed May 06 14:10:04.316923 2026] [:error] [pid 11720:tid 2072] [client ::1:61695] PHP Notice:  Undefined variable: page in C:\\xampp007\\htdocs\\ALDI25550036\\t_kat.php on line 143, referer: http://localhost/ALDI25550036/kategori_produk.php
[Wed May 06 14:10:04.316923 2026] [:error] [pid 11720:tid 2072] [client ::1:61695] PHP Notice:  Undefined variable: page in C:\\xampp007\\htdocs\\ALDI25550036\\t_kat.php on line 151, referer: http://localhost/ALDI25550036/kategori_produk.php
[Wed May 06 14:11:49.622302 2026] [:error] [pid 11720:tid 2096] [client ::1:50615] PHP Notice:  Undefined variable: page in C:\\xampp007\\htdocs\\ALDI25550036\\t_kat.php on line 119, referer: http://localhost/ALDI25550036/kategori_produk.php
[Wed May 06 14:11:49.622302 2026] [:error] [pid 11720:tid 2096] [client ::1:50615] PHP Notice:  Undefined variable: page in C:\\xampp007\\htdocs\\ALDI25550036\\t_kat.php on line 127, referer: http://localhost/ALDI25550036/kategori_produk.php
[Wed May 06 14:11:49.622302 2026] [:error] [pid 11720:tid 2096] [client ::1:50615] PHP Notice:  Undefined variable: page in C:\\xampp007\\htdocs\\ALDI25550036\\t_kat.php on line 135, referer: http://localhost/ALDI25550036/kategori_produk.php
[Wed May 06 14:11:49.622302 2026] [:error] [pid 11720:tid 2096] [client ::1:50615] PHP Notice:  Undefined variable: page in C:\\xampp007\\htdocs\\ALDI25550036\\t_kat.php on line 143, referer: http://localhost/ALDI25550036/kategori_produk.php
[Wed May 06 14:11:49.622302 2026] [:error] [pid 11720:tid 2096] [client ::1:50615] PHP Notice:  Undefined variable: page in C:\\xampp007\\htdocs\\ALDI25550036\\t_kat.php on line 151, referer: http://localhost/ALDI25550036/kategori_produk.php
[Wed May 06 14:12:37.117467 2026] [:error] [pid 11720:tid 2072] [client ::1:63161] PHP Notice:  Undefined variable: page in C:\\xampp007\\htdocs\\ALDI25550036\\t_kat.php on line 119, referer: http://localhost/ALDI25550036/kategori_produk.php
[Wed May 06 14:12:37.117467 2026] [:error] [pid 11720:tid 2072] [client ::1:63161] PHP Notice:  Undefined variable: page in C:\\xampp007\\htdocs\\ALDI25550036\\t_kat.php on line 127, referer: http://localhost/ALDI25550036/kategori_produk.php
[Wed May 06 14:12:37.117467 2026] [:error] [pid 11720:tid 2072] [client ::1:63161] PHP Notice:  Undefined variable: page in C:\\xampp007\\htdocs\\ALDI25550036\\t_kat.php on line 135, referer: http://localhost/ALDI25550036/kategori_produk.php
[Wed May 06 14:12:37.117467 2026] [:error] [pid 11720:tid 2072] [client ::1:63161] PHP Notice:  Undefined variable: page in C:\\xampp007\\htdocs\\ALDI25550036\\t_kat.php on line 143, referer: http://localhost/ALDI25550036/kategori_produk.php
[Wed May 06 14:12:37.117467 2026] [:error] [pid 11720:tid 2072] [client ::1:63161] PHP Notice:  Undefined variable: page in C:\\xampp007\\htdocs\\ALDI25550036\\t_kat.php on line 151, referer: http://localhost/ALDI25550036/kategori_produk.php
[Wed May 06 14:14:29.633283 2026] [:error] [pid 11720:tid 2096] [client ::1:51813] PHP Notice:  Undefined variable: page in C:\\xampp007\\htdocs\\ALDI25550036\\t_kat.php on line 119, referer: http://localhost/ALDI25550036/kategori_produk.php
[Wed May 06 14:14:29.633283 2026] [:error] [pid 11720:tid 2096] [client ::1:51813] PHP Notice:  Undefined variable: page in C:\\xampp007\\htdocs\\ALDI25550036\\t_kat.php on line 127, referer: http://localhost/ALDI25550036/kategori_produk.php
[Wed May 06 14:14:29.633283 2026] [:error] [pid 11720:tid 2096] [client ::1:51813] PHP Notice:  Undefined variable: page in C:\\xampp007\\htdocs\\ALDI25550036\\t_kat.php on line 135, referer: http://localhost/ALDI25550036/kategori_produk.php
[Wed May 06 14:14:29.633283 2026] [:error] [pid 11720:tid 2096] [client ::1:51813] PHP Notice:  Undefined variable: page in C:\\xampp007\\htdocs\\ALDI25550036\\t_kat.php on line 143, referer: http://localhost/ALDI25550036/kategori_produk.php
[Wed May 06 14:14:29.633283 2026] [:error] [pid 11720:tid 2096] [client ::1:51813] PHP Notice:  Undefined variable: page in C:\\xampp007\\htdocs\\ALDI25550036\\t_kat.php on line 151, referer: http://localhost/ALDI25550036/kategori_produk.php
[Wed May 06 14:15:07.472584 2026] [:error] [pid 11720:tid 2072] [client ::1:59643] PHP Notice:  Undefined variable: page in C:\\xampp007\\htdocs\\ALDI25550036\\t_kat.php on line 119, referer: http://localhost/ALDI25550036/kategori_produk.php
[Wed May 06 14:15:07.472584 2026] [:error] [pid 11720:tid 2072] [client ::1:59643] PHP Notice:  Undefined variable: page in C:\\xampp007\\htdocs\\ALDI25550036\\t_kat.php on line 127, referer: http://localhost/ALDI25550036/kategori_produk.php
[Wed May 06 14:15:07.472584 2026] [:error] [pid 11720:tid 2072] [client ::1:59643] PHP Notice:  Undefined variable: page in C:\\xampp007\\htdocs\\ALDI25550036\\t_kat.php on line 135, referer: http://localhost/ALDI25550036/kategori_produk.php
[Wed May 06 14:15:07.477183 2026] [:error] [pid 11720:tid 2072] [client ::1:59643] PHP Notice:  Undefined variable: page in C:\\xampp007\\htdocs\\ALDI25550036\\t_kat.php on line 143, referer: http://localhost/ALDI25550036/kategori_produk.php
[Wed May 06 14:15:07.477183 2026] [:error] [pid 11720:tid 2072] [client ::1:59643] PHP Notice:  Undefined variable: page in C:\\xampp007\\htdocs\\ALDI25550036\\t_kat.php on line 151, referer: http://localhost/ALDI25550036/kategori_produk.php
[Wed May 06 14:15:35.665672 2026] [:error] [pid 11720:tid 2096] [client ::1:50366] PHP Notice:  Undefined variable: page in C:\\xampp007\\htdocs\\ALDI25550036\\t_kat.php on line 119, referer: http://localhost/ALDI25550036/kategori_produk.php
[Wed May 06 14:15:35.665672 2026] [:error] [pid 11720:tid 2096] [client ::1:50366] PHP Notice:  Undefined variable: page in C:\\xampp007\\htdocs\\ALDI25550036\\t_kat.php on line 127, referer: http://localhost/ALDI25550036/kategori_produk.php
[Wed May 06 14:15:35.665672 2026] [:error] [pid 11720:tid 2096] [client ::1:50366] PHP Notice:  Undefined variable: page in C:\\xampp007\\htdocs\\ALDI25550036\\t_kat.php on line 135, referer: http://localhost/ALDI25550036/kategori_produk.php
[Wed May 06 14:15:35.665672 2026] [:error] [pid 11720:tid 2096] [client ::1:50366] PHP Notice:  Undefined variable: page in C:\\xampp007\\htdocs\\ALDI25550036\\t_kat.php on line 143, referer: http://localhost/ALDI25550036/kategori_produk.php
[Wed May 06 14:15:35.665672 2026] [:error] [pid 11720:tid 2096] [client ::1:50366] PHP Notice:  Undefined variable: page in C:\\xampp007\\htdocs\\ALDI25550036\\t_kat.php on line 151, referer: http://localhost/ALDI25550036/kategori_produk.php
[Wed May 06 15:24:47.323135 2026] [:error] [pid 11720:tid 2072] [client ::1:52794] PHP Notice:  Undefined variable: page in C:\\xampp007\\htdocs\\ALDI25550036\\t_kat.php on line 119, referer: http://localhost/ALDI25550036/kategori_produk.php
[Wed May 06 15:24:47.323135 2026] [:error] [pid 11720:tid 2072] [client ::1:52794] PHP Notice:  Undefined variable: page in C:\\xampp007\\htdocs\\ALDI25550036\\t_kat.php on line 127, referer: http://localhost/ALDI25550036/kategori_produk.php
[Wed May 06 15:24:47.323135 2026] [:error] [pid 11720:tid 2072] [client ::1:52794] PHP Notice:  Undefined variable: page in C:\\xampp007\\htdocs\\ALDI25550036\\t_kat.php on line 135, referer: http://localhost/ALDI25550036/kategori_produk.php
[Wed May 06 15:24:47.323135 2026] [:error] [pid 11720:tid 2072] [client ::1:52794] PHP Notice:  Undefined variable: page in C:\\xampp007\\htdocs\\ALDI25550036\\t_kat.php on line 143, referer: http://localhost/ALDI25550036/kategori_produk.php
[Wed May 06 15:24:47.323135 2026] [:error] [pid 11720:tid 2072] [client ::1:52794] PHP Notice:  Undefined variable: page in C:\\xampp007\\htdocs\\ALDI25550036\\t_kat.php on line 151, referer: http://localhost/ALDI25550036/kategori_produk.php
[Wed May 06 15:35:30.370475 2026] [:error] [pid 11720:tid 2072] [client ::1:64781] PHP Notice:  Undefined variable: page in C:\\xampp007\\htdocs\\ALDI25550036\\t_kat.php on line 119, referer: http://localhost/ALDI25550036/kategori_produk.php
[Wed May 06 15:35:30.370475 2026] [:error] [pid 11720:tid 2072] [client ::1:64781] PHP Notice:  Undefined variable: page in C:\\xampp007\\htdocs\\ALDI25550036\\t_kat.php on line 127, referer: http://localhost/ALDI25550036/kategori_produk.php
[Wed May 06 15:35:30.370475 2026] [:error] [pid 11720:tid 2072] [client ::1:64781] PHP Notice:  Undefined variable: page in C:\\xampp007\\htdocs\\ALDI25550036\\t_kat.php on line 135, referer: http://localhost/ALDI25550036/kategori_produk.php
[Wed May 06 15:35:30.370475 2026] [:error] [pid 11720:tid 2072] [client ::1:64781] PHP Notice:  Undefined variable: page in C:\\xampp007\\htdocs\\ALDI25550036\\t_kat.php on line 143, referer: http://localhost/ALDI25550036/kategori_produk.php
[Wed May 06 15:35:30.370475 2026] [:error] [pid 11720:tid 2072] [client ::1:64781] PHP Notice:  Undefined variable: page in C:\\xampp007\\htdocs\\ALDI25550036\\t_kat.php on line 151, referer: http://localhost/ALDI25550036/kategori_produk.php
[Wed May 06 15:35:34.024742 2026] [:error] [pid 11720:tid 2072] [client ::1:64781] PHP Notice:  Undefined variable: page in C:\\xampp007\\htdocs\\ALDI25550036\\t_kat.php on line 119, referer: http://localhost/ALDI25550036/kategori_produk.php
[Wed May 06 15:35:34.024742 2026] [:error] [pid 11720:tid 2072] [client ::1:64781] PHP Notice:  Undefined variable: page in C:\\xampp007\\htdocs\\ALDI25550036\\t_kat.php on line 127, referer: http://localhost/ALDI25550036/kategori_produk.php
[Wed May 06 15:35:34.024742 2026] [:error] [pid 11720:tid 2072] [client ::1:64781] PHP Notice:  Undefined variable: page in C:\\xampp007\\htdocs\\ALDI25550036\\t_kat.php on line 135, referer: http://localhost/ALDI25550036/kategori_produk.php
[Wed May 06 15:35:34.024742 2026] [:error] [pid 11720:tid 2072] [client ::1:64781] PHP Notice:  Undefined variable: page in C:\\xampp007\\htdocs\\ALDI25550036\\t_kat.php on line 143, referer: http://localhost/ALDI25550036/kategori_produk.php
[Wed May 06 15:35:34.031320 2026] [:error] [pid 11720:tid 2072] [client ::1:64781] PHP Notice:  Undefined variable: page in C:\\xampp007\\htdocs\\ALDI25550036\\t_kat.php on line 151, referer: http://localhost/ALDI25550036/kategori_produk.php
[Wed May 06 17:58:53.944848 2026] [ssl:warn] [pid 11736:tid 708] AH01909: www.example.com:443:0 server certificate does NOT include an ID which matches the server name
[Wed May 06 17:58:53.986132 2026] [core:warn] [pid 11736:tid 708] AH00098: pid file C:/xampp007/apache/logs/httpd.pid overwritten -- Unclean shutdown of previous Apache run?
[Wed May 06 17:58:54.044487 2026] [ssl:warn] [pid 11736:tid 708] AH01909: www.example.com:443:0 server certificate does NOT include an ID which matches the server name
[Wed May 06 17:58:54.356212 2026] [mpm_winnt:notice] [pid 11736:tid 708] AH00455: Apache/2.4.25 (Win32) OpenSSL/1.0.2j PHP/5.6.30 configured -- resuming normal operations
[Wed May 06 17:58:54.356212 2026] [mpm_winnt:notice] [pid 11736:tid 708] AH00456: Apache Lounge VC11 Server built: Dec 20 2016 13:02:04
[Wed May 06 17:58:54.356212 2026] [core:notice] [pid 11736:tid 708] AH00094: Command line: 'c:\\xampp007\\apache\\bin\\httpd.exe -d C:/xampp007/apache'
[Wed May 06 17:58:54.372466 2026] [mpm_winnt:notice] [pid 11736:tid 708] AH00418: Parent: Created child process 19088
[Wed May 06 17:58:54.777137 2026] [ssl:warn] [pid 19088:tid 692] AH01909: www.example.com:443:0 server certificate does NOT include an ID which matches the server name
[Wed May 06 17:58:54.869527 2026] [ssl:warn] [pid 19088:tid 692] AH01909: www.example.com:443:0 server certificate does NOT include an ID which matches the server name
[Wed May 06 17:58:54.889524 2026] [mpm_winnt:notice] [pid 19088:tid 692] AH00354: Child: Starting 150 worker threads.
[Wed May 06 17:59:16.914764 2026] [:error] [pid 19088:tid 2052] [client ::1:60088] PHP Notice:  Undefined variable: page in C:\\xampp007\\htdocs\\ALDI25550036\\t_kat.php on line 119, referer: http://localhost/ALDI25550036/kategori_produk.php
[Wed May 06 17:59:16.914764 2026] [:error] [pid 19088:tid 2052] [client ::1:60088] PHP Notice:  Undefined variable: page in C:\\xampp007\\htdocs\\ALDI25550036\\t_kat.php on line 127, referer: http://localhost/ALDI25550036/kategori_produk.php
[Wed May 06 17:59:16.914764 2026] [:error] [pid 19088:tid 2052] [client ::1:60088] PHP Notice:  Undefined variable: page in C:\\xampp007\\htdocs\\ALDI25550036\\t_kat.php on line 135, referer: http://localhost/ALDI25550036/kategori_produk.php
[Wed May 06 17:59:16.914764 2026] [:error] [pid 19088:tid 2052] [client ::1:60088] PHP Notice:  Undefined variable: page in C:\\xampp007\\htdocs\\ALDI25550036\\t_kat.php on line 143, referer: http://localhost/ALDI25550036/kategori_produk.php
[Wed May 06 17:59:16.914764 2026] [:error] [pid 19088:tid 2052] [client ::1:60088] PHP Notice:  Undefined variable: page in C:\\xampp007\\htdocs\\ALDI25550036\\t_kat.php on line 151, referer: http://localhost/ALDI25550036/kategori_produk.php
[Wed May 06 19:43:53.727368 2026] [ssl:warn] [pid 12928:tid 724] AH01909: www.example.com:443:0 server certificate does NOT include an ID which matches the server name
[Wed May 06 19:43:53.764358 2026] [core:warn] [pid 12928:tid 724] AH00098: pid file C:/xampp007/apache/logs/httpd.pid overwritten -- Unclean shutdown of previous Apache run?
[Wed May 06 19:43:53.828864 2026] [ssl:warn] [pid 12928:tid 724] AH01909: www.example.com:443:0 server certificate does NOT include an ID which matches the server name
[Wed May 06 19:43:53.844581 2026] [mpm_winnt:notice] [pid 12928:tid 724] AH00455: Apache/2.4.25 (Win32) OpenSSL/1.0.2j PHP/5.6.30 configured -- resuming normal operations
[Wed May 06 19:43:53.844581 2026] [mpm_winnt:notice] [pid 12928:tid 724] AH00456: Apache Lounge VC11 Server built: Dec 20 2016 13:02:04
[Wed May 06 19:43:53.844581 2026] [core:notice] [pid 12928:tid 724] AH00094: Command line: 'c:\\xampp007\\apache\\bin\\httpd.exe -d C:/xampp007/apache'
[Wed May 06 19:43:53.855940 2026] [mpm_winnt:notice] [pid 12928:tid 724] AH00418: Parent: Created child process 5600
[Wed May 06 19:43:54.318593 2026] [ssl:warn] [pid 5600:tid 704] AH01909: www.example.com:443:0 server certificate does NOT include an ID which matches the server name
[Wed May 06 19:43:54.397951 2026] [ssl:warn] [pid 5600:tid 704] AH01909: www.example.com:443:0 server certificate does NOT include an ID which matches the server name
[Wed May 06 19:43:54.435596 2026] [mpm_winnt:notice] [pid 5600:tid 704] AH00354: Child: Starting 150 worker threads.
[Wed May 06 19:44:54.199101 2026] [:error] [pid 5600:tid 2080] [client ::1:53256] PHP Notice:  Undefined variable: page in C:\\xampp007\\htdocs\\ALDI25550036\\t_kat.php on line 119, referer: http://localhost/ALDI25550036/kategori_produk.php
[Wed May 06 19:44:54.200133 2026] [:error] [pid 5600:tid 2080] [client ::1:53256] PHP Notice:  Undefined variable: page in C:\\xampp007\\htdocs\\ALDI25550036\\t_kat.php on line 127, referer: http://localhost/ALDI25550036/kategori_produk.php
[Wed May 06 19:44:54.200133 2026] [:error] [pid 5600:tid 2080] [client ::1:53256] PHP Notice:  Undefined variable: page in C:\\xampp007\\htdocs\\ALDI25550036\\t_kat.php on line 135, referer: http://localhost/ALDI25550036/kategori_produk.php
[Wed May 06 19:44:54.200133 2026] [:error] [pid 5600:tid 2080] [client ::1:53256] PHP Notice:  Undefined variable: page in C:\\xampp007\\htdocs\\ALDI25550036\\t_kat.php on line 143, referer: http://localhost/ALDI25550036/kategori_produk.php
[Wed May 06 19:44:54.200133 2026] [:error] [pid 5600:tid 2080] [client ::1:53256] PHP Notice:  Undefined variable: page in C:\\xampp007\\htdocs\\ALDI25550036\\t_kat.php on line 151, referer: http://localhost/ALDI25550036/kategori_produk.php
[Wed May 06 19:51:01.534303 2026] [:error] [pid 5600:tid 2044] [client ::1:60905] PHP Notice:  Undefined variable: page in C:\\xampp007\\htdocs\\ALDI25550036\\t_kat.php on line 119, referer: http://localhost/ALDI25550036/kategori_produk.php
[Wed May 06 19:51:01.534303 2026] [:error] [pid 5600:tid 2044] [client ::1:60905] PHP Notice:  Undefined variable: page in C:\\xampp007\\htdocs\\ALDI25550036\\t_kat.php on line 127, referer: http://localhost/ALDI25550036/kategori_produk.php
[Wed May 06 19:51:01.537042 2026] [:error] [pid 5600:tid 2044] [client ::1:60905] PHP Notice:  Undefined variable: page in C:\\xampp007\\htdocs\\ALDI25550036\\t_kat.php on line 135, referer: http://localhost/ALDI25550036/kategori_produk.php
[Wed May 06 19:51:01.537042 2026] [:error] [pid 5600:tid 2044] [client ::1:60905] PHP Notice:  Undefined variable: page in C:\\xampp007\\htdocs\\ALDI25550036\\t_kat.php on line 143, referer: http://localhost/ALDI25550036/kategori_produk.php
[Wed May 06 19:51:01.537042 2026] [:error] [pid 5600:tid 2044] [client ::1:60905] PHP Notice:  Undefined variable: page in C:\\xampp007\\htdocs\\ALDI25550036\\t_kat.php on line 151, referer: http://localhost/ALDI25550036/kategori_produk.php
[Wed May 06 20:06:50.931729 2026] [:error] [pid 5600:tid 2080] [client ::1:63693] PHP Notice:  Undefined variable: page in C:\\xampp007\\htdocs\\ALDI25550036\\t_kat.php on line 119, referer: http://localhost/ALDI25550036/kategori_produk.php
[Wed May 06 20:06:50.931729 2026] [:error] [pid 5600:tid 2080] [client ::1:63693] PHP Notice:  Undefined variable: page in C:\\xampp007\\htdocs\\ALDI25550036\\t_kat.php on line 127, referer: http://localhost/ALDI25550036/kategori_produk.php
[Wed May 06 20:06:50.931729 2026] [:error] [pid 5600:tid 2080] [client ::1:63693] PHP Notice:  Undefined variable: page in C:\\xampp007\\htdocs\\ALDI25550036\\t_kat.php on line 135, referer: http://localhost/ALDI25550036/kategori_produk.php
[Wed May 06 20:06:50.931729 2026] [:error] [pid 5600:tid 2080] [client ::1:63693] PHP Notice:  Undefined variable: page in C:\\xampp007\\htdocs\\ALDI25550036\\t_kat.php on line 143, referer: http://localhost/ALDI25550036/kategori_produk.php
[Wed May 06 20:06:50.931729 2026] [:error] [pid 5600:tid 2080] [client ::1:63693] PHP Notice:  Undefined variable: page in C:\\xampp007\\htdocs\\ALDI25550036\\t_kat.php on line 151, referer: http://localhost/ALDI25550036/kategori_produk.php
[Wed May 06 20:06:51.965195 2026] [:error] [pid 5600:tid 2080] [client ::1:63693] PHP Notice:  Undefined variable: page in C:\\xampp007\\htdocs\\ALDI25550036\\t_kat.php on line 119, referer: http://localhost/ALDI25550036/kategori_produk.php
[Wed May 06 20:06:51.965195 2026] [:error] [pid 5600:tid 2080] [client ::1:63693] PHP Notice:  Undefined variable: page in C:\\xampp007\\htdocs\\ALDI25550036\\t_kat.php on line 127, referer: http://localhost/ALDI25550036/kategori_produk.php
[Wed May 06 20:06:51.965195 2026] [:error] [pid 5600:tid 2080] [client ::1:63693] PHP Notice:  Undefined variable: page in C:\\xampp007\\htdocs\\ALDI25550036\\t_kat.php on line 135, referer: http://localhost/ALDI25550036/kategori_produk.php
[Wed May 06 20:06:51.965195 2026] [:error] [pid 5600:tid 2080] [client ::1:63693] PHP Notice:  Undefined variable: page in C:\\xampp007\\htdocs\\ALDI25550036\\t_kat.php on line 143, referer: http://localhost/ALDI25550036/kategori_produk.php
[Wed May 06 20:06:51.965195 2026] [:error] [pid 5600:tid 2080] [client ::1:63693] PHP Notice:  Undefined variable: page in C:\\xampp007\\htdocs\\ALDI25550036\\t_kat.php on line 151, referer: http://localhost/ALDI25550036/kategori_produk.php
[Wed May 06 20:06:52.685312 2026] [:error] [pid 5600:tid 2080] [client ::1:63693] PHP Notice:  Undefined variable: page in C:\\xampp007\\htdocs\\ALDI25550036\\t_kat.php on line 119, referer: http://localhost/ALDI25550036/kategori_produk.php
[Wed May 06 20:06:52.685312 2026] [:error] [pid 5600:tid 2080] [client ::1:63693] PHP Notice:  Undefined variable: page in C:\\xampp007\\htdocs\\ALDI25550036\\t_kat.php on line 127, referer: http://localhost/ALDI25550036/kategori_produk.php
[Wed May 06 20:06:52.685312 2026] [:error] [pid 5600:tid 2080] [client ::1:63693] PHP Notice:  Undefined variable: page in C:\\xampp007\\htdocs\\ALDI25550036\\t_kat.php on line 135, referer: http://localhost/ALDI25550036/kategori_produk.php
[Wed May 06 20:06:52.687326 2026] [:error] [pid 5600:tid 2080] [client ::1:63693] PHP Notice:  Undefined variable: page in C:\\xampp007\\htdocs\\ALDI25550036\\t_kat.php on line 143, referer: http://localhost/ALDI25550036/kategori_produk.php
[Wed May 06 20:06:52.687326 2026] [:error] [pid 5600:tid 2080] [client ::1:63693] PHP Notice:  Undefined variable: page in C:\\xampp007\\htdocs\\ALDI25550036\\t_kat.php on line 151, referer: http://localhost/ALDI25550036/kategori_produk.php
[Wed May 06 20:06:53.166822 2026] [:error] [pid 5600:tid 2080] [client ::1:63693] PHP Notice:  Undefined variable: page in C:\\xampp007\\htdocs\\ALDI25550036\\t_kat.php on line 119, referer: http://localhost/ALDI25550036/kategori_produk.php
[Wed May 06 20:06:53.166822 2026] [:error] [pid 5600:tid 2080] [client ::1:63693] PHP Notice:  Undefined variable: page in C:\\xampp007\\htdocs\\ALDI25550036\\t_kat.php on line 127, referer: http://localhost/ALDI25550036/kategori_produk.php
[Wed May 06 20:06:53.166822 2026] [:error] [pid 5600:tid 2080] [client ::1:63693] PHP Notice:  Undefined variable: page in C:\\xampp007\\htdocs\\ALDI25550036\\t_kat.php on line 135, referer: http://localhost/ALDI25550036/kategori_produk.php
[Wed May 06 20:06:53.166822 2026] [:error] [pid 5600:tid 2080] [client ::1:63693] PHP Notice:  Undefined variable: page in C:\\xampp007\\htdocs\\ALDI25550036\\t_kat.php on line 143, referer: http://localhost/ALDI25550036/kategori_produk.php
[Wed May 06 20:06:53.166822 2026] [:error] [pid 5600:tid 2080] [client ::1:63693] PHP Notice:  Undefined variable: page in C:\\xampp007\\htdocs\\ALDI25550036\\t_kat.php on line 151, referer: http://localhost/ALDI25550036/kategori_produk.php
[Wed May 06 20:06:53.432426 2026] [:error] [pid 5600:tid 2080] [client ::1:63693] PHP Notice:  Undefined variable: page in C:\\xampp007\\htdocs\\ALDI25550036\\t_kat.php on line 119, referer: http://localhost/ALDI25550036/kategori_produk.php
[Wed May 06 20:06:53.433476 2026] [:error] [pid 5600:tid 2080] [client ::1:63693] PHP Notice:  Undefined variable: page in C:\\xampp007\\htdocs\\ALDI25550036\\t_kat.php on line 127, referer: http://localhost/ALDI25550036/kategori_produk.php
[Wed May 06 20:06:53.433476 2026] [:error] [pid 5600:tid 2080] [client ::1:63693] PHP Notice:  Undefined variable: page in C:\\xampp007\\htdocs\\ALDI25550036\\t_kat.php on line 135, referer: http://localhost/ALDI25550036/kategori_produk.php
[Wed May 06 20:06:53.433476 2026] [:error] [pid 5600:tid 2080] [client ::1:63693] PHP Notice:  Undefined variable: page in C:\\xampp007\\htdocs\\ALDI25550036\\t_kat.php on line 143, referer: http://localhost/ALDI25550036/kategori_produk.php
[Wed May 06 20:06:53.433476 2026] [:error] [pid 5600:tid 2080] [client ::1:63693] PHP Notice:  Undefined variable: page in C:\\xampp007\\htdocs\\ALDI25550036\\t_kat.php on line 151, referer: http://localhost/ALDI25550036/kategori_produk.php
[Wed May 06 20:07:33.462382 2026] [:error] [pid 5600:tid 2044] [client ::1:59262] PHP Notice:  Undefined variable: page in C:\\xampp007\\htdocs\\ALDI25550036\\t_kat.php on line 119, referer: http://localhost/ALDI25550036/kategori_produk.php
[Wed May 06 20:07:33.462382 2026] [:error] [pid 5600:tid 2044] [client ::1:59262] PHP Notice:  Undefined variable: page in C:\\xampp007\\htdocs\\ALDI25550036\\t_kat.php on line 127, referer: http://localhost/ALDI25550036/kategori_produk.php
[Wed May 06 20:07:33.466663 2026] [:error] [pid 5600:tid 2044] [client ::1:59262] PHP Notice:  Undefined variable: page in C:\\xampp007\\htdocs\\ALDI25550036\\t_kat.php on line 135, referer: http://localhost/ALDI25550036/kategori_produk.php
[Wed May 06 20:07:33.466663 2026] [:error] [pid 5600:tid 2044] [client ::1:59262] PHP Notice:  Undefined variable: page in C:\\xampp007\\htdocs\\ALDI25550036\\t_kat.php on line 143, referer: http://localhost/ALDI25550036/kategori_produk.php
[Wed May 06 20:07:33.466663 2026] [:error] [pid 5600:tid 2044] [client ::1:59262] PHP Notice:  Undefined variable: page in C:\\xampp007\\htdocs\\ALDI25550036\\t_kat.php on line 151, referer: http://localhost/ALDI25550036/kategori_produk.php
[Wed May 06 20:07:47.204983 2026] [:error] [pid 5600:tid 2080] [client ::1:55366] PHP Notice:  Undefined variable: page in C:\\xampp007\\htdocs\\ALDI25550036\\t_kat.php on line 119, referer: http://localhost/ALDI25550036/kategori_produk.php
[Wed May 06 20:07:47.204983 2026] [:error] [pid 5600:tid 2080] [client ::1:55366] PHP Notice:  Undefined variable: page in C:\\xampp007\\htdocs\\ALDI25550036\\t_kat.php on line 127, referer: http://localhost/ALDI25550036/kategori_produk.php
[Wed May 06 20:07:47.204983 2026] [:error] [pid 5600:tid 2080] [client ::1:55366] PHP Notice:  Undefined variable: page in C:\\xampp007\\htdocs\\ALDI25550036\\t_kat.php on line 135, referer: http://localhost/ALDI25550036/kategori_produk.php
[Wed May 06 20:07:47.204983 2026] [:error] [pid 5600:tid 2080] [client ::1:55366] PHP Notice:  Undefined variable: page in C:\\xampp007\\htdocs\\ALDI25550036\\t_kat.php on line 143, referer: http://localhost/ALDI25550036/kategori_produk.php
[Wed May 06 20:07:47.204983 2026] [:error] [pid 5600:tid 2080] [client ::1:55366] PHP Notice:  Undefined variable: page in C:\\xampp007\\htdocs\\ALDI25550036\\t_kat.php on line 151, referer: http://localhost/ALDI25550036/kategori_produk.php
[Wed May 06 20:07:48.825684 2026] [:error] [pid 5600:tid 2080] [client ::1:55366] PHP Notice:  Undefined variable: page in C:\\xampp007\\htdocs\\ALDI25550036\\t_kat.php on line 119, referer: http://localhost/ALDI25550036/kategori_produk.php
[Wed May 06 20:07:48.825684 2026] [:error] [pid 5600:tid 2080] [client ::1:55366] PHP Notice:  Undefined variable: page in C:\\xampp007\\htdocs\\ALDI25550036\\t_kat.php on line 127, referer: http://localhost/ALDI25550036/kategori_produk.php
[Wed May 06 20:07:48.825684 2026] [:error] [pid 5600:tid 2080] [client ::1:55366] PHP Notice:  Undefined variable: page in C:\\xampp007\\htdocs\\ALDI25550036\\t_kat.php on line 135, referer: http://localhost/ALDI25550036/kategori_produk.php
[Wed May 06 20:07:48.825684 2026] [:error] [pid 5600:tid 2080] [client ::1:55366] PHP Notice:  Undefined variable: page in C:\\xampp007\\htdocs\\ALDI25550036\\t_kat.php on line 143, referer: http://localhost/ALDI25550036/kategori_produk.php
[Wed May 06 20:07:48.825684 2026] [:error] [pid 5600:tid 2080] [client ::1:55366] PHP Notice:  Undefined variable: page in C:\\xampp007\\htdocs\\ALDI25550036\\t_kat.php on line 151, referer: http://localhost/ALDI25550036/kategori_produk.php
[Wed May 06 20:08:11.885075 2026] [:error] [pid 5600:tid 2044] [client ::1:56067] PHP Notice:  Undefined variable: page in C:\\xampp007\\htdocs\\ALDI25550036\\t_kat.php on line 119, referer: http://localhost/ALDI25550036/kategori_produk.php
[Wed May 06 20:08:11.885075 2026] [:error] [pid 5600:tid 2044] [client ::1:56067] PHP Notice:  Undefined variable: page in C:\\xampp007\\htdocs\\ALDI25550036\\t_kat.php on line 127, referer: http://localhost/ALDI25550036/kategori_produk.php
[Wed May 06 20:08:11.885075 2026] [:error] [pid 5600:tid 2044] [client ::1:56067] PHP Notice:  Undefined variable: page in C:\\xampp007\\htdocs\\ALDI25550036\\t_kat.php on line 135, referer: http://localhost/ALDI25550036/kategori_produk.php
[Wed May 06 20:08:11.885075 2026] [:error] [pid 5600:tid 2044] [client ::1:56067] PHP Notice:  Undefined variable: page in C:\\xampp007\\htdocs\\ALDI25550036\\t_kat.php on line 143, referer: http://localhost/ALDI25550036/kategori_produk.php
[Wed May 06 20:08:11.885075 2026] [:error] [pid 5600:tid 2044] [client ::1:56067] PHP Notice:  Undefined variable: page in C:\\xampp007\\htdocs\\ALDI25550036\\t_kat.php on line 151, referer: http://localhost/ALDI25550036/kategori_produk.php
[Wed May 06 20:10:31.975357 2026] [:error] [pid 5600:tid 2044] [client ::1:50483] PHP Notice:  Undefined variable: page in C:\\xampp007\\htdocs\\ALDI25550036\\t_kat.php on line 119, referer: http://localhost/ALDI25550036/kategori_produk.php
[Wed May 06 20:10:31.975357 2026] [:error] [pid 5600:tid 2044] [client ::1:50483] PHP Notice:  Undefined variable: page in C:\\xampp007\\htdocs\\ALDI25550036\\t_kat.php on line 127, referer: http://localhost/ALDI25550036/kategori_produk.php
[Wed May 06 20:10:31.975357 2026] [:error] [pid 5600:tid 2044] [client ::1:50483] PHP Notice:  Undefined variable: page in C:\\xampp007\\htdocs\\ALDI25550036\\t_kat.php on line 135, referer: http://localhost/ALDI25550036/kategori_produk.php
[Wed May 06 20:10:31.975357 2026] [:error] [pid 5600:tid 2044] [client ::1:50483] PHP Notice:  Undefined variable: page in C:\\xampp007\\htdocs\\ALDI25550036\\t_kat.php on line 143, referer: http://localhost/ALDI25550036/kategori_produk.php
[Wed May 06 20:10:31.975357 2026] [:error] [pid 5600:tid 2044] [client ::1:50483] PHP Notice:  Undefined variable: page in C:\\xampp007\\htdocs\\ALDI25550036\\t_kat.php on line 151, referer: http://localhost/ALDI25550036/kategori_produk.php
[Thu May 07 08:51:02.390214 2026] [ssl:warn] [pid 3724:tid 696] AH01909: www.example.com:443:0 server certificate does NOT include an ID which matches the server name
[Thu May 07 08:51:02.433727 2026] [core:warn] [pid 3724:tid 696] AH00098: pid file C:/xampp007/apache/logs/httpd.pid overwritten -- Unclean shutdown of previous Apache run?
[Thu May 07 08:51:02.501868 2026] [ssl:warn] [pid 3724:tid 696] AH01909: www.example.com:443:0 server certificate does NOT include an ID which matches the server name
[Thu May 07 08:51:02.519521 2026] [mpm_winnt:notice] [pid 3724:tid 696] AH00455: Apache/2.4.25 (Win32) OpenSSL/1.0.2j PHP/5.6.30 configured -- resuming normal operations
[Thu May 07 08:51:02.519521 2026] [mpm_winnt:notice] [pid 3724:tid 696] AH00456: Apache Lounge VC11 Server built: Dec 20 2016 13:02:04
[Thu May 07 08:51:02.519521 2026] [core:notice] [pid 3724:tid 696] AH00094: Command line: 'c:\\xampp007\\apache\\bin\\httpd.exe -d C:/xampp007/apache'
[Thu May 07 08:51:02.533708 2026] [mpm_winnt:notice] [pid 3724:tid 696] AH00418: Parent: Created child process 17684
[Thu May 07 08:51:03.071901 2026] [ssl:warn] [pid 17684:tid 736] AH01909: www.example.com:443:0 server certificate does NOT include an ID which matches the server name
[Thu May 07 08:51:03.191508 2026] [ssl:warn] [pid 17684:tid 736] AH01909: www.example.com:443:0 server certificate does NOT include an ID which matches the server name
[Thu May 07 08:51:03.217794 2026] [mpm_winnt:notice] [pid 17684:tid 736] AH00354: Child: Starting 150 worker threads.
[Thu May 07 08:51:23.380018 2026] [:error] [pid 17684:tid 2040] [client ::1:61326] PHP Notice:  Undefined variable: page in C:\\xampp007\\htdocs\\ALDI25550036\\t_kat.php on line 119, referer: http://localhost/ALDI25550036/kategori_produk.php
[Thu May 07 08:51:23.380018 2026] [:error] [pid 17684:tid 2040] [client ::1:61326] PHP Notice:  Undefined variable: page in C:\\xampp007\\htdocs\\ALDI25550036\\t_kat.php on line 127, referer: http://localhost/ALDI25550036/kategori_produk.php
[Thu May 07 08:51:23.380018 2026] [:error] [pid 17684:tid 2040] [client ::1:61326] PHP Notice:  Undefined variable: page in C:\\xampp007\\htdocs\\ALDI25550036\\t_kat.php on line 135, referer: http://localhost/ALDI25550036/kategori_produk.php
[Thu May 07 08:51:23.380018 2026] [:error] [pid 17684:tid 2040] [client ::1:61326] PHP Notice:  Undefined variable: page in C:\\xampp007\\htdocs\\ALDI25550036\\t_kat.php on line 143, referer: http://localhost/ALDI25550036/kategori_produk.php
[Thu May 07 08:51:23.380018 2026] [:error] [pid 17684:tid 2040] [client ::1:61326] PHP Notice:  Undefined variable: page in C:\\xampp007\\htdocs\\ALDI25550036\\t_kat.php on line 151, referer: http://localhost/ALDI25550036/kategori_produk.php
[Thu May 07 08:53:25.381816 2026] [:error] [pid 17684:tid 2032] [client ::1:65322] PHP Notice:  Undefined variable: page in C:\\xampp007\\htdocs\\ALDI25550036\\t_kat.php on line 119, referer: http://localhost/ALDI25550036/kategori_produk.php
[Thu May 07 08:53:25.381816 2026] [:error] [pid 17684:tid 2032] [client ::1:65322] PHP Notice:  Undefined variable: page in C:\\xampp007\\htdocs\\ALDI25550036\\t_kat.php on line 127, referer: http://localhost/ALDI25550036/kategori_produk.php
[Thu May 07 08:53:25.383839 2026] [:error] [pid 17684:tid 2032] [client ::1:65322] PHP Notice:  Undefined variable: page in C:\\xampp007\\htdocs\\ALDI25550036\\t_kat.php on line 135, referer: http://localhost/ALDI25550036/kategori_produk.php
[Thu May 07 08:53:25.383839 2026] [:error] [pid 17684:tid 2032] [client ::1:65322] PHP Notice:  Undefined variable: page in C:\\xampp007\\htdocs\\ALDI25550036\\t_kat.php on line 143, referer: http://localhost/ALDI25550036/kategori_produk.php
[Thu May 07 08:53:25.383839 2026] [:error] [pid 17684:tid 2032] [client ::1:65322] PHP Notice:  Undefined variable: page in C:\\xampp007\\htdocs\\ALDI25550036\\t_kat.php on line 151, referer: http://localhost/ALDI25550036/kategori_produk.php
[Thu May 07 08:53:41.867457 2026] [:error] [pid 17684:tid 2040] [client ::1:50086] PHP Notice:  Undefined variable: page in C:\\xampp007\\htdocs\\ALDI25550036\\t_kat.php on line 119, referer: http://localhost/ALDI25550036/kategori_produk.php
[Thu May 07 08:53:41.867457 2026] [:error] [pid 17684:tid 2040] [client ::1:50086] PHP Notice:  Undefined variable: page in C:\\xampp007\\htdocs\\ALDI25550036\\t_kat.php on line 127, referer: http://localhost/ALDI25550036/kategori_produk.php
[Thu May 07 08:53:41.868417 2026] [:error] [pid 17684:tid 2040] [client ::1:50086] PHP Notice:  Undefined variable: page in C:\\xampp007\\htdocs\\ALDI25550036\\t_kat.php on line 135, referer: http://localhost/ALDI25550036/kategori_produk.php
[Thu May 07 08:53:41.868417 2026] [:error] [pid 17684:tid 2040] [client ::1:50086] PHP Notice:  Undefined variable: page in C:\\xampp007\\htdocs\\ALDI25550036\\t_kat.php on line 143, referer: http://localhost/ALDI25550036/kategori_produk.php
[Thu May 07 08:53:41.869109 2026] [:error] [pid 17684:tid 2040] [client ::1:50086] PHP Notice:  Undefined variable: page in C:\\xampp007\\htdocs\\ALDI25550036\\t_kat.php on line 151, referer: http://localhost/ALDI25550036/kategori_produk.php
[Thu May 07 09:00:37.604322 2026] [:error] [pid 17684:tid 2032] [client ::1:64424] PHP Notice:  Undefined variable: page in C:\\xampp007\\htdocs\\ALDI25550036\\t_kat.php on line 119, referer: http://localhost/ALDI25550036/kategori_produk.php
[Thu May 07 09:00:37.604322 2026] [:error] [pid 17684:tid 2032] [client ::1:64424] PHP Notice:  Undefined variable: page in C:\\xampp007\\htdocs\\ALDI25550036\\t_kat.php on line 127, referer: http://localhost/ALDI25550036/kategori_produk.php
[Thu May 07 09:00:37.604322 2026] [:error] [pid 17684:tid 2032] [client ::1:64424] PHP Notice:  Undefined variable: page in C:\\xampp007\\htdocs\\ALDI25550036\\t_kat.php on line 135, referer: http://localhost/ALDI25550036/kategori_produk.php
[Thu May 07 09:00:37.604322 2026] [:error] [pid 17684:tid 2032] [client ::1:64424] PHP Notice:  Undefined variable: page in C:\\xampp007\\htdocs\\ALDI25550036\\t_kat.php on line 143, referer: http://localhost/ALDI25550036/kategori_produk.php
[Thu May 07 09:00:37.604322 2026] [:error] [pid 17684:tid 2032] [client ::1:64424] PHP Notice:  Undefined variable: page in C:\\xampp007\\htdocs\\ALDI25550036\\t_kat.php on line 151, referer: http://localhost/ALDI25550036/kategori_produk.php
[Thu May 07 09:04:10.709617 2026] [:error] [pid 17684:tid 2040] [client ::1:59020] PHP Notice:  Undefined variable: page in C:\\xampp007\\htdocs\\ALDI25550036\\t_kat.php on line 119, referer: http://localhost/ALDI25550036/kategori_produk.php
[Thu May 07 09:04:10.709617 2026] [:error] [pid 17684:tid 2040] [client ::1:59020] PHP Notice:  Undefined variable: page in C:\\xampp007\\htdocs\\ALDI25550036\\t_kat.php on line 127, referer: http://localhost/ALDI25550036/kategori_produk.php
[Thu May 07 09:04:10.712014 2026] [:error] [pid 17684:tid 2040] [client ::1:59020] PHP Notice:  Undefined variable: page in C:\\xampp007\\htdocs\\ALDI25550036\\t_kat.php on line 135, referer: http://localhost/ALDI25550036/kategori_produk.php
[Thu May 07 09:04:10.712764 2026] [:error] [pid 17684:tid 2040] [client ::1:59020] PHP Notice:  Undefined variable: page in C:\\xampp007\\htdocs\\ALDI25550036\\t_kat.php on line 143, referer: http://localhost/ALDI25550036/kategori_produk.php
[Thu May 07 09:04:10.712764 2026] [:error] [pid 17684:tid 2040] [client ::1:59020] PHP Notice:  Undefined variable: page in C:\\xampp007\\htdocs\\ALDI25550036\\t_kat.php on line 151, referer: http://localhost/ALDI25550036/kategori_produk.php
[Thu May 07 09:05:32.695126 2026] [:error] [pid 17684:tid 2028] [client ::1:58082] PHP Notice:  Undefined variable: page in C:\\xampp007\\htdocs\\ALDI25550036\\t_kat.php on line 119, referer: http://localhost/ALDI25550036/kategori_produk.php
[Thu May 07 09:05:32.697369 2026] [:error] [pid 17684:tid 2028] [client ::1:58082] PHP Notice:  Undefined variable: page in C:\\xampp007\\htdocs\\ALDI25550036\\t_kat.php on line 127, referer: http://localhost/ALDI25550036/kategori_produk.php
[Thu May 07 09:05:32.697369 2026] [:error] [pid 17684:tid 2028] [client ::1:58082] PHP Notice:  Undefined variable: page in C:\\xampp007\\htdocs\\ALDI25550036\\t_kat.php on line 135, referer: http://localhost/ALDI25550036/kategori_produk.php
[Thu May 07 09:05:32.697879 2026] [:error] [pid 17684:tid 2028] [client ::1:58082] PHP Notice:  Undefined variable: page in C:\\xampp007\\htdocs\\ALDI25550036\\t_kat.php on line 143, referer: http://localhost/ALDI25550036/kategori_produk.php
[Thu May 07 09:05:32.697879 2026] [:error] [pid 17684:tid 2028] [client ::1:58082] PHP Notice:  Undefined variable: page in C:\\xampp007\\htdocs\\ALDI25550036\\t_kat.php on line 151, referer: http://localhost/ALDI25550036/kategori_produk.php
[Thu May 07 09:09:39.057684 2026] [:error] [pid 17684:tid 2016] [client ::1:65358] PHP Parse error:  syntax error, unexpected '/' in C:\\xampp007\\htdocs\\ALDI25550036\\koneksi.php on line 4, referer: http://localhost/ALDI25550036/kategori_produk.php
[Thu May 07 09:09:40.867871 2026] [:error] [pid 17684:tid 2016] [client ::1:65358] PHP Parse error:  syntax error, unexpected '/' in C:\\xampp007\\htdocs\\ALDI25550036\\koneksi.php on line 4, referer: http://localhost/ALDI25550036/kategori_produk.php
[Thu May 07 09:09:57.725575 2026] [:error] [pid 17684:tid 2028] [client ::1:54222] PHP Parse error:  syntax error, unexpected '/' in C:\\xampp007\\htdocs\\ALDI25550036\\koneksi.php on line 4, referer: http://localhost/ALDI25550036/kategori_produk.php
[Thu May 07 09:13:55.298089 2026] [:error] [pid 17684:tid 2028] [client ::1:51093] PHP Parse error:  syntax error, unexpected '/' in C:\\xampp007\\htdocs\\ALDI25550036\\koneksi.php on line 4, referer: http://localhost/ALDI25550036/kategori_produk.php
[Thu May 07 09:14:27.529534 2026] [:error] [pid 17684:tid 2016] [client ::1:52194] PHP Parse error:  syntax error, unexpected '/' in C:\\xampp007\\htdocs\\ALDI25550036\\koneksi.php on line 4, referer: http://localhost/ALDI25550036/kategori_produk.php
[Thu May 07 09:15:31.957780 2026] [:error] [pid 17684:tid 2016] [client ::1:57330] PHP Warning:  mysqli_connect(): (HY000/1049): Unknown database 'punyaaldi' in C:\\xampp007\\htdocs\\ALDI25550036\\koneksi.php on line 2, referer: http://localhost/ALDI25550036/kategori_produk.php
[Thu May 07 09:15:31.957780 2026] [:error] [pid 17684:tid 2016] [client ::1:57330] PHP Warning:  mysqli_query() expects parameter 1 to be mysqli, boolean given in C:\\xampp007\\htdocs\\ALDI25550036\\t_kat.php on line 4, referer: http://localhost/ALDI25550036/kategori_produk.php
[Thu May 07 09:15:31.957780 2026] [:error] [pid 17684:tid 2016] [client ::1:57330] PHP Warning:  mysqli_fetch_array() expects parameter 1 to be mysqli_result, null given in C:\\xampp007\\htdocs\\ALDI25550036\\t_kat.php on line 5, referer: http://localhost/ALDI25550036/kategori_produk.php
[Thu May 07 09:15:31.957780 2026] [:error] [pid 17684:tid 2016] [client ::1:57330] PHP Notice:  Undefined variable: page in C:\\xampp007\\htdocs\\ALDI25550036\\t_kat.php on line 149, referer: http://localhost/ALDI25550036/kategori_produk.php
[Thu May 07 09:15:31.957780 2026] [:error] [pid 17684:tid 2016] [client ::1:57330] PHP Notice:  Undefined variable: page in C:\\xampp007\\htdocs\\ALDI25550036\\t_kat.php on line 157, referer: http://localhost/ALDI25550036/kategori_produk.php
[Thu May 07 09:15:31.957780 2026] [:error] [pid 17684:tid 2016] [client ::1:57330] PHP Notice:  Undefined variable: page in C:\\xampp007\\htdocs\\ALDI25550036\\t_kat.php on line 165, referer: http://localhost/ALDI25550036/kategori_produk.php
[Thu May 07 09:15:31.957780 2026] [:error] [pid 17684:tid 2016] [client ::1:57330] PHP Notice:  Undefined variable: page in C:\\xampp007\\htdocs\\ALDI25550036\\t_kat.php on line 173, referer: http://localhost/ALDI25550036/kategori_produk.php
[Thu May 07 09:15:31.957780 2026] [:error] [pid 17684:tid 2016] [client ::1:57330] PHP Notice:  Undefined variable: page in C:\\xampp007\\htdocs\\ALDI25550036\\t_kat.php on line 181, referer: http://localhost/ALDI25550036/kategori_produk.php
[Thu May 07 09:19:13.073096 2026] [:error] [pid 17684:tid 2028] [client ::1:56510] PHP Warning:  mysqli_connect(): (HY000/1049): Unknown database 'punyaaldi' in C:\\xampp007\\htdocs\\ALDI25550036\\koneksi.php on line 2, referer: http://localhost/ALDI25550036/kategori_produk.php
[Thu May 07 09:19:13.073096 2026] [:error] [pid 17684:tid 2028] [client ::1:56510] PHP Warning:  mysqli_query() expects parameter 1 to be mysqli, boolean given in C:\\xampp007\\htdocs\\ALDI25550036\\t_kat.php on line 4, referer: http://localhost/ALDI25550036/kategori_produk.php
[Thu May 07 09:19:13.073096 2026] [:error] [pid 17684:tid 2028] [client ::1:56510] PHP Warning:  mysqli_fetch_array() expects parameter 1 to be mysqli_result, null given in C:\\xampp007\\htdocs\\ALDI25550036\\t_kat.php on line 5, referer: http://localhost/ALDI25550036/kategori_produk.php
[Thu May 07 09:19:13.073096 2026] [:error] [pid 17684:tid 2028] [client ::1:56510] PHP Notice:  Undefined variable: page in C:\\xampp007\\htdocs\\ALDI25550036\\t_kat.php on line 147, referer: http://localhost/ALDI25550036/kategori_produk.php
[Thu May 07 09:19:13.073096 2026] [:error] [pid 17684:tid 2028] [client ::1:56510] PHP Notice:  Undefined variable: page in C:\\xampp007\\htdocs\\ALDI25550036\\t_kat.php on line 155, referer: http://localhost/ALDI25550036/kategori_produk.php
[Thu May 07 09:19:13.073096 2026] [:error] [pid 17684:tid 2028] [client ::1:56510] PHP Notice:  Undefined variable: page in C:\\xampp007\\htdocs\\ALDI25550036\\t_kat.php on line 163, referer: http://localhost/ALDI25550036/kategori_produk.php
[Thu May 07 09:19:13.073096 2026] [:error] [pid 17684:tid 2028] [client ::1:56510] PHP Notice:  Undefined variable: page in C:\\xampp007\\htdocs\\ALDI25550036\\t_kat.php on line 171, referer: http://localhost/ALDI25550036/kategori_produk.php
[Thu May 07 09:19:13.075443 2026] [:error] [pid 17684:tid 2028] [client ::1:56510] PHP Notice:  Undefined variable: page in C:\\xampp007\\htdocs\\ALDI25550036\\t_kat.php on line 179, referer: http://localhost/ALDI25550036/kategori_produk.php
[Thu May 07 09:19:29.126705 2026] [:error] [pid 17684:tid 2016] [client ::1:52624] PHP Warning:  mysqli_connect(): (HY000/1049): Unknown database 'punyaaldi' in C:\\xampp007\\htdocs\\ALDI25550036\\koneksi.php on line 2, referer: http://localhost/ALDI25550036/kategori_produk.php
[Thu May 07 09:19:29.126705 2026] [:error] [pid 17684:tid 2016] [client ::1:52624] PHP Warning:  mysqli_query() expects parameter 1 to be mysqli, boolean given in C:\\xampp007\\htdocs\\ALDI25550036\\t_kat.php on line 4, referer: http://localhost/ALDI25550036/kategori_produk.php
[Thu May 07 09:19:29.126705 2026] [:error] [pid 17684:tid 2016] [client ::1:52624] PHP Warning:  mysqli_fetch_array() expects parameter 1 to be mysqli_result, null given in C:\\xampp007\\htdocs\\ALDI25550036\\t_kat.php on line 5, referer: http://localhost/ALDI25550036/kategori_produk.php
[Thu May 07 09:19:29.126705 2026] [:error] [pid 17684:tid 2016] [client ::1:52624] PHP Notice:  Undefined variable: page in C:\\xampp007\\htdocs\\ALDI25550036\\t_kat.php on line 147, referer: http://localhost/ALDI25550036/kategori_produk.php
[Thu May 07 09:19:29.126705 2026] [:error] [pid 17684:tid 2016] [client ::1:52624] PHP Notice:  Undefined variable: page in C:\\xampp007\\htdocs\\ALDI25550036\\t_kat.php on line 155, referer: http://localhost/ALDI25550036/kategori_produk.php
[Thu May 07 09:19:29.126705 2026] [:error] [pid 17684:tid 2016] [client ::1:52624] PHP Notice:  Undefined variable: page in C:\\xampp007\\htdocs\\ALDI25550036\\t_kat.php on line 163, referer: http://localhost/ALDI25550036/kategori_produk.php
[Thu May 07 09:19:29.126705 2026] [:error] [pid 17684:tid 2016] [client ::1:52624] PHP Notice:  Undefined variable: page in C:\\xampp007\\htdocs\\ALDI25550036\\t_kat.php on line 171, referer: http://localhost/ALDI25550036/kategori_produk.php
[Thu May 07 09:19:29.126705 2026] [:error] [pid 17684:tid 2016] [client ::1:52624] PHP Notice:  Undefined variable: page in C:\\xampp007\\htdocs\\ALDI25550036\\t_kat.php on line 179, referer: http://localhost/ALDI25550036/kategori_produk.php
[Thu May 07 09:27:10.755086 2026] [:error] [pid 17684:tid 2028] [client ::1:55949] PHP Warning:  mysqli_connect(): (HY000/1049): Unknown database 'punyaaldi' in C:\\xampp007\\htdocs\\ALDI25550036\\koneksi.php on line 2, referer: http://localhost/ALDI25550036/kategori_produk.php
[Thu May 07 09:27:10.755086 2026] [:error] [pid 17684:tid 2028] [client ::1:55949] PHP Warning:  mysqli_query() expects parameter 1 to be mysqli, boolean given in C:\\xampp007\\htdocs\\ALDI25550036\\t_kat.php on line 4, referer: http://localhost/ALDI25550036/kategori_produk.php
[Thu May 07 09:27:10.755086 2026] [:error] [pid 17684:tid 2028] [client ::1:55949] PHP Warning:  mysqli_fetch_array() expects parameter 1 to be mysqli_result, null given in C:\\xampp007\\htdocs\\ALDI25550036\\t_kat.php on line 5, referer: http://localhost/ALDI25550036/kategori_produk.php
[Thu May 07 09:27:10.755086 2026] [:error] [pid 17684:tid 2028] [client ::1:55949] PHP Notice:  Undefined variable: page in C:\\xampp007\\htdocs\\ALDI25550036\\t_kat.php on line 147, referer: http://localhost/ALDI25550036/kategori_produk.php
[Thu May 07 09:27:10.755086 2026] [:error] [pid 17684:tid 2028] [client ::1:55949] PHP Notice:  Undefined variable: page in C:\\xampp007\\htdocs\\ALDI25550036\\t_kat.php on line 155, referer: http://localhost/ALDI25550036/kategori_produk.php
[Thu May 07 09:27:10.755086 2026] [:error] [pid 17684:tid 2028] [client ::1:55949] PHP Notice:  Undefined variable: page in C:\\xampp007\\htdocs\\ALDI25550036\\t_kat.php on line 163, referer: http://localhost/ALDI25550036/kategori_produk.php
[Thu May 07 09:27:10.759210 2026] [:error] [pid 17684:tid 2028] [client ::1:55949] PHP Notice:  Undefined variable: page in C:\\xampp007\\htdocs\\ALDI25550036\\t_kat.php on line 171, referer: http://localhost/ALDI25550036/kategori_produk.php
[Thu May 07 09:27:10.759210 2026] [:error] [pid 17684:tid 2028] [client ::1:55949] PHP Notice:  Undefined variable: page in C:\\xampp007\\htdocs\\ALDI25550036\\t_kat.php on line 179, referer: http://localhost/ALDI25550036/kategori_produk.php
[Thu May 07 09:28:00.191642 2026] [:error] [pid 17684:tid 2016] [client ::1:64234] PHP Warning:  mysqli_connect(): (HY000/1049): Unknown database 'punyaaldi' in C:\\xampp007\\htdocs\\ALDI25550036\\koneksi.php on line 2, referer: http://localhost/ALDI25550036/kategori_produk.php
[Thu May 07 09:28:00.191642 2026] [:error] [pid 17684:tid 2016] [client ::1:64234] PHP Warning:  mysqli_query() expects parameter 1 to be mysqli, boolean given in C:\\xampp007\\htdocs\\ALDI25550036\\t_kat.php on line 4, referer: http://localhost/ALDI25550036/kategori_produk.php
[Thu May 07 09:28:00.193669 2026] [:error] [pid 17684:tid 2016] [client ::1:64234] PHP Warning:  mysqli_fetch_array() expects parameter 1 to be mysqli_result, null given in C:\\xampp007\\htdocs\\ALDI25550036\\t_kat.php on line 5, referer: http://localhost/ALDI25550036/kategori_produk.php
[Thu May 07 09:28:00.193669 2026] [:error] [pid 17684:tid 2016] [client ::1:64234] PHP Notice:  Undefined variable: page in C:\\xampp007\\htdocs\\ALDI25550036\\t_kat.php on line 147, referer: http://localhost/ALDI25550036/kategori_produk.php
[Thu May 07 09:28:00.193669 2026] [:error] [pid 17684:tid 2016] [client ::1:64234] PHP Notice:  Undefined variable: page in C:\\xampp007\\htdocs\\ALDI25550036\\t_kat.php on line 155, referer: http://localhost/ALDI25550036/kategori_produk.php
[Thu May 07 09:28:00.193669 2026] [:error] [pid 17684:tid 2016] [client ::1:64234] PHP Notice:  Undefined variable: page in C:\\xampp007\\htdocs\\ALDI25550036\\t_kat.php on line 163, referer: http://localhost/ALDI25550036/kategori_produk.php
[Thu May 07 09:28:00.195698 2026] [:error] [pid 17684:tid 2016] [client ::1:64234] PHP Notice:  Undefined variable: page in C:\\xampp007\\htdocs\\ALDI25550036\\t_kat.php on line 171, referer: http://localhost/ALDI25550036/kategori_produk.php
[Thu May 07 09:28:00.195698 2026] [:error] [pid 17684:tid 2016] [client ::1:64234] PHP Notice:  Undefined variable: page in C:\\xampp007\\htdocs\\ALDI25550036\\t_kat.php on line 179, referer: http://localhost/ALDI25550036/kategori_produk.php
[Thu May 07 09:28:05.016002 2026] [:error] [pid 17684:tid 2016] [client ::1:64234] PHP Warning:  mysqli_connect(): (HY000/1049): Unknown database 'punyaaldi' in C:\\xampp007\\htdocs\\ALDI25550036\\koneksi.php on line 2, referer: http://localhost/ALDI25550036/kategori_produk.php
[Thu May 07 09:28:05.017018 2026] [:error] [pid 17684:tid 2016] [client ::1:64234] PHP Warning:  mysqli_query() expects parameter 1 to be mysqli, boolean given in C:\\xampp007\\htdocs\\ALDI25550036\\t_kat.php on line 4, referer: http://localhost/ALDI25550036/kategori_produk.php
[Thu May 07 09:28:05.017018 2026] [:error] [pid 17684:tid 2016] [client ::1:64234] PHP Warning:  mysqli_fetch_array() expects parameter 1 to be mysqli_result, null given in C:\\xampp007\\htdocs\\ALDI25550036\\t_kat.php on line 5, referer: http://localhost/ALDI25550036/kategori_produk.php
[Thu May 07 09:28:05.017018 2026] [:error] [pid 17684:tid 2016] [client ::1:64234] PHP Notice:  Undefined variable: page in C:\\xampp007\\htdocs\\ALDI25550036\\t_kat.php on line 147, referer: http://localhost/ALDI25550036/kategori_produk.php
[Thu May 07 09:28:05.017018 2026] [:error] [pid 17684:tid 2016] [client ::1:64234] PHP Notice:  Undefined variable: page in C:\\xampp007\\htdocs\\ALDI25550036\\t_kat.php on line 155, referer: http://localhost/ALDI25550036/kategori_produk.php
[Thu May 07 09:28:05.017018 2026] [:error] [pid 17684:tid 2016] [client ::1:64234] PHP Notice:  Undefined variable: page in C:\\xampp007\\htdocs\\ALDI25550036\\t_kat.php on line 163, referer: http://localhost/ALDI25550036/kategori_produk.php
[Thu May 07 09:28:05.019036 2026] [:error] [pid 17684:tid 2016] [client ::1:64234] PHP Notice:  Undefined variable: page in C:\\xampp007\\htdocs\\ALDI25550036\\t_kat.php on line 171, referer: http://localhost/ALDI25550036/kategori_produk.php
[Thu May 07 09:28:05.019036 2026] [:error] [pid 17684:tid 2016] [client ::1:64234] PHP Notice:  Undefined variable: page in C:\\xampp007\\htdocs\\ALDI25550036\\t_kat.php on line 179, referer: http://localhost/ALDI25550036/kategori_produk.php
[Thu May 07 09:28:05.975509 2026] [:error] [pid 17684:tid 2016] [client ::1:64234] PHP Warning:  mysqli_connect(): (HY000/1049): Unknown database 'punyaaldi' in C:\\xampp007\\htdocs\\ALDI25550036\\koneksi.php on line 2, referer: http://localhost/ALDI25550036/kategori_produk.php
[Thu May 07 09:28:05.975509 2026] [:error] [pid 17684:tid 2016] [client ::1:64234] PHP Warning:  mysqli_query() expects parameter 1 to be mysqli, boolean given in C:\\xampp007\\htdocs\\ALDI25550036\\t_kat.php on line 4, referer: http://localhost/ALDI25550036/kategori_produk.php
[Thu May 07 09:28:05.975509 2026] [:error] [pid 17684:tid 2016] [client ::1:64234] PHP Warning:  mysqli_fetch_array() expects parameter 1 to be mysqli_result, null given in C:\\xampp007\\htdocs\\ALDI25550036\\t_kat.php on line 5, referer: http://localhost/ALDI25550036/kategori_produk.php
[Thu May 07 09:28:05.975509 2026] [:error] [pid 17684:tid 2016] [client ::1:64234] PHP Notice:  Undefined variable: page in C:\\xampp007\\htdocs\\ALDI25550036\\t_kat.php on line 147, referer: http://localhost/ALDI25550036/kategori_produk.php
[Thu May 07 09:28:05.975509 2026] [:error] [pid 17684:tid 2016] [client ::1:64234] PHP Notice:  Undefined variable: page in C:\\xampp007\\htdocs\\ALDI25550036\\t_kat.php on line 155, referer: http://localhost/ALDI25550036/kategori_produk.php
[Thu May 07 09:28:05.975509 2026] [:error] [pid 17684:tid 2016] [client ::1:64234] PHP Notice:  Undefined variable: page in C:\\xampp007\\htdocs\\ALDI25550036\\t_kat.php on line 163, referer: http://localhost/ALDI25550036/kategori_produk.php
[Thu May 07 09:28:05.975509 2026] [:error] [pid 17684:tid 2016] [client ::1:64234] PHP Notice:  Undefined variable: page in C:\\xampp007\\htdocs\\ALDI25550036\\t_kat.php on line 171, referer: http://localhost/ALDI25550036/kategori_produk.php
[Thu May 07 09:28:05.975509 2026] [:error] [pid 17684:tid 2016] [client ::1:64234] PHP Notice:  Undefined variable: page in C:\\xampp007\\htdocs\\ALDI25550036\\t_kat.php on line 179, referer: http://localhost/ALDI25550036/kategori_produk.php
[Thu May 07 09:28:09.650290 2026] [:error] [pid 17684:tid 2016] [client ::1:64234] PHP Warning:  mysqli_connect(): (HY000/1049): Unknown database 'punyaaldi' in C:\\xampp007\\htdocs\\ALDI25550036\\koneksi.php on line 2, referer: http://localhost/ALDI25550036/kategori_produk.php
[Thu May 07 09:28:09.650803 2026] [:error] [pid 17684:tid 2016] [client ::1:64234] PHP Warning:  mysqli_query() expects parameter 1 to be mysqli, boolean given in C:\\xampp007\\htdocs\\ALDI25550036\\t_kat.php on line 4, referer: http://localhost/ALDI25550036/kategori_produk.php
[Thu May 07 09:28:09.650803 2026] [:error] [pid 17684:tid 2016] [client ::1:64234] PHP Warning:  mysqli_fetch_array() expects parameter 1 to be mysqli_result, null given in C:\\xampp007\\htdocs\\ALDI25550036\\t_kat.php on line 5, referer: http://localhost/ALDI25550036/kategori_produk.php
[Thu May 07 09:28:09.650803 2026] [:error] [pid 17684:tid 2016] [client ::1:64234] PHP Notice:  Undefined variable: page in C:\\xampp007\\htdocs\\ALDI25550036\\t_kat.php on line 147, referer: http://localhost/ALDI25550036/kategori_produk.php
[Thu May 07 09:28:09.650803 2026] [:error] [pid 17684:tid 2016] [client ::1:64234] PHP Notice:  Undefined variable: page in C:\\xampp007\\htdocs\\ALDI25550036\\t_kat.php on line 155, referer: http://localhost/ALDI25550036/kategori_produk.php
[Thu May 07 09:28:09.650803 2026] [:error] [pid 17684:tid 2016] [client ::1:64234] PHP Notice:  Undefined variable: page in C:\\xampp007\\htdocs\\ALDI25550036\\t_kat.php on line 163, referer: http://localhost/ALDI25550036/kategori_produk.php
[Thu May 07 09:28:09.650803 2026] [:error] [pid 17684:tid 2016] [client ::1:64234] PHP Notice:  Undefined variable: page in C:\\xampp007\\htdocs\\ALDI25550036\\t_kat.php on line 171, referer: http://localhost/ALDI25550036/kategori_produk.php
[Thu May 07 09:28:09.650803 2026] [:error] [pid 17684:tid 2016] [client ::1:64234] PHP Notice:  Undefined variable: page in C:\\xampp007\\htdocs\\ALDI25550036\\t_kat.php on line 179, referer: http://localhost/ALDI25550036/kategori_produk.php
[Thu May 07 09:39:02.901277 2026] [:error] [pid 17684:tid 2016] [client ::1:53313] PHP Warning:  mysqli_connect(): (HY000/1049): Unknown database 'punyaaldi' in C:\\xampp007\\htdocs\\ALDI25550036\\koneksi.php on line 2, referer: http://localhost/ALDI25550036/kategori_produk.php
[Thu May 07 09:39:02.901277 2026] [:error] [pid 17684:tid 2016] [client ::1:53313] PHP Warning:  mysqli_query() expects parameter 1 to be mysqli, boolean given in C:\\xampp007\\htdocs\\ALDI25550036\\t_kat.php on line 4, referer: http://localhost/ALDI25550036/kategori_produk.php
[Thu May 07 09:39:02.901277 2026] [:error] [pid 17684:tid 2016] [client ::1:53313] PHP Warning:  mysqli_fetch_array() expects parameter 1 to be mysqli_result, null given in C:\\xampp007\\htdocs\\ALDI25550036\\t_kat.php on line 5, referer: http://localhost/ALDI25550036/kategori_produk.php
[Thu May 07 09:39:02.901277 2026] [:error] [pid 17684:tid 2016] [client ::1:53313] PHP Notice:  Undefined variable: page in C:\\xampp007\\htdocs\\ALDI25550036\\t_kat.php on line 145, referer: http://localhost/ALDI25550036/kategori_produk.php
[Thu May 07 09:39:02.901277 2026] [:error] [pid 17684:tid 2016] [client ::1:53313] PHP Notice:  Undefined variable: page in C:\\xampp007\\htdocs\\ALDI25550036\\t_kat.php on line 153, referer: http://localhost/ALDI25550036/kategori_produk.php
[Thu May 07 09:39:02.901277 2026] [:error] [pid 17684:tid 2016] [client ::1:53313] PHP Notice:  Undefined variable: page in C:\\xampp007\\htdocs\\ALDI25550036\\t_kat.php on line 161, referer: http://localhost/ALDI25550036/kategori_produk.php
[Thu May 07 09:39:02.901277 2026] [:error] [pid 17684:tid 2016] [client ::1:53313] PHP Notice:  Undefined variable: page in C:\\xampp007\\htdocs\\ALDI25550036\\t_kat.php on line 169, referer: http://localhost/ALDI25550036/kategori_produk.php
[Thu May 07 09:39:02.901277 2026] [:error] [pid 17684:tid 2016] [client ::1:53313] PHP Notice:  Undefined variable: page in C:\\xampp007\\htdocs\\ALDI25550036\\t_kat.php on line 177, referer: http://localhost/ALDI25550036/kategori_produk.php
[Thu May 07 09:41:43.547033 2026] [:error] [pid 17684:tid 2028] [client ::1:50593] PHP Notice:  Undefined variable: page in C:\\xampp007\\htdocs\\ALDI25550036\\t_kat.php on line 145, referer: http://localhost/ALDI25550036/kategori_produk.php
[Thu May 07 09:41:43.547033 2026] [:error] [pid 17684:tid 2028] [client ::1:50593] PHP Notice:  Undefined variable: page in C:\\xampp007\\htdocs\\ALDI25550036\\t_kat.php on line 153, referer: http://localhost/ALDI25550036/kategori_produk.php
[Thu May 07 09:41:43.547033 2026] [:error] [pid 17684:tid 2028] [client ::1:50593] PHP Notice:  Undefined variable: page in C:\\xampp007\\htdocs\\ALDI25550036\\t_kat.php on line 161, referer: http://localhost/ALDI25550036/kategori_produk.php
[Thu May 07 09:41:43.547033 2026] [:error] [pid 17684:tid 2028] [client ::1:50593] PHP Notice:  Undefined variable: page in C:\\xampp007\\htdocs\\ALDI25550036\\t_kat.php on line 169, referer: http://localhost/ALDI25550036/kategori_produk.php
[Thu May 07 09:41:43.547033 2026] [:error] [pid 17684:tid 2028] [client ::1:50593] PHP Notice:  Undefined variable: page in C:\\xampp007\\htdocs\\ALDI25550036\\t_kat.php on line 177, referer: http://localhost/ALDI25550036/kategori_produk.php
[Thu May 07 09:44:12.319092 2026] [:error] [pid 17684:tid 2016] [client ::1:57162] PHP Notice:  Undefined variable: page in C:\\xampp007\\htdocs\\ALDI25550036\\t_kat.php on line 145, referer: http://localhost/ALDI25550036/kategori_produk.php
[Thu May 07 09:44:12.321896 2026] [:error] [pid 17684:tid 2016] [client ::1:57162] PHP Notice:  Undefined variable: page in C:\\xampp007\\htdocs\\ALDI25550036\\t_kat.php on line 153, referer: http://localhost/ALDI25550036/kategori_produk.php
[Thu May 07 09:44:12.323529 2026] [:error] [pid 17684:tid 2016] [client ::1:57162] PHP Notice:  Undefined variable: page in C:\\xampp007\\htdocs\\ALDI25550036\\t_kat.php on line 161, referer: http://localhost/ALDI25550036/kategori_produk.php
[Thu May 07 09:44:12.323529 2026] [:error] [pid 17684:tid 2016] [client ::1:57162] PHP Notice:  Undefined variable: page in C:\\xampp007\\htdocs\\ALDI25550036\\t_kat.php on line 169, referer: http://localhost/ALDI25550036/kategori_produk.php
[Thu May 07 09:44:12.323529 2026] [:error] [pid 17684:tid 2016] [client ::1:57162] PHP Notice:  Undefined variable: page in C:\\xampp007\\htdocs\\ALDI25550036\\t_kat.php on line 177, referer: http://localhost/ALDI25550036/kategori_produk.php
[Thu May 07 09:44:20.831337 2026] [:error] [pid 17684:tid 2028] [client ::1:55283] PHP Notice:  Undefined variable: page in C:\\xampp007\\htdocs\\ALDI25550036\\t_kat.php on line 145, referer: http://localhost/ALDI25550036/t_kat.php
[Thu May 07 09:44:20.833293 2026] [:error] [pid 17684:tid 2028] [client ::1:55283] PHP Notice:  Undefined variable: page in C:\\xampp007\\htdocs\\ALDI25550036\\t_kat.php on line 153, referer: http://localhost/ALDI25550036/t_kat.php
[Thu May 07 09:44:20.833293 2026] [:error] [pid 17684:tid 2028] [client ::1:55283] PHP Notice:  Undefined variable: page in C:\\xampp007\\htdocs\\ALDI25550036\\t_kat.php on line 161, referer: http://localhost/ALDI25550036/t_kat.php
[Thu May 07 09:44:20.833293 2026] [:error] [pid 17684:tid 2028] [client ::1:55283] PHP Notice:  Undefined variable: page in C:\\xampp007\\htdocs\\ALDI25550036\\t_kat.php on line 169, referer: http://localhost/ALDI25550036/t_kat.php
[Thu May 07 09:44:20.833293 2026] [:error] [pid 17684:tid 2028] [client ::1:55283] PHP Notice:  Undefined variable: page in C:\\xampp007\\htdocs\\ALDI25550036\\t_kat.php on line 177, referer: http://localhost/ALDI25550036/t_kat.php
[Thu May 07 09:46:00.123061 2026] [:error] [pid 17684:tid 2016] [client ::1:57037] PHP Notice:  Undefined variable: page in C:\\xampp007\\htdocs\\ALDI25550036\\t_kat.php on line 145, referer: http://localhost/ALDI25550036/kategori_produk.php
[Thu May 07 09:46:00.123061 2026] [:error] [pid 17684:tid 2016] [client ::1:57037] PHP Notice:  Undefined variable: page in C:\\xampp007\\htdocs\\ALDI25550036\\t_kat.php on line 153, referer: http://localhost/ALDI25550036/kategori_produk.php
[Thu May 07 09:46:00.123061 2026] [:error] [pid 17684:tid 2016] [client ::1:57037] PHP Notice:  Undefined variable: page in C:\\xampp007\\htdocs\\ALDI25550036\\t_kat.php on line 161, referer: http://localhost/ALDI25550036/kategori_produk.php
[Thu May 07 09:46:00.123061 2026] [:error] [pid 17684:tid 2016] [client ::1:57037] PHP Notice:  Undefined variable: page in C:\\xampp007\\htdocs\\ALDI25550036\\t_kat.php on line 169, referer: http://localhost/ALDI25550036/kategori_produk.php
[Thu May 07 09:46:00.123061 2026] [:error] [pid 17684:tid 2016] [client ::1:57037] PHP Notice:  Undefined variable: page in C:\\xampp007\\htdocs\\ALDI25550036\\t_kat.php on line 177, referer: http://localhost/ALDI25550036/kategori_produk.php
[Thu May 07 09:53:30.015695 2026] [:error] [pid 17684:tid 2028] [client ::1:56936] PHP Notice:  Undefined variable: page in C:\\xampp007\\htdocs\\ALDI25550036\\t_kat.php on line 145, referer: http://localhost/ALDI25550036/kategori_produk.php
[Thu May 07 09:53:30.015695 2026] [:error] [pid 17684:tid 2028] [client ::1:56936] PHP Notice:  Undefined variable: page in C:\\xampp007\\htdocs\\ALDI25550036\\t_kat.php on line 153, referer: http://localhost/ALDI25550036/kategori_produk.php
[Thu May 07 09:53:30.015695 2026] [:error] [pid 17684:tid 2028] [client ::1:56936] PHP Notice:  Undefined variable: page in C:\\xampp007\\htdocs\\ALDI25550036\\t_kat.php on line 161, referer: http://localhost/ALDI25550036/kategori_produk.php
[Thu May 07 09:53:30.015695 2026] [:error] [pid 17684:tid 2028] [client ::1:56936] PHP Notice:  Undefined variable: page in C:\\xampp007\\htdocs\\ALDI25550036\\t_kat.php on line 169, referer: http://localhost/ALDI25550036/kategori_produk.php
[Thu May 07 09:53:30.020806 2026] [:error] [pid 17684:tid 2028] [client ::1:56936] PHP Notice:  Undefined variable: page in C:\\xampp007\\htdocs\\ALDI25550036\\t_kat.php on line 177, referer: http://localhost/ALDI25550036/kategori_produk.php
[Thu May 07 09:54:01.426026 2026] [:error] [pid 17684:tid 2016] [client ::1:58168] script 'C:/xampp007/htdocs/ALDI25550036/h_kat.php' not found or unable to stat, referer: http://localhost/ALDI25550036/kategori_produk.php
[Thu May 07 09:54:09.489149 2026] [:error] [pid 17684:tid 2028] [client ::1:59847] script 'C:/xampp007/htdocs/ALDI25550036/e_kat.php' not found or unable to stat, referer: http://localhost/ALDI25550036/kategori_produk.php
[Thu May 07 09:54:58.046927 2026] [:error] [pid 17684:tid 2028] [client ::1:53906] PHP Notice:  Undefined variable: page in C:\\xampp007\\htdocs\\ALDI25550036\\t_kat.php on line 145, referer: http://localhost/ALDI25550036/kategori_produk.php
[Thu May 07 09:54:58.046927 2026] [:error] [pid 17684:tid 2028] [client ::1:53906] PHP Notice:  Undefined variable: page in C:\\xampp007\\htdocs\\ALDI25550036\\t_kat.php on line 153, referer: http://localhost/ALDI25550036/kategori_produk.php
[Thu May 07 09:54:58.046927 2026] [:error] [pid 17684:tid 2028] [client ::1:53906] PHP Notice:  Undefined variable: page in C:\\xampp007\\htdocs\\ALDI25550036\\t_kat.php on line 161, referer: http://localhost/ALDI25550036/kategori_produk.php
[Thu May 07 09:54:58.046927 2026] [:error] [pid 17684:tid 2028] [client ::1:53906] PHP Notice:  Undefined variable: page in C:\\xampp007\\htdocs\\ALDI25550036\\t_kat.php on line 169, referer: http://localhost/ALDI25550036/kategori_produk.php
[Thu May 07 09:54:58.046927 2026] [:error] [pid 17684:tid 2028] [client ::1:53906] PHP Notice:  Undefined variable: page in C:\\xampp007\\htdocs\\ALDI25550036\\t_kat.php on line 177, referer: http://localhost/ALDI25550036/kategori_produk.php
[Thu May 07 09:55:42.659681 2026] [:error] [pid 17684:tid 2028] [client ::1:64612] PHP Notice:  Undefined variable: page in C:\\xampp007\\htdocs\\ALDI25550036\\t_kat.php on line 145, referer: http://localhost/ALDI25550036/kategori_produk.php
[Thu May 07 09:55:42.661695 2026] [:error] [pid 17684:tid 2028] [client ::1:64612] PHP Notice:  Undefined variable: page in C:\\xampp007\\htdocs\\ALDI25550036\\t_kat.php on line 153, referer: http://localhost/ALDI25550036/kategori_produk.php
[Thu May 07 09:55:42.661695 2026] [:error] [pid 17684:tid 2028] [client ::1:64612] PHP Notice:  Undefined variable: page in C:\\xampp007\\htdocs\\ALDI25550036\\t_kat.php on line 161, referer: http://localhost/ALDI25550036/kategori_produk.php
[Thu May 07 09:55:42.661695 2026] [:error] [pid 17684:tid 2028] [client ::1:64612] PHP Notice:  Undefined variable: page in C:\\xampp007\\htdocs\\ALDI25550036\\t_kat.php on line 169, referer: http://localhost/ALDI25550036/kategori_produk.php
[Thu May 07 09:55:42.661695 2026] [:error] [pid 17684:tid 2028] [client ::1:64612] PHP Notice:  Undefined variable: page in C:\\xampp007\\htdocs\\ALDI25550036\\t_kat.php on line 177, referer: http://localhost/ALDI25550036/kategori_produk.php
[Thu May 07 09:55:51.156046 2026] [:error] [pid 17684:tid 2016] [client ::1:64960] script 'C:/xampp007/htdocs/ALDI25550036/e_kat.php' not found or unable to stat, referer: http://localhost/ALDI25550036/kategori_produk.php
[Thu May 07 09:56:52.603079 2026] [:error] [pid 17684:tid 2016] [client ::1:58532] PHP Notice:  Undefined variable: page in C:\\xampp007\\htdocs\\ALDI25550036\\t_kat.php on line 145, referer: http://localhost/ALDI25550036/kategori_produk.php
[Thu May 07 09:56:52.603079 2026] [:error] [pid 17684:tid 2016] [client ::1:58532] PHP Notice:  Undefined variable: page in C:\\xampp007\\htdocs\\ALDI25550036\\t_kat.php on line 153, referer: http://localhost/ALDI25550036/kategori_produk.php
[Thu May 07 09:56:52.603079 2026] [:error] [pid 17684:tid 2016] [client ::1:58532] PHP Notice:  Undefined variable: page in C:\\xampp007\\htdocs\\ALDI25550036\\t_kat.php on line 161, referer: http://localhost/ALDI25550036/kategori_produk.php
[Thu May 07 09:56:52.603079 2026] [:error] [pid 17684:tid 2016] [client ::1:58532] PHP Notice:  Undefined variable: page in C:\\xampp007\\htdocs\\ALDI25550036\\t_kat.php on line 169, referer: http://localhost/ALDI25550036/kategori_produk.php
[Thu May 07 09:56:52.603079 2026] [:error] [pid 17684:tid 2016] [client ::1:58532] PHP Notice:  Undefined variable: page in C:\\xampp007\\htdocs\\ALDI25550036\\t_kat.php on line 177, referer: http://localhost/ALDI25550036/kategori_produk.php
[Thu May 07 09:59:21.068620 2026] [:error] [pid 17684:tid 2016] [client ::1:52888] PHP Notice:  Undefined variable: page in C:\\xampp007\\htdocs\\ALDI25550036\\t_kat.php on line 145, referer: http://localhost/ALDI25550036/kategori_produk.php
[Thu May 07 09:59:21.068620 2026] [:error] [pid 17684:tid 2016] [client ::1:52888] PHP Notice:  Undefined variable: page in C:\\xampp007\\htdocs\\ALDI25550036\\t_kat.php on line 153, referer: http://localhost/ALDI25550036/kategori_produk.php
[Thu May 07 09:59:21.068620 2026] [:error] [pid 17684:tid 2016] [client ::1:52888] PHP Notice:  Undefined variable: page in C:\\xampp007\\htdocs\\ALDI25550036\\t_kat.php on line 161, referer: http://localhost/ALDI25550036/kategori_produk.php
[Thu May 07 09:59:21.068620 2026] [:error] [pid 17684:tid 2016] [client ::1:52888] PHP Notice:  Undefined variable: page in C:\\xampp007\\htdocs\\ALDI25550036\\t_kat.php on line 169, referer: http://localhost/ALDI25550036/kategori_produk.php
[Thu May 07 09:59:21.068620 2026] [:error] [pid 17684:tid 2016] [client ::1:52888] PHP Notice:  Undefined variable: page in C:\\xampp007\\htdocs\\ALDI25550036\\t_kat.php on line 177, referer: http://localhost/ALDI25550036/kategori_produk.php
[Thu May 07 09:59:50.859558 2026] [:error] [pid 17684:tid 2028] [client ::1:55138] script 'C:/xampp007/htdocs/ALDI25550036/e_kat.php' not found or unable to stat, referer: http://localhost/ALDI25550036/kategori_produk.php
[Thu May 07 10:00:12.253333 2026] [:error] [pid 17684:tid 2016] [client ::1:52374] PHP Notice:  Undefined variable: page in C:\\xampp007\\htdocs\\ALDI25550036\\t_kat.php on line 145, referer: http://localhost/ALDI25550036/kategori_produk.php
[Thu May 07 10:00:12.253333 2026] [:error] [pid 17684:tid 2016] [client ::1:52374] PHP Notice:  Undefined variable: page in C:\\xampp007\\htdocs\\ALDI25550036\\t_kat.php on line 153, referer: http://localhost/ALDI25550036/kategori_produk.php
[Thu May 07 10:00:12.253333 2026] [:error] [pid 17684:tid 2016] [client ::1:52374] PHP Notice:  Undefined variable: page in C:\\xampp007\\htdocs\\ALDI25550036\\t_kat.php on line 161, referer: http://localhost/ALDI25550036/kategori_produk.php
[Thu May 07 10:00:12.253333 2026] [:error] [pid 17684:tid 2016] [client ::1:52374] PHP Notice:  Undefined variable: page in C:\\xampp007\\htdocs\\ALDI25550036\\t_kat.php on line 169, referer: http://localhost/ALDI25550036/kategori_produk.php
[Thu May 07 10:00:12.253333 2026] [:error] [pid 17684:tid 2016] [client ::1:52374] PHP Notice:  Undefined variable: page in C:\\xampp007\\htdocs\\ALDI25550036\\t_kat.php on line 177, referer: http://localhost/ALDI25550036/kategori_produk.php
[Thu May 07 10:08:24.541452 2026] [:error] [pid 17684:tid 2016] [client ::1:54805] PHP Notice:  Undefined variable: page in C:\\xampp007\\htdocs\\ALDI25550036\\t_kat.php on line 145, referer: http://localhost/ALDI25550036/kategori_produk.php
[Thu May 07 10:08:24.541452 2026] [:error] [pid 17684:tid 2016] [client ::1:54805] PHP Notice:  Undefined variable: page in C:\\xampp007\\htdocs\\ALDI25550036\\t_kat.php on line 153, referer: http://localhost/ALDI25550036/kategori_produk.php
[Thu May 07 10:08:24.541452 2026] [:error] [pid 17684:tid 2016] [client ::1:54805] PHP Notice:  Undefined variable: page in C:\\xampp007\\htdocs\\ALDI25550036\\t_kat.php on line 161, referer: http://localhost/ALDI25550036/kategori_produk.php
[Thu May 07 10:08:24.541452 2026] [:error] [pid 17684:tid 2016] [client ::1:54805] PHP Notice:  Undefined variable: page in C:\\xampp007\\htdocs\\ALDI25550036\\t_kat.php on line 169, referer: http://localhost/ALDI25550036/kategori_produk.php
[Thu May 07 10:08:24.541452 2026] [:error] [pid 17684:tid 2016] [client ::1:54805] PHP Notice:  Undefined variable: page in C:\\xampp007\\htdocs\\ALDI25550036\\t_kat.php on line 177, referer: http://localhost/ALDI25550036/kategori_produk.php
[Thu May 07 12:35:06.657943 2026] [ssl:warn] [pid 4844:tid 708] AH01909: www.example.com:443:0 server certificate does NOT include an ID which matches the server name
[Thu May 07 12:35:06.705329 2026] [core:warn] [pid 4844:tid 708] AH00098: pid file C:/xampp007/apache/logs/httpd.pid overwritten -- Unclean shutdown of previous Apache run?
[Thu May 07 12:35:06.769040 2026] [ssl:warn] [pid 4844:tid 708] AH01909: www.example.com:443:0 server certificate does NOT include an ID which matches the server name
[Thu May 07 12:35:06.785064 2026] [mpm_winnt:notice] [pid 4844:tid 708] AH00455: Apache/2.4.25 (Win32) OpenSSL/1.0.2j PHP/5.6.30 configured -- resuming normal operations
[Thu May 07 12:35:06.785064 2026] [mpm_winnt:notice] [pid 4844:tid 708] AH00456: Apache Lounge VC11 Server built: Dec 20 2016 13:02:04
[Thu May 07 12:35:06.785064 2026] [core:notice] [pid 4844:tid 708] AH00094: Command line: 'c:\\xampp007\\apache\\bin\\httpd.exe -d C:/xampp007/apache'
[Thu May 07 12:35:06.798545 2026] [mpm_winnt:notice] [pid 4844:tid 708] AH00418: Parent: Created child process 11312
[Thu May 07 12:35:07.259085 2026] [ssl:warn] [pid 11312:tid 704] AH01909: www.example.com:443:0 server certificate does NOT include an ID which matches the server name
[Thu May 07 12:35:07.387166 2026] [ssl:warn] [pid 11312:tid 704] AH01909: www.example.com:443:0 server certificate does NOT include an ID which matches the server name
[Thu May 07 12:35:07.433724 2026] [mpm_winnt:notice] [pid 11312:tid 704] AH00354: Child: Starting 150 worker threads.
[Thu May 07 12:38:03.067623 2026] [:error] [pid 11312:tid 2036] [client ::1:58742] PHP Notice:  Undefined variable: page in C:\\xampp007\\htdocs\\ALDI25550036\\t_kat.php on line 145, referer: http://localhost/ALDI25550036/kategori_produk.php
[Thu May 07 12:38:03.067623 2026] [:error] [pid 11312:tid 2036] [client ::1:58742] PHP Notice:  Undefined variable: page in C:\\xampp007\\htdocs\\ALDI25550036\\t_kat.php on line 153, referer: http://localhost/ALDI25550036/kategori_produk.php
[Thu May 07 12:38:03.067623 2026] [:error] [pid 11312:tid 2036] [client ::1:58742] PHP Notice:  Undefined variable: page in C:\\xampp007\\htdocs\\ALDI25550036\\t_kat.php on line 161, referer: http://localhost/ALDI25550036/kategori_produk.php
[Thu May 07 12:38:03.067623 2026] [:error] [pid 11312:tid 2036] [client ::1:58742] PHP Notice:  Undefined variable: page in C:\\xampp007\\htdocs\\ALDI25550036\\t_kat.php on line 169, referer: http://localhost/ALDI25550036/kategori_produk.php
[Thu May 07 12:38:03.067623 2026] [:error] [pid 11312:tid 2036] [client ::1:58742] PHP Notice:  Undefined variable: page in C:\\xampp007\\htdocs\\ALDI25550036\\t_kat.php on line 177, referer: http://localhost/ALDI25550036/kategori_produk.php
[Thu May 07 12:39:12.867709 2026] [:error] [pid 11312:tid 2056] [client ::1:55165] PHP Notice:  Undefined variable: page in C:\\xampp007\\htdocs\\ALDI25550036\\t_kat.php on line 145, referer: http://localhost/ALDI25550036/kategori_produk.php
[Thu May 07 12:39:12.877319 2026] [:error] [pid 11312:tid 2056] [client ::1:55165] PHP Notice:  Undefined variable: page in C:\\xampp007\\htdocs\\ALDI25550036\\t_kat.php on line 153, referer: http://localhost/ALDI25550036/kategori_produk.php
[Thu May 07 12:39:12.877319 2026] [:error] [pid 11312:tid 2056] [client ::1:55165] PHP Notice:  Undefined variable: page in C:\\xampp007\\htdocs\\ALDI25550036\\t_kat.php on line 161, referer: http://localhost/ALDI25550036/kategori_produk.php
[Thu May 07 12:39:12.877319 2026] [:error] [pid 11312:tid 2056] [client ::1:55165] PHP Notice:  Undefined variable: page in C:\\xampp007\\htdocs\\ALDI25550036\\t_kat.php on line 169, referer: http://localhost/ALDI25550036/kategori_produk.php
[Thu May 07 12:39:12.877319 2026] [:error] [pid 11312:tid 2056] [client ::1:55165] PHP Notice:  Undefined variable: page in C:\\xampp007\\htdocs\\ALDI25550036\\t_kat.php on line 177, referer: http://localhost/ALDI25550036/kategori_produk.php
[Thu May 07 13:09:19.862327 2026] [:error] [pid 11312:tid 2036] [client ::1:56615] PHP Notice:  Undefined variable: page in C:\\xampp007\\htdocs\\ALDI25550036\\t_kat.php on line 145, referer: http://localhost/ALDI25550036/kategori_produk.php
[Thu May 07 13:09:19.862327 2026] [:error] [pid 11312:tid 2036] [client ::1:56615] PHP Notice:  Undefined variable: page in C:\\xampp007\\htdocs\\ALDI25550036\\t_kat.php on line 153, referer: http://localhost/ALDI25550036/kategori_produk.php
[Thu May 07 13:09:19.862327 2026] [:error] [pid 11312:tid 2036] [client ::1:56615] PHP Notice:  Undefined variable: page in C:\\xampp007\\htdocs\\ALDI25550036\\t_kat.php on line 161, referer: http://localhost/ALDI25550036/kategori_produk.php
[Thu May 07 13:09:19.862327 2026] [:error] [pid 11312:tid 2036] [client ::1:56615] PHP Notice:  Undefined variable: page in C:\\xampp007\\htdocs\\ALDI25550036\\t_kat.php on line 169, referer: http://localhost/ALDI25550036/kategori_produk.php
[Thu May 07 13:09:19.862327 2026] [:error] [pid 11312:tid 2036] [client ::1:56615] PHP Notice:  Undefined variable: page in C:\\xampp007\\htdocs\\ALDI25550036\\t_kat.php on line 177, referer: http://localhost/ALDI25550036/kategori_produk.php
[Thu May 07 13:09:25.803630 2026] [:error] [pid 11312:tid 2036] [client ::1:56615] PHP Notice:  Undefined variable: page in C:\\xampp007\\htdocs\\ALDI25550036\\t_kat.php on line 145, referer: http://localhost/ALDI25550036/kategori_produk.php
[Thu May 07 13:09:25.804628 2026] [:error] [pid 11312:tid 2036] [client ::1:56615] PHP Notice:  Undefined variable: page in C:\\xampp007\\htdocs\\ALDI25550036\\t_kat.php on line 153, referer: http://localhost/ALDI25550036/kategori_produk.php
[Thu May 07 13:09:25.804628 2026] [:error] [pid 11312:tid 2036] [client ::1:56615] PHP Notice:  Undefined variable: page in C:\\xampp007\\htdocs\\ALDI25550036\\t_kat.php on line 161, referer: http://localhost/ALDI25550036/kategori_produk.php
[Thu May 07 13:09:25.804628 2026] [:error] [pid 11312:tid 2036] [client ::1:56615] PHP Notice:  Undefined variable: page in C:\\xampp007\\htdocs\\ALDI25550036\\t_kat.php on line 169, referer: http://localhost/ALDI25550036/kategori_produk.php
[Thu May 07 13:09:25.805508 2026] [:error] [pid 11312:tid 2036] [client ::1:56615] PHP Notice:  Undefined variable: page in C:\\xampp007\\htdocs\\ALDI25550036\\t_kat.php on line 177, referer: http://localhost/ALDI25550036/kategori_produk.php
[Thu May 07 13:09:36.246781 2026] [:error] [pid 11312:tid 2056] [client ::1:52351] PHP Notice:  Undefined variable: page in C:\\xampp007\\htdocs\\ALDI25550036\\t_kat.php on line 145, referer: http://localhost/ALDI25550036/kategori_produk.php
[Thu May 07 13:09:36.246781 2026] [:error] [pid 11312:tid 2056] [client ::1:52351] PHP Notice:  Undefined variable: page in C:\\xampp007\\htdocs\\ALDI25550036\\t_kat.php on line 153, referer: http://localhost/ALDI25550036/kategori_produk.php
[Thu May 07 13:09:36.246781 2026] [:error] [pid 11312:tid 2056] [client ::1:52351] PHP Notice:  Undefined variable: page in C:\\xampp007\\htdocs\\ALDI25550036\\t_kat.php on line 161, referer: http://localhost/ALDI25550036/kategori_produk.php
[Thu May 07 13:09:36.246781 2026] [:error] [pid 11312:tid 2056] [client ::1:52351] PHP Notice:  Undefined variable: page in C:\\xampp007\\htdocs\\ALDI25550036\\t_kat.php on line 169, referer: http://localhost/ALDI25550036/kategori_produk.php
[Thu May 07 13:09:36.246781 2026] [:error] [pid 11312:tid 2056] [client ::1:52351] PHP Notice:  Undefined variable: page in C:\\xampp007\\htdocs\\ALDI25550036\\t_kat.php on line 177, referer: http://localhost/ALDI25550036/kategori_produk.php
[Thu May 07 13:09:50.385152 2026] [:error] [pid 11312:tid 2036] [client ::1:60407] PHP Notice:  Undefined variable: page in C:\\xampp007\\htdocs\\ALDI25550036\\t_kat.php on line 145, referer: http://localhost/ALDI25550036/kategori_produk.php
[Thu May 07 13:09:50.385152 2026] [:error] [pid 11312:tid 2036] [client ::1:60407] PHP Notice:  Undefined variable: page in C:\\xampp007\\htdocs\\ALDI25550036\\t_kat.php on line 153, referer: http://localhost/ALDI25550036/kategori_produk.php
[Thu May 07 13:09:50.385152 2026] [:error] [pid 11312:tid 2036] [client ::1:60407] PHP Notice:  Undefined variable: page in C:\\xampp007\\htdocs\\ALDI25550036\\t_kat.php on line 161, referer: http://localhost/ALDI25550036/kategori_produk.php
[Thu May 07 13:09:50.385152 2026] [:error] [pid 11312:tid 2036] [client ::1:60407] PHP Notice:  Undefined variable: page in C:\\xampp007\\htdocs\\ALDI25550036\\t_kat.php on line 169, referer: http://localhost/ALDI25550036/kategori_produk.php
[Thu May 07 13:09:50.385152 2026] [:error] [pid 11312:tid 2036] [client ::1:60407] PHP Notice:  Undefined variable: page in C:\\xampp007\\htdocs\\ALDI25550036\\t_kat.php on line 177, referer: http://localhost/ALDI25550036/kategori_produk.php
[Thu May 07 13:09:56.049207 2026] [:error] [pid 11312:tid 2056] [client ::1:62109] PHP Notice:  Undefined variable: page in C:\\xampp007\\htdocs\\ALDI25550036\\t_kat.php on line 145, referer: http://localhost/ALDI25550036/t_kat.php
[Thu May 07 13:09:56.049948 2026] [:error] [pid 11312:tid 2056] [client ::1:62109] PHP Notice:  Undefined variable: page in C:\\xampp007\\htdocs\\ALDI25550036\\t_kat.php on line 153, referer: http://localhost/ALDI25550036/t_kat.php
[Thu May 07 13:09:56.051965 2026] [:error] [pid 11312:tid 2056] [client ::1:62109] PHP Notice:  Undefined variable: page in C:\\xampp007\\htdocs\\ALDI25550036\\t_kat.php on line 161, referer: http://localhost/ALDI25550036/t_kat.php
[Thu May 07 13:09:56.051965 2026] [:error] [pid 11312:tid 2056] [client ::1:62109] PHP Notice:  Undefined variable: page in C:\\xampp007\\htdocs\\ALDI25550036\\t_kat.php on line 169, referer: http://localhost/ALDI25550036/t_kat.php
[Thu May 07 13:09:56.051965 2026] [:error] [pid 11312:tid 2056] [client ::1:62109] PHP Notice:  Undefined variable: page in C:\\xampp007\\htdocs\\ALDI25550036\\t_kat.php on line 177, referer: http://localhost/ALDI25550036/t_kat.php
[Thu May 07 13:13:27.799082 2026] [:error] [pid 11312:tid 2056] [client ::1:55995] PHP Notice:  Undefined variable: page in C:\\xampp007\\htdocs\\ALDI25550036\\t_kat.php on line 145, referer: http://localhost/ALDI25550036/kategori_produk.php
[Thu May 07 13:13:27.799082 2026] [:error] [pid 11312:tid 2056] [client ::1:55995] PHP Notice:  Undefined variable: page in C:\\xampp007\\htdocs\\ALDI25550036\\t_kat.php on line 153, referer: http://localhost/ALDI25550036/kategori_produk.php
[Thu May 07 13:13:27.799082 2026] [:error] [pid 11312:tid 2056] [client ::1:55995] PHP Notice:  Undefined variable: page in C:\\xampp007\\htdocs\\ALDI25550036\\t_kat.php on line 161, referer: http://localhost/ALDI25550036/kategori_produk.php
[Thu May 07 13:13:27.799082 2026] [:error] [pid 11312:tid 2056] [client ::1:55995] PHP Notice:  Undefined variable: page in C:\\xampp007\\htdocs\\ALDI25550036\\t_kat.php on line 169, referer: http://localhost/ALDI25550036/kategori_produk.php
[Thu May 07 13:13:27.804803 2026] [:error] [pid 11312:tid 2056] [client ::1:55995] PHP Notice:  Undefined variable: page in C:\\xampp007\\htdocs\\ALDI25550036\\t_kat.php on line 177, referer: http://localhost/ALDI25550036/kategori_produk.php
[Thu May 07 13:13:55.616143 2026] [:error] [pid 11312:tid 2036] [client ::1:58597] PHP Notice:  Undefined variable: page in C:\\xampp007\\htdocs\\ALDI25550036\\t_kat.php on line 145, referer: http://localhost/ALDI25550036/t_kat.php
[Thu May 07 13:13:55.616143 2026] [:error] [pid 11312:tid 2036] [client ::1:58597] PHP Notice:  Undefined variable: page in C:\\xampp007\\htdocs\\ALDI25550036\\t_kat.php on line 153, referer: http://localhost/ALDI25550036/t_kat.php
[Thu May 07 13:13:55.616143 2026] [:error] [pid 11312:tid 2036] [client ::1:58597] PHP Notice:  Undefined variable: page in C:\\xampp007\\htdocs\\ALDI25550036\\t_kat.php on line 161, referer: http://localhost/ALDI25550036/t_kat.php
[Thu May 07 13:13:55.616143 2026] [:error] [pid 11312:tid 2036] [client ::1:58597] PHP Notice:  Undefined variable: page in C:\\xampp007\\htdocs\\ALDI25550036\\t_kat.php on line 169, referer: http://localhost/ALDI25550036/t_kat.php
[Thu May 07 13:13:55.616143 2026] [:error] [pid 11312:tid 2036] [client ::1:58597] PHP Notice:  Undefined variable: page in C:\\xampp007\\htdocs\\ALDI25550036\\t_kat.php on line 177, referer: http://localhost/ALDI25550036/t_kat.php
[Thu May 07 13:18:38.118949 2026] [:error] [pid 11312:tid 2036] [client ::1:65409] PHP Notice:  Undefined variable: page in C:\\xampp007\\htdocs\\ALDI25550036\\t_kat.php on line 145, referer: http://localhost/ALDI25550036/kategori_produk.php
[Thu May 07 13:18:38.118949 2026] [:error] [pid 11312:tid 2036] [client ::1:65409] PHP Notice:  Undefined variable: page in C:\\xampp007\\htdocs\\ALDI25550036\\t_kat.php on line 153, referer: http://localhost/ALDI25550036/kategori_produk.php
[Thu May 07 13:18:38.118949 2026] [:error] [pid 11312:tid 2036] [client ::1:65409] PHP Notice:  Undefined variable: page in C:\\xampp007\\htdocs\\ALDI25550036\\t_kat.php on line 161, referer: http://localhost/ALDI25550036/kategori_produk.php
[Thu May 07 13:18:38.118949 2026] [:error] [pid 11312:tid 2036] [client ::1:65409] PHP Notice:  Undefined variable: page in C:\\xampp007\\htdocs\\ALDI25550036\\t_kat.php on line 169, referer: http://localhost/ALDI25550036/kategori_produk.php
[Thu May 07 13:18:38.118949 2026] [:error] [pid 11312:tid 2036] [client ::1:65409] PHP Notice:  Undefined variable: page in C:\\xampp007\\htdocs\\ALDI25550036\\t_kat.php on line 177, referer: http://localhost/ALDI25550036/kategori_produk.php
[Thu May 07 13:43:19.080500 2026] [:error] [pid 11312:tid 2036] [client ::1:60055] PHP Notice:  Undefined variable: page in C:\\xampp007\\htdocs\\ALDI25550036\\t_kat.php on line 145, referer: http://localhost/ALDI25550036/t_kat.php
[Thu May 07 13:43:19.080500 2026] [:error] [pid 11312:tid 2036] [client ::1:60055] PHP Notice:  Undefined variable: page in C:\\xampp007\\htdocs\\ALDI25550036\\t_kat.php on line 153, referer: http://localhost/ALDI25550036/t_kat.php
[Thu May 07 13:43:19.080500 2026] [:error] [pid 11312:tid 2036] [client ::1:60055] PHP Notice:  Undefined variable: page in C:\\xampp007\\htdocs\\ALDI25550036\\t_kat.php on line 161, referer: http://localhost/ALDI25550036/t_kat.php
[Thu May 07 13:43:19.080500 2026] [:error] [pid 11312:tid 2036] [client ::1:60055] PHP Notice:  Undefined variable: page in C:\\xampp007\\htdocs\\ALDI25550036\\t_kat.php on line 169, referer: http://localhost/ALDI25550036/t_kat.php
[Thu May 07 13:43:19.080500 2026] [:error] [pid 11312:tid 2036] [client ::1:60055] PHP Notice:  Undefined variable: page in C:\\xampp007\\htdocs\\ALDI25550036\\t_kat.php on line 177, referer: http://localhost/ALDI25550036/t_kat.php
[Thu May 07 15:00:54.321626 2026] [:error] [pid 11312:tid 2020] [client ::1:64030] script 'C:/xampp007/htdocs/ALDI25550036/produk.php' not found or unable to stat, referer: http://localhost/ALDI25550036/data_produk.php
[Thu May 07 15:01:02.467261 2026] [:error] [pid 11312:tid 2028] [client ::1:55504] script 'C:/xampp007/htdocs/ALDI25550036/produk.php' not found or unable to stat, referer: http://localhost/ALDI25550036/data_produk.php
[Thu May 07 15:02:26.274026 2026] [:error] [pid 11312:tid 2020] [client ::1:53699] PHP Notice:  Undefined variable: page in C:\\xampp007\\htdocs\\ALDI25550036\\t_kat.php on line 145, referer: http://localhost/ALDI25550036/kategori_produk.php
[Thu May 07 15:02:26.274026 2026] [:error] [pid 11312:tid 2020] [client ::1:53699] PHP Notice:  Undefined variable: page in C:\\xampp007\\htdocs\\ALDI25550036\\t_kat.php on line 153, referer: http://localhost/ALDI25550036/kategori_produk.php
[Thu May 07 15:02:26.274026 2026] [:error] [pid 11312:tid 2020] [client ::1:53699] PHP Notice:  Undefined variable: page in C:\\xampp007\\htdocs\\ALDI25550036\\t_kat.php on line 161, referer: http://localhost/ALDI25550036/kategori_produk.php
[Thu May 07 15:02:26.276793 2026] [:error] [pid 11312:tid 2020] [client ::1:53699] PHP Notice:  Undefined variable: page in C:\\xampp007\\htdocs\\ALDI25550036\\t_kat.php on line 169, referer: http://localhost/ALDI25550036/kategori_produk.php
[Thu May 07 15:02:26.276793 2026] [:error] [pid 11312:tid 2020] [client ::1:53699] PHP Notice:  Undefined variable: page in C:\\xampp007\\htdocs\\ALDI25550036\\t_kat.php on line 177, referer: http://localhost/ALDI25550036/kategori_produk.php
[Thu May 07 15:22:32.719019 2026] [:error] [pid 11312:tid 2056] [client ::1:58626] PHP Notice:  Undefined variable: page in C:\\xampp007\\htdocs\\ALDI25550036\\t_kat.php on line 145, referer: http://localhost/ALDI25550036/kategori_produk.php
[Thu May 07 15:22:32.719019 2026] [:error] [pid 11312:tid 2056] [client ::1:58626] PHP Notice:  Undefined variable: page in C:\\xampp007\\htdocs\\ALDI25550036\\t_kat.php on line 153, referer: http://localhost/ALDI25550036/kategori_produk.php
[Thu May 07 15:22:32.719019 2026] [:error] [pid 11312:tid 2056] [client ::1:58626] PHP Notice:  Undefined variable: page in C:\\xampp007\\htdocs\\ALDI25550036\\t_kat.php on line 161, referer: http://localhost/ALDI25550036/kategori_produk.php
[Thu May 07 15:22:32.719927 2026] [:error] [pid 11312:tid 2056] [client ::1:58626] PHP Notice:  Undefined variable: page in C:\\xampp007\\htdocs\\ALDI25550036\\t_kat.php on line 169, referer: http://localhost/ALDI25550036/kategori_produk.php
[Thu May 07 15:22:32.719927 2026] [:error] [pid 11312:tid 2056] [client ::1:58626] PHP Notice:  Undefined variable: page in C:\\xampp007\\htdocs\\ALDI25550036\\t_kat.php on line 177, referer: http://localhost/ALDI25550036/kategori_produk.php
[Thu May 07 15:22:57.467011 2026] [:error] [pid 11312:tid 2056] [client ::1:57191] PHP Notice:  Undefined variable: page in C:\\xampp007\\htdocs\\ALDI25550036\\t_kat.php on line 145, referer: http://localhost/ALDI25550036/kategori_produk.php
[Thu May 07 15:22:57.467011 2026] [:error] [pid 11312:tid 2056] [client ::1:57191] PHP Notice:  Undefined variable: page in C:\\xampp007\\htdocs\\ALDI25550036\\t_kat.php on line 153, referer: http://localhost/ALDI25550036/kategori_produk.php
[Thu May 07 15:22:57.467011 2026] [:error] [pid 11312:tid 2056] [client ::1:57191] PHP Notice:  Undefined variable: page in C:\\xampp007\\htdocs\\ALDI25550036\\t_kat.php on line 161, referer: http://localhost/ALDI25550036/kategori_produk.php
[Thu May 07 15:22:57.467011 2026] [:error] [pid 11312:tid 2056] [client ::1:57191] PHP Notice:  Undefined variable: page in C:\\xampp007\\htdocs\\ALDI25550036\\t_kat.php on line 169, referer: http://localhost/ALDI25550036/kategori_produk.php
[Thu May 07 15:22:57.467011 2026] [:error] [pid 11312:tid 2056] [client ::1:57191] PHP Notice:  Undefined variable: page in C:\\xampp007\\htdocs\\ALDI25550036\\t_kat.php on line 177, referer: http://localhost/ALDI25550036/kategori_produk.php
[Thu May 07 15:36:11.022378 2026] [:error] [pid 11312:tid 2012] [client ::1:57130] PHP Notice:  Undefined variable: page in C:\\xampp007\\htdocs\\ALDI25550036\\t_kat.php on line 145, referer: http://localhost/ALDI25550036/kategori_produk.php
[Thu May 07 15:36:11.022378 2026] [:error] [pid 11312:tid 2012] [client ::1:57130] PHP Notice:  Undefined variable: page in C:\\xampp007\\htdocs\\ALDI25550036\\t_kat.php on line 153, referer: http://localhost/ALDI25550036/kategori_produk.php
[Thu May 07 15:36:11.022378 2026] [:error] [pid 11312:tid 2012] [client ::1:57130] PHP Notice:  Undefined variable: page in C:\\xampp007\\htdocs\\ALDI25550036\\t_kat.php on line 161, referer: http://localhost/ALDI25550036/kategori_produk.php
[Thu May 07 15:36:11.022378 2026] [:error] [pid 11312:tid 2012] [client ::1:57130] PHP Notice:  Undefined variable: page in C:\\xampp007\\htdocs\\ALDI25550036\\t_kat.php on line 169, referer: http://localhost/ALDI25550036/kategori_produk.php
[Thu May 07 15:36:11.022378 2026] [:error] [pid 11312:tid 2012] [client ::1:57130] PHP Notice:  Undefined variable: page in C:\\xampp007\\htdocs\\ALDI25550036\\t_kat.php on line 177, referer: http://localhost/ALDI25550036/kategori_produk.php
[Thu May 07 15:36:17.780452 2026] [:error] [pid 11312:tid 2056] [client ::1:51719] PHP Notice:  Undefined variable: page in C:\\xampp007\\htdocs\\ALDI25550036\\t_kat.php on line 145, referer: http://localhost/ALDI25550036/kategori_produk.php
[Thu May 07 15:36:17.780452 2026] [:error] [pid 11312:tid 2056] [client ::1:51719] PHP Notice:  Undefined variable: page in C:\\xampp007\\htdocs\\ALDI25550036\\t_kat.php on line 153, referer: http://localhost/ALDI25550036/kategori_produk.php
[Thu May 07 15:36:17.780452 2026] [:error] [pid 11312:tid 2056] [client ::1:51719] PHP Notice:  Undefined variable: page in C:\\xampp007\\htdocs\\ALDI25550036\\t_kat.php on line 161, referer: http://localhost/ALDI25550036/kategori_produk.php
[Thu May 07 15:36:17.780452 2026] [:error] [pid 11312:tid 2056] [client ::1:51719] PHP Notice:  Undefined variable: page in C:\\xampp007\\htdocs\\ALDI25550036\\t_kat.php on line 169, referer: http://localhost/ALDI25550036/kategori_produk.php
[Thu May 07 15:36:17.780452 2026] [:error] [pid 11312:tid 2056] [client ::1:51719] PHP Notice:  Undefined variable: page in C:\\xampp007\\htdocs\\ALDI25550036\\t_kat.php on line 177, referer: http://localhost/ALDI25550036/kategori_produk.php
[Thu May 07 15:36:33.216142 2026] [:error] [pid 11312:tid 2012] [client ::1:63333] PHP Notice:  Undefined variable: page in C:\\xampp007\\htdocs\\ALDI25550036\\t_kat.php on line 145, referer: http://localhost/ALDI25550036/kategori_produk.php
[Thu May 07 15:36:33.216142 2026] [:error] [pid 11312:tid 2012] [client ::1:63333] PHP Notice:  Undefined variable: page in C:\\xampp007\\htdocs\\ALDI25550036\\t_kat.php on line 153, referer: http://localhost/ALDI25550036/kategori_produk.php
[Thu May 07 15:36:33.217791 2026] [:error] [pid 11312:tid 2012] [client ::1:63333] PHP Notice:  Undefined variable: page in C:\\xampp007\\htdocs\\ALDI25550036\\t_kat.php on line 161, referer: http://localhost/ALDI25550036/kategori_produk.php
[Thu May 07 15:36:33.217791 2026] [:error] [pid 11312:tid 2012] [client ::1:63333] PHP Notice:  Undefined variable: page in C:\\xampp007\\htdocs\\ALDI25550036\\t_kat.php on line 169, referer: http://localhost/ALDI25550036/kategori_produk.php
[Thu May 07 15:36:33.217791 2026] [:error] [pid 11312:tid 2012] [client ::1:63333] PHP Notice:  Undefined variable: page in C:\\xampp007\\htdocs\\ALDI25550036\\t_kat.php on line 177, referer: http://localhost/ALDI25550036/kategori_produk.php
[Thu May 07 15:36:48.246294 2026] [:error] [pid 11312:tid 2056] [client ::1:56775] PHP Notice:  Undefined variable: page in C:\\xampp007\\htdocs\\ALDI25550036\\t_kat.php on line 145, referer: http://localhost/ALDI25550036/kategori_produk.php
[Thu May 07 15:36:48.247736 2026] [:error] [pid 11312:tid 2056] [client ::1:56775] PHP Notice:  Undefined variable: page in C:\\xampp007\\htdocs\\ALDI25550036\\t_kat.php on line 153, referer: http://localhost/ALDI25550036/kategori_produk.php
[Thu May 07 15:36:48.247736 2026] [:error] [pid 11312:tid 2056] [client ::1:56775] PHP Notice:  Undefined variable: page in C:\\xampp007\\htdocs\\ALDI25550036\\t_kat.php on line 161, referer: http://localhost/ALDI25550036/kategori_produk.php
[Thu May 07 15:36:48.247736 2026] [:error] [pid 11312:tid 2056] [client ::1:56775] PHP Notice:  Undefined variable: page in C:\\xampp007\\htdocs\\ALDI25550036\\t_kat.php on line 169, referer: http://localhost/ALDI25550036/kategori_produk.php
[Thu May 07 15:36:48.247736 2026] [:error] [pid 11312:tid 2056] [client ::1:56775] PHP Notice:  Undefined variable: page in C:\\xampp007\\htdocs\\ALDI25550036\\t_kat.php on line 177, referer: http://localhost/ALDI25550036/kategori_produk.php
[Thu May 07 15:38:04.483407 2026] [:error] [pid 11312:tid 2056] [client ::1:50060] PHP Notice:  Undefined variable: page in C:\\xampp007\\htdocs\\ALDI25550036\\t_kat.php on line 145, referer: http://localhost/ALDI25550036/kategori_produk.php
[Thu May 07 15:38:04.483407 2026] [:error] [pid 11312:tid 2056] [client ::1:50060] PHP Notice:  Undefined variable: page in C:\\xampp007\\htdocs\\ALDI25550036\\t_kat.php on line 153, referer: http://localhost/ALDI25550036/kategori_produk.php
[Thu May 07 15:38:04.483407 2026] [:error] [pid 11312:tid 2056] [client ::1:50060] PHP Notice:  Undefined variable: page in C:\\xampp007\\htdocs\\ALDI25550036\\t_kat.php on line 161, referer: http://localhost/ALDI25550036/kategori_produk.php
[Thu May 07 15:38:04.485477 2026] [:error] [pid 11312:tid 2056] [client ::1:50060] PHP Notice:  Undefined variable: page in C:\\xampp007\\htdocs\\ALDI25550036\\t_kat.php on line 169, referer: http://localhost/ALDI25550036/kategori_produk.php
[Thu May 07 15:38:04.485477 2026] [:error] [pid 11312:tid 2056] [client ::1:50060] PHP Notice:  Undefined variable: page in C:\\xampp007\\htdocs\\ALDI25550036\\t_kat.php on line 177, referer: http://localhost/ALDI25550036/kategori_produk.php
[Thu May 07 15:57:33.223002 2026] [:error] [pid 11312:tid 2056] [client ::1:64898] PHP Notice:  Undefined variable: page in C:\\xampp007\\htdocs\\ALDI25550036\\t_kat.php on line 145, referer: http://localhost/ALDI25550036/kategori_produk.php
[Thu May 07 15:57:33.224687 2026] [:error] [pid 11312:tid 2056] [client ::1:64898] PHP Notice:  Undefined variable: page in C:\\xampp007\\htdocs\\ALDI25550036\\t_kat.php on line 153, referer: http://localhost/ALDI25550036/kategori_produk.php
[Thu May 07 15:57:33.225532 2026] [:error] [pid 11312:tid 2056] [client ::1:64898] PHP Notice:  Undefined variable: page in C:\\xampp007\\htdocs\\ALDI25550036\\t_kat.php on line 161, referer: http://localhost/ALDI25550036/kategori_produk.php
[Thu May 07 15:57:33.226042 2026] [:error] [pid 11312:tid 2056] [client ::1:64898] PHP Notice:  Undefined variable: page in C:\\xampp007\\htdocs\\ALDI25550036\\t_kat.php on line 169, referer: http://localhost/ALDI25550036/kategori_produk.php
[Thu May 07 15:57:33.226350 2026] [:error] [pid 11312:tid 2056] [client ::1:64898] PHP Notice:  Undefined variable: page in C:\\xampp007\\htdocs\\ALDI25550036\\t_kat.php on line 177, referer: http://localhost/ALDI25550036/kategori_produk.php
[Thu May 07 15:57:38.872743 2026] [:error] [pid 11312:tid 2056] [client ::1:64898] PHP Notice:  Undefined variable: page in C:\\xampp007\\htdocs\\ALDI25550036\\t_kat.php on line 145, referer: http://localhost/ALDI25550036/kategori_produk.php
[Thu May 07 15:57:38.872743 2026] [:error] [pid 11312:tid 2056] [client ::1:64898] PHP Notice:  Undefined variable: page in C:\\xampp007\\htdocs\\ALDI25550036\\t_kat.php on line 153, referer: http://localhost/ALDI25550036/kategori_produk.php
[Thu May 07 15:57:38.872743 2026] [:error] [pid 11312:tid 2056] [client ::1:64898] PHP Notice:  Undefined variable: page in C:\\xampp007\\htdocs\\ALDI25550036\\t_kat.php on line 161, referer: http://localhost/ALDI25550036/kategori_produk.php
[Thu May 07 15:57:38.872743 2026] [:error] [pid 11312:tid 2056] [client ::1:64898] PHP Notice:  Undefined variable: page in C:\\xampp007\\htdocs\\ALDI25550036\\t_kat.php on line 169, referer: http://localhost/ALDI25550036/kategori_produk.php
[Thu May 07 15:57:38.872743 2026] [:error] [pid 11312:tid 2056] [client ::1:64898] PHP Notice:  Undefined variable: page in C:\\xampp007\\htdocs\\ALDI25550036\\t_kat.php on line 177, referer: http://localhost/ALDI25550036/kategori_produk.php
[Thu May 07 15:57:51.295529 2026] [:error] [pid 11312:tid 2056] [client ::1:64898] PHP Notice:  Undefined variable: page in C:\\xampp007\\htdocs\\ALDI25550036\\t_kat.php on line 145, referer: http://localhost/ALDI25550036/kategori_produk.php
[Thu May 07 15:57:51.295529 2026] [:error] [pid 11312:tid 2056] [client ::1:64898] PHP Notice:  Undefined variable: page in C:\\xampp007\\htdocs\\ALDI25550036\\t_kat.php on line 153, referer: http://localhost/ALDI25550036/kategori_produk.php
[Thu May 07 15:57:51.295529 2026] [:error] [pid 11312:tid 2056] [client ::1:64898] PHP Notice:  Undefined variable: page in C:\\xampp007\\htdocs\\ALDI25550036\\t_kat.php on line 161, referer: http://localhost/ALDI25550036/kategori_produk.php
[Thu May 07 15:57:51.297553 2026] [:error] [pid 11312:tid 2056] [client ::1:64898] PHP Notice:  Undefined variable: page in C:\\xampp007\\htdocs\\ALDI25550036\\t_kat.php on line 169, referer: http://localhost/ALDI25550036/kategori_produk.php
[Thu May 07 15:57:51.297553 2026] [:error] [pid 11312:tid 2056] [client ::1:64898] PHP Notice:  Undefined variable: page in C:\\xampp007\\htdocs\\ALDI25550036\\t_kat.php on line 177, referer: http://localhost/ALDI25550036/kategori_produk.php
[Thu May 07 15:59:08.564558 2026] [:error] [pid 11312:tid 2012] [client ::1:54448] PHP Notice:  Undefined variable: page in C:\\xampp007\\htdocs\\ALDI25550036\\t_kat.php on line 145, referer: http://localhost/ALDI25550036/kategori_produk.php
[Thu May 07 15:59:08.564558 2026] [:error] [pid 11312:tid 2012] [client ::1:54448] PHP Notice:  Undefined variable: page in C:\\xampp007\\htdocs\\ALDI25550036\\t_kat.php on line 153, referer: http://localhost/ALDI25550036/kategori_produk.php
[Thu May 07 15:59:08.564558 2026] [:error] [pid 11312:tid 2012] [client ::1:54448] PHP Notice:  Undefined variable: page in C:\\xampp007\\htdocs\\ALDI25550036\\t_kat.php on line 161, referer: http://localhost/ALDI25550036/kategori_produk.php
[Thu May 07 15:59:08.564558 2026] [:error] [pid 11312:tid 2012] [client ::1:54448] PHP Notice:  Undefined variable: page in C:\\xampp007\\htdocs\\ALDI25550036\\t_kat.php on line 169, referer: http://localhost/ALDI25550036/kategori_produk.php
[Thu May 07 15:59:08.564558 2026] [:error] [pid 11312:tid 2012] [client ::1:54448] PHP Notice:  Undefined variable: page in C:\\xampp007\\htdocs\\ALDI25550036\\t_kat.php on line 177, referer: http://localhost/ALDI25550036/kategori_produk.php
[Thu May 07 15:59:22.046932 2026] [:error] [pid 11312:tid 2056] [client ::1:60123] PHP Notice:  Undefined variable: page in C:\\xampp007\\htdocs\\ALDI25550036\\t_kat.php on line 145, referer: http://localhost/ALDI25550036/kategori_produk.php
[Thu May 07 15:59:22.046932 2026] [:error] [pid 11312:tid 2056] [client ::1:60123] PHP Notice:  Undefined variable: page in C:\\xampp007\\htdocs\\ALDI25550036\\t_kat.php on line 153, referer: http://localhost/ALDI25550036/kategori_produk.php
[Thu May 07 15:59:22.046932 2026] [:error] [pid 11312:tid 2056] [client ::1:60123] PHP Notice:  Undefined variable: page in C:\\xampp007\\htdocs\\ALDI25550036\\t_kat.php on line 161, referer: http://localhost/ALDI25550036/kategori_produk.php
[Thu May 07 15:59:22.046932 2026] [:error] [pid 11312:tid 2056] [client ::1:60123] PHP Notice:  Undefined variable: page in C:\\xampp007\\htdocs\\ALDI25550036\\t_kat.php on line 169, referer: http://localhost/ALDI25550036/kategori_produk.php
[Thu May 07 15:59:22.046932 2026] [:error] [pid 11312:tid 2056] [client ::1:60123] PHP Notice:  Undefined variable: page in C:\\xampp007\\htdocs\\ALDI25550036\\t_kat.php on line 177, referer: http://localhost/ALDI25550036/kategori_produk.php
[Thu May 07 16:00:27.537319 2026] [:error] [pid 11312:tid 2056] [client ::1:61518] PHP Notice:  Undefined variable: page in C:\\xampp007\\htdocs\\ALDI25550036\\t_kat.php on line 145, referer: http://localhost/ALDI25550036/kategori_produk.php
[Thu May 07 16:00:27.537319 2026] [:error] [pid 11312:tid 2056] [client ::1:61518] PHP Notice:  Undefined variable: page in C:\\xampp007\\htdocs\\ALDI25550036\\t_kat.php on line 153, referer: http://localhost/ALDI25550036/kategori_produk.php
[Thu May 07 16:00:27.537319 2026] [:error] [pid 11312:tid 2056] [client ::1:61518] PHP Notice:  Undefined variable: page in C:\\xampp007\\htdocs\\ALDI25550036\\t_kat.php on line 161, referer: http://localhost/ALDI25550036/kategori_produk.php
[Thu May 07 16:00:27.537319 2026] [:error] [pid 11312:tid 2056] [client ::1:61518] PHP Notice:  Undefined variable: page in C:\\xampp007\\htdocs\\ALDI25550036\\t_kat.php on line 169, referer: http://localhost/ALDI25550036/kategori_produk.php
[Thu May 07 16:00:27.537319 2026] [:error] [pid 11312:tid 2056] [client ::1:61518] PHP Notice:  Undefined variable: page in C:\\xampp007\\htdocs\\ALDI25550036\\t_kat.php on line 177, referer: http://localhost/ALDI25550036/kategori_produk.php
[Thu May 07 16:04:51.309170 2026] [:error] [pid 11312:tid 2012] [client ::1:62446] PHP Notice:  Undefined variable: page in C:\\xampp007\\htdocs\\ALDI25550036\\t_kat.php on line 145, referer: http://localhost/ALDI25550036/kategori_produk.php
[Thu May 07 16:04:51.309170 2026] [:error] [pid 11312:tid 2012] [client ::1:62446] PHP Notice:  Undefined variable: page in C:\\xampp007\\htdocs\\ALDI25550036\\t_kat.php on line 153, referer: http://localhost/ALDI25550036/kategori_produk.php
[Thu May 07 16:04:51.309170 2026] [:error] [pid 11312:tid 2012] [client ::1:62446] PHP Notice:  Undefined variable: page in C:\\xampp007\\htdocs\\ALDI25550036\\t_kat.php on line 161, referer: http://localhost/ALDI25550036/kategori_produk.php
[Thu May 07 16:04:51.310679 2026] [:error] [pid 11312:tid 2012] [client ::1:62446] PHP Notice:  Undefined variable: page in C:\\xampp007\\htdocs\\ALDI25550036\\t_kat.php on line 169, referer: http://localhost/ALDI25550036/kategori_produk.php
[Thu May 07 16:04:51.310679 2026] [:error] [pid 11312:tid 2012] [client ::1:62446] PHP Notice:  Undefined variable: page in C:\\xampp007\\htdocs\\ALDI25550036\\t_kat.php on line 177, referer: http://localhost/ALDI25550036/kategori_produk.php
[Thu May 07 16:06:41.450598 2026] [:error] [pid 11312:tid 2012] [client ::1:62310] script 'C:/xampp007/htdocs/ALDI25550036/users.php' not found or unable to stat, referer: http://localhost/ALDI25550036/data_produk.php
[Thu May 07 16:06:45.486348 2026] [:error] [pid 11312:tid 2012] [client ::1:62310] script 'C:/xampp007/htdocs/ALDI25550036/users.php' not found or unable to stat, referer: http://localhost/ALDI25550036/data_produk.php
[Thu May 07 16:07:04.105437 2026] [:error] [pid 11312:tid 2056] [client ::1:49671] script 'C:/xampp007/htdocs/ALDI25550036/users.php' not found or unable to stat, referer: http://localhost/ALDI25550036/data_produk.php
[Thu May 07 16:11:10.190926 2026] [:error] [pid 11312:tid 2056] [client ::1:51596] script 'C:/xampp007/htdocs/ALDI25550036/users.php' not found or unable to stat, referer: http://localhost/ALDI25550036/data_produk.php
[Thu May 07 16:11:25.145472 2026] [:error] [pid 11312:tid 2056] [client ::1:61853] PHP Notice:  Undefined variable: page in C:\\xampp007\\htdocs\\ALDI25550036\\t_kat.php on line 145, referer: http://localhost/ALDI25550036/kategori_produk.php
[Thu May 07 16:11:25.145472 2026] [:error] [pid 11312:tid 2056] [client ::1:61853] PHP Notice:  Undefined variable: page in C:\\xampp007\\htdocs\\ALDI25550036\\t_kat.php on line 153, referer: http://localhost/ALDI25550036/kategori_produk.php
[Thu May 07 16:11:25.145472 2026] [:error] [pid 11312:tid 2056] [client ::1:61853] PHP Notice:  Undefined variable: page in C:\\xampp007\\htdocs\\ALDI25550036\\t_kat.php on line 161, referer: http://localhost/ALDI25550036/kategori_produk.php
[Thu May 07 16:11:25.146509 2026] [:error] [pid 11312:tid 2056] [client ::1:61853] PHP Notice:  Undefined variable: page in C:\\xampp007\\htdocs\\ALDI25550036\\t_kat.php on line 169, referer: http://localhost/ALDI25550036/kategori_produk.php
[Thu May 07 16:11:25.146509 2026] [:error] [pid 11312:tid 2056] [client ::1:61853] PHP Notice:  Undefined variable: page in C:\\xampp007\\htdocs\\ALDI25550036\\t_kat.php on line 177, referer: http://localhost/ALDI25550036/kategori_produk.php
[Thu May 07 16:36:06.546079 2026] [ssl:warn] [pid 20772:tid 712] AH01909: www.example.com:443:0 server certificate does NOT include an ID which matches the server name
[Thu May 07 16:36:06.579845 2026] [core:warn] [pid 20772:tid 712] AH00098: pid file C:/xampp007/apache/logs/httpd.pid overwritten -- Unclean shutdown of previous Apache run?
[Thu May 07 16:36:06.643209 2026] [ssl:warn] [pid 20772:tid 712] AH01909: www.example.com:443:0 server certificate does NOT include an ID which matches the server name
[Thu May 07 16:36:06.658985 2026] [mpm_winnt:notice] [pid 20772:tid 712] AH00455: Apache/2.4.25 (Win32) OpenSSL/1.0.2j PHP/5.6.30 configured -- resuming normal operations
[Thu May 07 16:36:06.658985 2026] [mpm_winnt:notice] [pid 20772:tid 712] AH00456: Apache Lounge VC11 Server built: Dec 20 2016 13:02:04
[Thu May 07 16:36:06.658985 2026] [core:notice] [pid 20772:tid 712] AH00094: Command line: 'c:\\xampp007\\apache\\bin\\httpd.exe -d C:/xampp007/apache'
[Thu May 07 16:36:06.674868 2026] [mpm_winnt:notice] [pid 20772:tid 712] AH00418: Parent: Created child process 15232
[Thu May 07 16:36:07.206851 2026] [ssl:warn] [pid 15232:tid 692] AH01909: www.example.com:443:0 server certificate does NOT include an ID which matches the server name
[Thu May 07 16:36:07.293538 2026] [ssl:warn] [pid 15232:tid 692] AH01909: www.example.com:443:0 server certificate does NOT include an ID which matches the server name
[Thu May 07 16:36:07.326345 2026] [mpm_winnt:notice] [pid 15232:tid 692] AH00354: Child: Starting 150 worker threads.
[Thu May 07 16:36:45.849991 2026] [:error] [pid 15232:tid 2056] [client ::1:51957] script 'C:/xampp007/htdocs/ALDI25550036/users.php' not found or unable to stat, referer: http://localhost/ALDI25550036/data_produk.php
[Thu May 07 16:36:52.286694 2026] [:error] [pid 15232:tid 2036] [client ::1:51391] script 'C:/xampp007/htdocs/ALDI25550036/users.php' not found or unable to stat, referer: http://localhost/ALDI25550036/data_produk.php
[Thu May 07 16:37:01.621173 2026] [:error] [pid 15232:tid 2056] [client ::1:63482] script 'C:/xampp007/htdocs/ALDI25550036/users.php' not found or unable to stat, referer: http://localhost/ALDI25550036/data_produk.php
[Thu May 07 16:47:00.344192 2026] [:error] [pid 15232:tid 2056] [client ::1:49755] script 'C:/xampp007/htdocs/ALDI25550036/users.php' not found or unable to stat, referer: http://localhost/ALDI25550036/t_produk.php
[Thu May 07 16:47:04.438813 2026] [:error] [pid 15232:tid 2056] [client ::1:55268] script 'C:/xampp007/htdocs/ALDI25550036/users.php' not found or unable to stat, referer: http://localhost/ALDI25550036/t_produk.php
[Thu May 07 16:47:24.782797 2026] [:error] [pid 15232:tid 2036] [client ::1:58818] script 'C:/xampp007/htdocs/ALDI25550036/users.php' not found or unable to stat, referer: http://localhost/ALDI25550036/t_produk.php
[Thu May 07 16:51:50.693720 2026] [:error] [pid 15232:tid 2036] [client ::1:56915] script 'C:/xampp007/htdocs/ALDI25550036/users.php' not found or unable to stat, referer: http://localhost/ALDI25550036/t_produk.php
[Thu May 07 16:52:01.590340 2026] [:error] [pid 15232:tid 2036] [client ::1:56915] script 'C:/xampp007/htdocs/ALDI25550036/users.php' not found or unable to stat, referer: http://localhost/ALDI25550036/produk.php
[Thu May 07 16:53:10.209112 2026] [:error] [pid 15232:tid 2036] [client ::1:49671] script 'C:/xampp007/htdocs/ALDI25550036/users.php' not found or unable to stat, referer: http://localhost/ALDI25550036/produk.php
[Thu May 07 16:53:22.943493 2026] [:error] [pid 15232:tid 2056] [client ::1:57839] script 'C:/xampp007/htdocs/ALDI25550036/users.php' not found or unable to stat, referer: http://localhost/ALDI25550036/produk.php
[Thu May 07 16:53:47.777180 2026] [:error] [pid 15232:tid 2036] [client ::1:53205] script 'C:/xampp007/htdocs/ALDI25550036/users.php' not found or unable to stat, referer: http://localhost/ALDI25550036/produk.php
[Thu May 07 16:54:28.318480 2026] [:error] [pid 15232:tid 2056] [client ::1:53372] script 'C:/xampp007/htdocs/ALDI25550036/users.php' not found or unable to stat, referer: http://localhost/ALDI25550036/produk.php
[Fri May 08 14:12:09.220009 2026] [ssl:warn] [pid 24720:tid 684] AH01909: www.example.com:443:0 server certificate does NOT include an ID which matches the server name
[Fri May 08 14:12:09.283746 2026] [core:warn] [pid 24720:tid 684] AH00098: pid file C:/xampp007/apache/logs/httpd.pid overwritten -- Unclean shutdown of previous Apache run?
[Fri May 08 14:12:09.384139 2026] [ssl:warn] [pid 24720:tid 684] AH01909: www.example.com:443:0 server certificate does NOT include an ID which matches the server name
[Fri May 08 14:12:09.612521 2026] [mpm_winnt:notice] [pid 24720:tid 684] AH00455: Apache/2.4.25 (Win32) OpenSSL/1.0.2j PHP/5.6.30 configured -- resuming normal operations
[Fri May 08 14:12:09.612521 2026] [mpm_winnt:notice] [pid 24720:tid 684] AH00456: Apache Lounge VC11 Server built: Dec 20 2016 13:02:04
[Fri May 08 14:12:09.612521 2026] [core:notice] [pid 24720:tid 684] AH00094: Command line: 'c:\\xampp007\\apache\\bin\\httpd.exe -d C:/xampp007/apache'
[Fri May 08 14:12:09.616945 2026] [mpm_winnt:notice] [pid 24720:tid 684] AH00418: Parent: Created child process 22580
[Fri May 08 14:12:10.354313 2026] [ssl:warn] [pid 22580:tid 716] AH01909: www.example.com:443:0 server certificate does NOT include an ID which matches the server name
[Fri May 08 14:12:10.493363 2026] [ssl:warn] [pid 22580:tid 716] AH01909: www.example.com:443:0 server certificate does NOT include an ID which matches the server name
[Fri May 08 14:12:10.516702 2026] [mpm_winnt:notice] [pid 22580:tid 716] AH00354: Child: Starting 150 worker threads.
[Fri May 08 16:00:07.817874 2026] [ssl:warn] [pid 10528:tid 712] AH01909: www.example.com:443:0 server certificate does NOT include an ID which matches the server name
[Fri May 08 16:00:07.864903 2026] [core:warn] [pid 10528:tid 712] AH00098: pid file C:/xampp007/apache/logs/httpd.pid overwritten -- Unclean shutdown of previous Apache run?
[Fri May 08 16:00:07.912217 2026] [ssl:warn] [pid 10528:tid 712] AH01909: www.example.com:443:0 server certificate does NOT include an ID which matches the server name
[Fri May 08 16:00:07.940498 2026] [mpm_winnt:notice] [pid 10528:tid 712] AH00455: Apache/2.4.25 (Win32) OpenSSL/1.0.2j PHP/5.6.30 configured -- resuming normal operations
[Fri May 08 16:00:07.940498 2026] [mpm_winnt:notice] [pid 10528:tid 712] AH00456: Apache Lounge VC11 Server built: Dec 20 2016 13:02:04
[Fri May 08 16:00:07.940498 2026] [core:notice] [pid 10528:tid 712] AH00094: Command line: 'c:\\xampp007\\apache\\bin\\httpd.exe -d C:/xampp007/apache'
[Fri May 08 16:00:07.944290 2026] [mpm_winnt:notice] [pid 10528:tid 712] AH00418: Parent: Created child process 21956
[Fri May 08 16:00:08.348328 2026] [ssl:warn] [pid 21956:tid 700] AH01909: www.example.com:443:0 server certificate does NOT include an ID which matches the server name
[Fri May 08 16:00:08.445124 2026] [ssl:warn] [pid 21956:tid 700] AH01909: www.example.com:443:0 server certificate does NOT include an ID which matches the server name
[Fri May 08 16:00:08.469316 2026] [mpm_winnt:notice] [pid 21956:tid 700] AH00354: Child: Starting 150 worker threads.
[Fri May 08 16:46:47.895461 2026] [:error] [pid 21956:tid 2072] [client ::1:60353] script 'C:/xampp007/htdocs/ALDI25550036/users.php' not found or unable to stat, referer: http://localhost/ALDI25550036/produk.php
[Fri May 08 16:46:51.959874 2026] [:error] [pid 21956:tid 2072] [client ::1:60353] script 'C:/xampp007/htdocs/ALDI25550036/users.php' not found or unable to stat, referer: http://localhost/ALDI25550036/produk.php
[Fri May 08 17:27:18.965225 2026] [:error] [pid 21956:tid 2056] [client ::1:63550] script 'C:/xampp007/htdocs/ALDI25550036/users.php' not found or unable to stat, referer: http://localhost/ALDI25550036/data_produk.php
[Fri May 08 17:27:24.731419 2026] [:error] [pid 21956:tid 2072] [client ::1:56028] script 'C:/xampp007/htdocs/ALDI25550036/users.php' not found or unable to stat, referer: http://localhost/ALDI25550036/data_produk.php
[Fri May 08 17:27:31.918356 2026] [:error] [pid 21956:tid 2072] [client ::1:56028] script 'C:/xampp007/htdocs/ALDI25550036/users.php' not found or unable to stat, referer: http://localhost/ALDI25550036/data_produk.php
[Fri May 08 17:28:10.358166 2026] [:error] [pid 21956:tid 2056] [client ::1:54093] script 'C:/xampp007/htdocs/ALDI25550036/users.php' not found or unable to stat, referer: http://localhost/ALDI25550036/data_produk.php
[Fri May 08 17:30:04.329333 2026] [:error] [pid 21956:tid 2072] [client ::1:55328] script 'C:/xampp007/htdocs/ALDI25550036/users.php' not found or unable to stat, referer: http://localhost/ALDI25550036/data_produk.php
[Fri May 08 17:30:58.584042 2026] [:error] [pid 21956:tid 2056] [client ::1:63935] script 'C:/xampp007/htdocs/ALDI25550036/users.php' not found or unable to stat, referer: http://localhost/ALDI25550036/data_produk.php
[Fri May 08 18:42:22.270874 2026] [:error] [pid 21956:tid 2056] [client ::1:62910] script 'C:/xampp007/htdocs/ALDI25550036/users.php' not found or unable to stat, referer: http://localhost/ALDI25550036/produk.php
[Fri May 08 18:58:44.205716 2026] [:error] [pid 21956:tid 2056] [client ::1:59525] PHP Notice:  Undefined variable: total_item in C:\\xampp007\\htdocs\\ALDI25550036\\laporan.php on line 285, referer: http://localhost/ALDI25550036/index.php
[Fri May 08 18:58:44.205716 2026] [:error] [pid 21956:tid 2056] [client ::1:59525] PHP Notice:  Undefined variable: total_barang_masuk in C:\\xampp007\\htdocs\\ALDI25550036\\laporan.php on line 302, referer: http://localhost/ALDI25550036/index.php
[Fri May 08 18:58:44.205716 2026] [:error] [pid 21956:tid 2056] [client ::1:59525] PHP Notice:  Undefined variable: total_barang_keluar in C:\\xampp007\\htdocs\\ALDI25550036\\laporan.php on line 319, referer: http://localhost/ALDI25550036/index.php
[Fri May 08 18:58:44.205716 2026] [:error] [pid 21956:tid 2056] [client ::1:59525] PHP Notice:  Undefined variable: total_stok_kritis in C:\\xampp007\\htdocs\\ALDI25550036\\laporan.php on line 336, referer: http://localhost/ALDI25550036/index.php
[Fri May 08 18:59:33.483007 2026] [:error] [pid 21956:tid 2072] [client ::1:61779] PHP Notice:  Undefined variable: page in C:\\xampp007\\htdocs\\ALDI25550036\\laporan.php on line 219, referer: http://localhost/ALDI25550036/index.php
[Fri May 08 18:59:33.483007 2026] [:error] [pid 21956:tid 2072] [client ::1:61779] PHP Notice:  Undefined variable: page in C:\\xampp007\\htdocs\\ALDI25550036\\laporan.php on line 227, referer: http://localhost/ALDI25550036/index.php
[Fri May 08 18:59:33.483007 2026] [:error] [pid 21956:tid 2072] [client ::1:61779] PHP Notice:  Undefined variable: page in C:\\xampp007\\htdocs\\ALDI25550036\\laporan.php on line 235, referer: http://localhost/ALDI25550036/index.php
[Fri May 08 18:59:33.483007 2026] [:error] [pid 21956:tid 2072] [client ::1:61779] PHP Notice:  Undefined variable: page in C:\\xampp007\\htdocs\\ALDI25550036\\laporan.php on line 243, referer: http://localhost/ALDI25550036/index.php
[Fri May 08 18:59:33.483007 2026] [:error] [pid 21956:tid 2072] [client ::1:61779] PHP Notice:  Undefined variable: page in C:\\xampp007\\htdocs\\ALDI25550036\\laporan.php on line 251, referer: http://localhost/ALDI25550036/index.php
[Fri May 08 19:45:54.677188 2026] [ssl:warn] [pid 6156:tid 736] AH01909: www.example.com:443:0 server certificate does NOT include an ID which matches the server name
[Fri May 08 19:45:54.735051 2026] [core:warn] [pid 6156:tid 736] AH00098: pid file C:/xampp007/apache/logs/httpd.pid overwritten -- Unclean shutdown of previous Apache run?
[Fri May 08 19:45:54.811989 2026] [ssl:warn] [pid 6156:tid 736] AH01909: www.example.com:443:0 server certificate does NOT include an ID which matches the server name
[Fri May 08 19:45:54.845872 2026] [mpm_winnt:notice] [pid 6156:tid 736] AH00455: Apache/2.4.25 (Win32) OpenSSL/1.0.2j PHP/5.6.30 configured -- resuming normal operations
[Fri May 08 19:45:54.845872 2026] [mpm_winnt:notice] [pid 6156:tid 736] AH00456: Apache Lounge VC11 Server built: Dec 20 2016 13:02:04
[Fri May 08 19:45:54.845872 2026] [core:notice] [pid 6156:tid 736] AH00094: Command line: 'c:\\xampp007\\apache\\bin\\httpd.exe -d C:/xampp007/apache'
[Fri May 08 19:45:54.862213 2026] [mpm_winnt:notice] [pid 6156:tid 736] AH00418: Parent: Created child process 22512
[Fri May 08 19:45:55.461337 2026] [ssl:warn] [pid 22512:tid 624] AH01909: www.example.com:443:0 server certificate does NOT include an ID which matches the server name
[Fri May 08 19:45:55.592649 2026] [ssl:warn] [pid 22512:tid 624] AH01909: www.example.com:443:0 server certificate does NOT include an ID which matches the server name
[Fri May 08 19:45:55.627225 2026] [mpm_winnt:notice] [pid 22512:tid 624] AH00354: Child: Starting 150 worker threads.
[Fri May 08 19:46:06.074485 2026] [:error] [pid 22512:tid 2032] [client ::1:52463] PHP Notice:  Undefined variable: page in C:\\xampp007\\htdocs\\ALDI25550036\\laporan.php on line 219, referer: http://localhost/ALDI25550036/
[Fri May 08 19:46:06.074485 2026] [:error] [pid 22512:tid 2032] [client ::1:52463] PHP Notice:  Undefined variable: page in C:\\xampp007\\htdocs\\ALDI25550036\\laporan.php on line 227, referer: http://localhost/ALDI25550036/
[Fri May 08 19:46:06.074485 2026] [:error] [pid 22512:tid 2032] [client ::1:52463] PHP Notice:  Undefined variable: page in C:\\xampp007\\htdocs\\ALDI25550036\\laporan.php on line 235, referer: http://localhost/ALDI25550036/
[Fri May 08 19:46:06.074485 2026] [:error] [pid 22512:tid 2032] [client ::1:52463] PHP Notice:  Undefined variable: page in C:\\xampp007\\htdocs\\ALDI25550036\\laporan.php on line 243, referer: http://localhost/ALDI25550036/
[Fri May 08 19:46:06.074485 2026] [:error] [pid 22512:tid 2032] [client ::1:52463] PHP Notice:  Undefined variable: page in C:\\xampp007\\htdocs\\ALDI25550036\\laporan.php on line 251, referer: http://localhost/ALDI25550036/
[Fri May 08 20:35:26.732972 2026] [:error] [pid 22512:tid 2032] [client ::1:64396] PHP Notice:  Undefined variable: page in C:\\xampp007\\htdocs\\ALDI25550036\\laporan.php on line 219, referer: http://localhost/ALDI25550036/data_produk.php
[Fri May 08 20:35:26.736502 2026] [:error] [pid 22512:tid 2032] [client ::1:64396] PHP Notice:  Undefined variable: page in C:\\xampp007\\htdocs\\ALDI25550036\\laporan.php on line 227, referer: http://localhost/ALDI25550036/data_produk.php
[Fri May 08 20:35:26.736502 2026] [:error] [pid 22512:tid 2032] [client ::1:64396] PHP Notice:  Undefined variable: page in C:\\xampp007\\htdocs\\ALDI25550036\\laporan.php on line 235, referer: http://localhost/ALDI25550036/data_produk.php
[Fri May 08 20:35:26.739695 2026] [:error] [pid 22512:tid 2032] [client ::1:64396] PHP Notice:  Undefined variable: page in C:\\xampp007\\htdocs\\ALDI25550036\\laporan.php on line 243, referer: http://localhost/ALDI25550036/data_produk.php
[Fri May 08 20:35:26.741147 2026] [:error] [pid 22512:tid 2032] [client ::1:64396] PHP Notice:  Undefined variable: page in C:\\xampp007\\htdocs\\ALDI25550036\\laporan.php on line 251, referer: http://localhost/ALDI25550036/data_produk.php
[Sat May 09 11:52:54.901956 2026] [ssl:warn] [pid 4200:tid 700] AH01909: www.example.com:443:0 server certificate does NOT include an ID which matches the server name
[Sat May 09 11:52:54.954471 2026] [core:warn] [pid 4200:tid 700] AH00098: pid file C:/xampp007/apache/logs/httpd.pid overwritten -- Unclean shutdown of previous Apache run?
[Sat May 09 11:52:55.018359 2026] [ssl:warn] [pid 4200:tid 700] AH01909: www.example.com:443:0 server certificate does NOT include an ID which matches the server name
[Sat May 09 11:52:55.045902 2026] [mpm_winnt:notice] [pid 4200:tid 700] AH00455: Apache/2.4.25 (Win32) OpenSSL/1.0.2j PHP/5.6.30 configured -- resuming normal operations
[Sat May 09 11:52:55.045902 2026] [mpm_winnt:notice] [pid 4200:tid 700] AH00456: Apache Lounge VC11 Server built: Dec 20 2016 13:02:04
[Sat May 09 11:52:55.045902 2026] [core:notice] [pid 4200:tid 700] AH00094: Command line: 'c:\\xampp007\\apache\\bin\\httpd.exe -d C:/xampp007/apache'
[Sat May 09 11:52:55.051169 2026] [mpm_winnt:notice] [pid 4200:tid 700] AH00418: Parent: Created child process 8604
[Sat May 09 11:52:55.538703 2026] [ssl:warn] [pid 8604:tid 740] AH01909: www.example.com:443:0 server certificate does NOT include an ID which matches the server name
[Sat May 09 11:52:55.633241 2026] [ssl:warn] [pid 8604:tid 740] AH01909: www.example.com:443:0 server certificate does NOT include an ID which matches the server name
[Sat May 09 11:52:55.667052 2026] [mpm_winnt:notice] [pid 8604:tid 740] AH00354: Child: Starting 150 worker threads.
[Sat May 09 12:21:42.202894 2026] [:error] [pid 8604:tid 2040] [client ::1:65292] script 'C:/xampp007/htdocs/ALDI25550036/users.php' not found or unable to stat, referer: http://localhost/ALDI25550036/produk.php
[Sat May 09 12:21:58.506633 2026] [:error] [pid 8604:tid 2032] [client ::1:56810] script 'C:/xampp007/htdocs/ALDI25550036/users.php' not found or unable to stat, referer: http://localhost/ALDI25550036/produk.php
[Sat May 09 12:22:09.259707 2026] [:error] [pid 8604:tid 2040] [client ::1:65518] script 'C:/xampp007/htdocs/ALDI25550036/users.php' not found or unable to stat, referer: http://localhost/ALDI25550036/produk.php
[Sat May 09 12:22:21.491500 2026] [:error] [pid 8604:tid 2032] [client ::1:52818] script 'C:/xampp007/htdocs/ALDI25550036/users.php' not found or unable to stat, referer: http://localhost/ALDI25550036/produk.php
[Sat May 09 12:22:32.646094 2026] [:error] [pid 8604:tid 2040] [client ::1:50289] script 'C:/xampp007/htdocs/ALDI25550036/users.php' not found or unable to stat, referer: http://localhost/ALDI25550036/produk.php
[Sat May 09 12:22:34.804434 2026] [:error] [pid 8604:tid 2040] [client ::1:50289] PHP Notice:  Undefined variable: page in C:\\xampp007\\htdocs\\ALDI25550036\\laporan.php on line 219, referer: http://localhost/ALDI25550036/produk.php
[Sat May 09 12:22:34.804434 2026] [:error] [pid 8604:tid 2040] [client ::1:50289] PHP Notice:  Undefined variable: page in C:\\xampp007\\htdocs\\ALDI25550036\\laporan.php on line 227, referer: http://localhost/ALDI25550036/produk.php
[Sat May 09 12:22:34.804434 2026] [:error] [pid 8604:tid 2040] [client ::1:50289] PHP Notice:  Undefined variable: page in C:\\xampp007\\htdocs\\ALDI25550036\\laporan.php on line 235, referer: http://localhost/ALDI25550036/produk.php
[Sat May 09 12:22:34.804434 2026] [:error] [pid 8604:tid 2040] [client ::1:50289] PHP Notice:  Undefined variable: page in C:\\xampp007\\htdocs\\ALDI25550036\\laporan.php on line 243, referer: http://localhost/ALDI25550036/produk.php
[Sat May 09 12:22:34.804434 2026] [:error] [pid 8604:tid 2040] [client ::1:50289] PHP Notice:  Undefined variable: page in C:\\xampp007\\htdocs\\ALDI25550036\\laporan.php on line 251, referer: http://localhost/ALDI25550036/produk.php
[Sat May 09 12:22:35.296984 2026] [:error] [pid 8604:tid 2040] [client ::1:50289] PHP Parse error:  syntax error, unexpected '<' in C:\\xampp007\\htdocs\\ALDI25550036\\user.php on line 2, referer: http://localhost/ALDI25550036/laporan.php
[Sat May 09 12:22:42.802702 2026] [:error] [pid 8604:tid 2032] [client ::1:53663] PHP Parse error:  syntax error, unexpected '<' in C:\\xampp007\\htdocs\\ALDI25550036\\user.php on line 2, referer: http://localhost/ALDI25550036/kategori_produk.php
[Sat May 09 12:22:57.312913 2026] [:error] [pid 8604:tid 2040] [client ::1:51302] PHP Parse error:  syntax error, unexpected '<' in C:\\xampp007\\htdocs\\ALDI25550036\\user.php on line 2, referer: http://localhost/ALDI25550036/kategori_produk.php
[Sat May 09 12:23:02.815837 2026] [:error] [pid 8604:tid 2040] [client ::1:51302] PHP Parse error:  syntax error, unexpected '<' in C:\\xampp007\\htdocs\\ALDI25550036\\user.php on line 2, referer: http://localhost/ALDI25550036/data_produk.php
[Sat May 09 12:23:11.967341 2026] [:error] [pid 8604:tid 2040] [client ::1:52651] PHP Parse error:  syntax error, unexpected '<' in C:\\xampp007\\htdocs\\ALDI25550036\\user.php on line 2, referer: http://localhost/ALDI25550036/index.php
[Sat May 09 12:24:05.957327 2026] [:error] [pid 8604:tid 2032] [client ::1:56822] PHP Parse error:  syntax error, unexpected '<' in C:\\xampp007\\htdocs\\ALDI25550036\\user.php on line 2, referer: http://localhost/ALDI25550036/kategori_produk.php
[Sat May 09 12:24:10.759236 2026] [:error] [pid 8604:tid 2032] [client ::1:56822] PHP Notice:  Undefined variable: page in C:\\xampp007\\htdocs\\ALDI25550036\\laporan.php on line 219, referer: http://localhost/ALDI25550036/kategori_produk.php
[Sat May 09 12:24:10.759236 2026] [:error] [pid 8604:tid 2032] [client ::1:56822] PHP Notice:  Undefined variable: page in C:\\xampp007\\htdocs\\ALDI25550036\\laporan.php on line 227, referer: http://localhost/ALDI25550036/kategori_produk.php
[Sat May 09 12:24:10.759236 2026] [:error] [pid 8604:tid 2032] [client ::1:56822] PHP Notice:  Undefined variable: page in C:\\xampp007\\htdocs\\ALDI25550036\\laporan.php on line 235, referer: http://localhost/ALDI25550036/kategori_produk.php
[Sat May 09 12:24:10.759236 2026] [:error] [pid 8604:tid 2032] [client ::1:56822] PHP Notice:  Undefined variable: page in C:\\xampp007\\htdocs\\ALDI25550036\\laporan.php on line 243, referer: http://localhost/ALDI25550036/kategori_produk.php
[Sat May 09 12:24:10.759236 2026] [:error] [pid 8604:tid 2032] [client ::1:56822] PHP Notice:  Undefined variable: page in C:\\xampp007\\htdocs\\ALDI25550036\\laporan.php on line 251, referer: http://localhost/ALDI25550036/kategori_produk.php
[Sat May 09 12:24:11.440354 2026] [:error] [pid 8604:tid 2032] [client ::1:56822] PHP Parse error:  syntax error, unexpected '<' in C:\\xampp007\\htdocs\\ALDI25550036\\user.php on line 2, referer: http://localhost/ALDI25550036/laporan.php
[Sat May 09 12:24:19.767697 2026] [:error] [pid 8604:tid 2040] [client ::1:56148] PHP Parse error:  syntax error, unexpected '<' in C:\\xampp007\\htdocs\\ALDI25550036\\user.php on line 2, referer: http://localhost/ALDI25550036/data_produk.php
[Sat May 09 12:24:22.166598 2026] [:error] [pid 8604:tid 2040] [client ::1:56148] PHP Parse error:  syntax error, unexpected '<' in C:\\xampp007\\htdocs\\ALDI25550036\\user.php on line 2, referer: http://localhost/ALDI25550036/data_produk.php
[Sat May 09 12:24:24.547456 2026] [:error] [pid 8604:tid 2040] [client ::1:56148] PHP Notice:  Undefined variable: page in C:\\xampp007\\htdocs\\ALDI25550036\\laporan.php on line 219, referer: http://localhost/ALDI25550036/data_produk.php
[Sat May 09 12:24:24.547456 2026] [:error] [pid 8604:tid 2040] [client ::1:56148] PHP Notice:  Undefined variable: page in C:\\xampp007\\htdocs\\ALDI25550036\\laporan.php on line 227, referer: http://localhost/ALDI25550036/data_produk.php
[Sat May 09 12:24:24.547456 2026] [:error] [pid 8604:tid 2040] [client ::1:56148] PHP Notice:  Undefined variable: page in C:\\xampp007\\htdocs\\ALDI25550036\\laporan.php on line 235, referer: http://localhost/ALDI25550036/data_produk.php
[Sat May 09 12:24:24.547456 2026] [:error] [pid 8604:tid 2040] [client ::1:56148] PHP Notice:  Undefined variable: page in C:\\xampp007\\htdocs\\ALDI25550036\\laporan.php on line 243, referer: http://localhost/ALDI25550036/data_produk.php
[Sat May 09 12:24:24.547456 2026] [:error] [pid 8604:tid 2040] [client ::1:56148] PHP Notice:  Undefined variable: page in C:\\xampp007\\htdocs\\ALDI25550036\\laporan.php on line 251, referer: http://localhost/ALDI25550036/data_produk.php
[Sat May 09 12:24:25.565269 2026] [:error] [pid 8604:tid 2040] [client ::1:56148] PHP Parse error:  syntax error, unexpected '<' in C:\\xampp007\\htdocs\\ALDI25550036\\user.php on line 2, referer: http://localhost/ALDI25550036/laporan.php
[Sat May 09 12:24:27.947464 2026] [:error] [pid 8604:tid 2040] [client ::1:56148] PHP Notice:  Undefined variable: page in C:\\xampp007\\htdocs\\ALDI25550036\\laporan.php on line 219, referer: http://localhost/ALDI25550036/laporan.php
[Sat May 09 12:24:27.947464 2026] [:error] [pid 8604:tid 2040] [client ::1:56148] PHP Notice:  Undefined variable: page in C:\\xampp007\\htdocs\\ALDI25550036\\laporan.php on line 227, referer: http://localhost/ALDI25550036/laporan.php
[Sat May 09 12:24:27.947464 2026] [:error] [pid 8604:tid 2040] [client ::1:56148] PHP Notice:  Undefined variable: page in C:\\xampp007\\htdocs\\ALDI25550036\\laporan.php on line 235, referer: http://localhost/ALDI25550036/laporan.php
[Sat May 09 12:24:27.947464 2026] [:error] [pid 8604:tid 2040] [client ::1:56148] PHP Notice:  Undefined variable: page in C:\\xampp007\\htdocs\\ALDI25550036\\laporan.php on line 243, referer: http://localhost/ALDI25550036/laporan.php
[Sat May 09 12:24:27.947464 2026] [:error] [pid 8604:tid 2040] [client ::1:56148] PHP Notice:  Undefined variable: page in C:\\xampp007\\htdocs\\ALDI25550036\\laporan.php on line 251, referer: http://localhost/ALDI25550036/laporan.php
[Sat May 09 12:24:28.756677 2026] [:error] [pid 8604:tid 2040] [client ::1:56148] PHP Parse error:  syntax error, unexpected '<' in C:\\xampp007\\htdocs\\ALDI25550036\\user.php on line 2, referer: http://localhost/ALDI25550036/laporan.php
[Sat May 09 12:24:52.530264 2026] [:error] [pid 8604:tid 2032] [client ::1:65245] PHP Parse error:  syntax error, unexpected '<' in C:\\xampp007\\htdocs\\ALDI25550036\\user.php on line 2, referer: http://localhost/ALDI25550036/laporan.php
[Sat May 09 12:24:55.135966 2026] [:error] [pid 8604:tid 2032] [client ::1:65245] PHP Notice:  Undefined variable: page in C:\\xampp007\\htdocs\\ALDI25550036\\laporan.php on line 219, referer: http://localhost/ALDI25550036/laporan.php
[Sat May 09 12:24:55.135966 2026] [:error] [pid 8604:tid 2032] [client ::1:65245] PHP Notice:  Undefined variable: page in C:\\xampp007\\htdocs\\ALDI25550036\\laporan.php on line 227, referer: http://localhost/ALDI25550036/laporan.php
[Sat May 09 12:24:55.135966 2026] [:error] [pid 8604:tid 2032] [client ::1:65245] PHP Notice:  Undefined variable: page in C:\\xampp007\\htdocs\\ALDI25550036\\laporan.php on line 235, referer: http://localhost/ALDI25550036/laporan.php
[Sat May 09 12:24:55.135966 2026] [:error] [pid 8604:tid 2032] [client ::1:65245] PHP Notice:  Undefined variable: page in C:\\xampp007\\htdocs\\ALDI25550036\\laporan.php on line 243, referer: http://localhost/ALDI25550036/laporan.php
[Sat May 09 12:24:55.144149 2026] [:error] [pid 8604:tid 2032] [client ::1:65245] PHP Notice:  Undefined variable: page in C:\\xampp007\\htdocs\\ALDI25550036\\laporan.php on line 251, referer: http://localhost/ALDI25550036/laporan.php
[Sat May 09 12:24:55.970682 2026] [:error] [pid 8604:tid 2032] [client ::1:65245] PHP Parse error:  syntax error, unexpected '<' in C:\\xampp007\\htdocs\\ALDI25550036\\user.php on line 2, referer: http://localhost/ALDI25550036/laporan.php
[Sat May 09 12:24:59.797921 2026] [:error] [pid 8604:tid 2032] [client ::1:65245] PHP Notice:  Undefined variable: page in C:\\xampp007\\htdocs\\ALDI25550036\\laporan.php on line 219, referer: http://localhost/ALDI25550036/data_produk.php
[Sat May 09 12:24:59.797921 2026] [:error] [pid 8604:tid 2032] [client ::1:65245] PHP Notice:  Undefined variable: page in C:\\xampp007\\htdocs\\ALDI25550036\\laporan.php on line 227, referer: http://localhost/ALDI25550036/data_produk.php
[Sat May 09 12:24:59.797921 2026] [:error] [pid 8604:tid 2032] [client ::1:65245] PHP Notice:  Undefined variable: page in C:\\xampp007\\htdocs\\ALDI25550036\\laporan.php on line 235, referer: http://localhost/ALDI25550036/data_produk.php
[Sat May 09 12:24:59.797921 2026] [:error] [pid 8604:tid 2032] [client ::1:65245] PHP Notice:  Undefined variable: page in C:\\xampp007\\htdocs\\ALDI25550036\\laporan.php on line 243, referer: http://localhost/ALDI25550036/data_produk.php
[Sat May 09 12:24:59.797921 2026] [:error] [pid 8604:tid 2032] [client ::1:65245] PHP Notice:  Undefined variable: page in C:\\xampp007\\htdocs\\ALDI25550036\\laporan.php on line 251, referer: http://localhost/ALDI25550036/data_produk.php
[Sat May 09 12:25:01.147415 2026] [:error] [pid 8604:tid 2032] [client ::1:65245] PHP Parse error:  syntax error, unexpected '<' in C:\\xampp007\\htdocs\\ALDI25550036\\user.php on line 2, referer: http://localhost/ALDI25550036/laporan.php
[Sat May 09 12:25:07.922805 2026] [:error] [pid 8604:tid 2040] [client ::1:64414] PHP Parse error:  syntax error, unexpected '<' in C:\\xampp007\\htdocs\\ALDI25550036\\user.php on line 2, referer: http://localhost/ALDI25550036/data_produk.php
[Sat May 09 12:25:10.764287 2026] [:error] [pid 8604:tid 2040] [client ::1:64414] PHP Notice:  Undefined variable: page in C:\\xampp007\\htdocs\\ALDI25550036\\laporan.php on line 219, referer: http://localhost/ALDI25550036/data_produk.php
[Sat May 09 12:25:10.764287 2026] [:error] [pid 8604:tid 2040] [client ::1:64414] PHP Notice:  Undefined variable: page in C:\\xampp007\\htdocs\\ALDI25550036\\laporan.php on line 227, referer: http://localhost/ALDI25550036/data_produk.php
[Sat May 09 12:25:10.764287 2026] [:error] [pid 8604:tid 2040] [client ::1:64414] PHP Notice:  Undefined variable: page in C:\\xampp007\\htdocs\\ALDI25550036\\laporan.php on line 235, referer: http://localhost/ALDI25550036/data_produk.php
[Sat May 09 12:25:10.772529 2026] [:error] [pid 8604:tid 2040] [client ::1:64414] PHP Notice:  Undefined variable: page in C:\\xampp007\\htdocs\\ALDI25550036\\laporan.php on line 243, referer: http://localhost/ALDI25550036/data_produk.php
[Sat May 09 12:25:10.772529 2026] [:error] [pid 8604:tid 2040] [client ::1:64414] PHP Notice:  Undefined variable: page in C:\\xampp007\\htdocs\\ALDI25550036\\laporan.php on line 251, referer: http://localhost/ALDI25550036/data_produk.php
[Sat May 09 12:25:13.139539 2026] [:error] [pid 8604:tid 2040] [client ::1:64414] PHP Notice:  Undefined variable: page in C:\\xampp007\\htdocs\\ALDI25550036\\laporan.php on line 219, referer: http://localhost/ALDI25550036/data_produk.php
[Sat May 09 12:25:13.139539 2026] [:error] [pid 8604:tid 2040] [client ::1:64414] PHP Notice:  Undefined variable: page in C:\\xampp007\\htdocs\\ALDI25550036\\laporan.php on line 227, referer: http://localhost/ALDI25550036/data_produk.php
[Sat May 09 12:25:13.139539 2026] [:error] [pid 8604:tid 2040] [client ::1:64414] PHP Notice:  Undefined variable: page in C:\\xampp007\\htdocs\\ALDI25550036\\laporan.php on line 235, referer: http://localhost/ALDI25550036/data_produk.php
[Sat May 09 12:25:13.139539 2026] [:error] [pid 8604:tid 2040] [client ::1:64414] PHP Notice:  Undefined variable: page in C:\\xampp007\\htdocs\\ALDI25550036\\laporan.php on line 243, referer: http://localhost/ALDI25550036/data_produk.php
[Sat May 09 12:25:13.139539 2026] [:error] [pid 8604:tid 2040] [client ::1:64414] PHP Notice:  Undefined variable: page in C:\\xampp007\\htdocs\\ALDI25550036\\laporan.php on line 251, referer: http://localhost/ALDI25550036/data_produk.php
[Sat May 09 12:25:13.646776 2026] [:error] [pid 8604:tid 2040] [client ::1:64414] PHP Parse error:  syntax error, unexpected '<' in C:\\xampp007\\htdocs\\ALDI25550036\\user.php on line 2, referer: http://localhost/ALDI25550036/laporan.php
[Sat May 09 12:25:17.920373 2026] [:error] [pid 8604:tid 2040] [client ::1:64414] PHP Parse error:  syntax error, unexpected '<' in C:\\xampp007\\htdocs\\ALDI25550036\\user.php on line 2, referer: http://localhost/ALDI25550036/laporan.php
[Sat May 09 12:26:59.023799 2026] [:error] [pid 8604:tid 2032] [client ::1:50415] PHP Notice:  Undefined variable: page in C:\\xampp007\\htdocs\\ALDI25550036\\laporan.php on line 219, referer: http://localhost/ALDI25550036/data_produk.php
[Sat May 09 12:26:59.023799 2026] [:error] [pid 8604:tid 2032] [client ::1:50415] PHP Notice:  Undefined variable: page in C:\\xampp007\\htdocs\\ALDI25550036\\laporan.php on line 227, referer: http://localhost/ALDI25550036/data_produk.php
[Sat May 09 12:26:59.023799 2026] [:error] [pid 8604:tid 2032] [client ::1:50415] PHP Notice:  Undefined variable: page in C:\\xampp007\\htdocs\\ALDI25550036\\laporan.php on line 235, referer: http://localhost/ALDI25550036/data_produk.php
[Sat May 09 12:26:59.023799 2026] [:error] [pid 8604:tid 2032] [client ::1:50415] PHP Notice:  Undefined variable: page in C:\\xampp007\\htdocs\\ALDI25550036\\laporan.php on line 243, referer: http://localhost/ALDI25550036/data_produk.php
[Sat May 09 12:26:59.023799 2026] [:error] [pid 8604:tid 2032] [client ::1:50415] PHP Notice:  Undefined variable: page in C:\\xampp007\\htdocs\\ALDI25550036\\laporan.php on line 251, referer: http://localhost/ALDI25550036/data_produk.php
[Sat May 09 12:26:59.778128 2026] [:error] [pid 8604:tid 2032] [client ::1:50415] PHP Parse error:  syntax error, unexpected '<' in C:\\xampp007\\htdocs\\ALDI25550036\\user.php on line 2, referer: http://localhost/ALDI25550036/laporan.php
[Sat May 09 12:27:03.142231 2026] [:error] [pid 8604:tid 2032] [client ::1:50415] PHP Parse error:  syntax error, unexpected '<' in C:\\xampp007\\htdocs\\ALDI25550036\\user.php on line 2, referer: http://localhost/ALDI25550036/laporan.php
[Sat May 09 12:29:06.243957 2026] [:error] [pid 8604:tid 2040] [client ::1:57091] PHP Notice:  Undefined variable: page in C:\\xampp007\\htdocs\\ALDI25550036\\laporan.php on line 219, referer: http://localhost/ALDI25550036/data_produk.php
[Sat May 09 12:29:06.243957 2026] [:error] [pid 8604:tid 2040] [client ::1:57091] PHP Notice:  Undefined variable: page in C:\\xampp007\\htdocs\\ALDI25550036\\laporan.php on line 227, referer: http://localhost/ALDI25550036/data_produk.php
[Sat May 09 12:29:06.243957 2026] [:error] [pid 8604:tid 2040] [client ::1:57091] PHP Notice:  Undefined variable: page in C:\\xampp007\\htdocs\\ALDI25550036\\laporan.php on line 235, referer: http://localhost/ALDI25550036/data_produk.php
[Sat May 09 12:29:06.243957 2026] [:error] [pid 8604:tid 2040] [client ::1:57091] PHP Notice:  Undefined variable: page in C:\\xampp007\\htdocs\\ALDI25550036\\laporan.php on line 243, referer: http://localhost/ALDI25550036/data_produk.php
[Sat May 09 12:29:06.243957 2026] [:error] [pid 8604:tid 2040] [client ::1:57091] PHP Notice:  Undefined variable: page in C:\\xampp007\\htdocs\\ALDI25550036\\laporan.php on line 251, referer: http://localhost/ALDI25550036/data_produk.php
[Sat May 09 12:29:06.639826 2026] [:error] [pid 8604:tid 2040] [client ::1:57091] PHP Parse error:  syntax error, unexpected '<' in C:\\xampp007\\htdocs\\ALDI25550036\\user.php on line 2, referer: http://localhost/ALDI25550036/laporan.php
[Sat May 09 12:29:34.111320 2026] [:error] [pid 8604:tid 2032] [client ::1:65472] PHP Parse error:  syntax error, unexpected '<' in C:\\xampp007\\htdocs\\ALDI25550036\\user.php on line 2, referer: http://localhost/ALDI25550036/laporan.php
[Sat May 09 12:29:34.455713 2026] [:error] [pid 8604:tid 2032] [client ::1:65472] PHP Parse error:  syntax error, unexpected '<' in C:\\xampp007\\htdocs\\ALDI25550036\\user.php on line 2, referer: http://localhost/ALDI25550036/laporan.php
[Sat May 09 12:29:34.603951 2026] [:error] [pid 8604:tid 2032] [client ::1:65472] PHP Parse error:  syntax error, unexpected '<' in C:\\xampp007\\htdocs\\ALDI25550036\\user.php on line 2, referer: http://localhost/ALDI25550036/laporan.php
[Sat May 09 12:29:34.752236 2026] [:error] [pid 8604:tid 2032] [client ::1:65472] PHP Parse error:  syntax error, unexpected '<' in C:\\xampp007\\htdocs\\ALDI25550036\\user.php on line 2, referer: http://localhost/ALDI25550036/laporan.php
[Sat May 09 12:29:38.255788 2026] [:error] [pid 8604:tid 2032] [client ::1:65472] PHP Notice:  Undefined variable: page in C:\\xampp007\\htdocs\\ALDI25550036\\laporan.php on line 219, referer: http://localhost/ALDI25550036/laporan.php
[Sat May 09 12:29:38.255788 2026] [:error] [pid 8604:tid 2032] [client ::1:65472] PHP Notice:  Undefined variable: page in C:\\xampp007\\htdocs\\ALDI25550036\\laporan.php on line 227, referer: http://localhost/ALDI25550036/laporan.php
[Sat May 09 12:29:38.255788 2026] [:error] [pid 8604:tid 2032] [client ::1:65472] PHP Notice:  Undefined variable: page in C:\\xampp007\\htdocs\\ALDI25550036\\laporan.php on line 235, referer: http://localhost/ALDI25550036/laporan.php
[Sat May 09 12:29:38.264047 2026] [:error] [pid 8604:tid 2032] [client ::1:65472] PHP Notice:  Undefined variable: page in C:\\xampp007\\htdocs\\ALDI25550036\\laporan.php on line 243, referer: http://localhost/ALDI25550036/laporan.php
[Sat May 09 12:29:38.264047 2026] [:error] [pid 8604:tid 2032] [client ::1:65472] PHP Notice:  Undefined variable: page in C:\\xampp007\\htdocs\\ALDI25550036\\laporan.php on line 251, referer: http://localhost/ALDI25550036/laporan.php
[Sat May 09 12:29:39.781047 2026] [:error] [pid 8604:tid 2032] [client ::1:65472] PHP Parse error:  syntax error, unexpected '<' in C:\\xampp007\\htdocs\\ALDI25550036\\user.php on line 2, referer: http://localhost/ALDI25550036/kategori_produk.php
[Sat May 09 12:29:56.050092 2026] [:error] [pid 8604:tid 2040] [client ::1:51713] PHP Notice:  Undefined variable: page in C:\\xampp007\\htdocs\\ALDI25550036\\laporan.php on line 219, referer: http://localhost/ALDI25550036/data_produk.php
[Sat May 09 12:29:56.050092 2026] [:error] [pid 8604:tid 2040] [client ::1:51713] PHP Notice:  Undefined variable: page in C:\\xampp007\\htdocs\\ALDI25550036\\laporan.php on line 227, referer: http://localhost/ALDI25550036/data_produk.php
[Sat May 09 12:29:56.050092 2026] [:error] [pid 8604:tid 2040] [client ::1:51713] PHP Notice:  Undefined variable: page in C:\\xampp007\\htdocs\\ALDI25550036\\laporan.php on line 235, referer: http://localhost/ALDI25550036/data_produk.php
[Sat May 09 12:29:56.050092 2026] [:error] [pid 8604:tid 2040] [client ::1:51713] PHP Notice:  Undefined variable: page in C:\\xampp007\\htdocs\\ALDI25550036\\laporan.php on line 243, referer: http://localhost/ALDI25550036/data_produk.php
[Sat May 09 12:29:56.050092 2026] [:error] [pid 8604:tid 2040] [client ::1:51713] PHP Notice:  Undefined variable: page in C:\\xampp007\\htdocs\\ALDI25550036\\laporan.php on line 251, referer: http://localhost/ALDI25550036/data_produk.php
[Sat May 09 12:30:00.339382 2026] [:error] [pid 8604:tid 2040] [client ::1:51713] PHP Notice:  Undefined variable: page in C:\\xampp007\\htdocs\\ALDI25550036\\laporan.php on line 219, referer: http://localhost/ALDI25550036/data_produk.php
[Sat May 09 12:30:00.339382 2026] [:error] [pid 8604:tid 2040] [client ::1:51713] PHP Notice:  Undefined variable: page in C:\\xampp007\\htdocs\\ALDI25550036\\laporan.php on line 227, referer: http://localhost/ALDI25550036/data_produk.php
[Sat May 09 12:30:00.339382 2026] [:error] [pid 8604:tid 2040] [client ::1:51713] PHP Notice:  Undefined variable: page in C:\\xampp007\\htdocs\\ALDI25550036\\laporan.php on line 235, referer: http://localhost/ALDI25550036/data_produk.php
[Sat May 09 12:30:00.339382 2026] [:error] [pid 8604:tid 2040] [client ::1:51713] PHP Notice:  Undefined variable: page in C:\\xampp007\\htdocs\\ALDI25550036\\laporan.php on line 243, referer: http://localhost/ALDI25550036/data_produk.php
[Sat May 09 12:30:00.339382 2026] [:error] [pid 8604:tid 2040] [client ::1:51713] PHP Notice:  Undefined variable: page in C:\\xampp007\\htdocs\\ALDI25550036\\laporan.php on line 251, referer: http://localhost/ALDI25550036/data_produk.php
[Sat May 09 12:30:01.895048 2026] [:error] [pid 8604:tid 2040] [client ::1:51713] PHP Parse error:  syntax error, unexpected '<' in C:\\xampp007\\htdocs\\ALDI25550036\\user.php on line 2, referer: http://localhost/ALDI25550036/kategori_produk.php
[Sat May 09 12:33:14.877234 2026] [:error] [pid 8604:tid 2032] [client ::1:61338] PHP Parse error:  syntax error, unexpected '<' in C:\\xampp007\\htdocs\\ALDI25550036\\user.php on line 2, referer: http://localhost/ALDI25550036/data_produk.php
[Sat May 09 12:33:17.188584 2026] [:error] [pid 8604:tid 2032] [client ::1:61338] PHP Notice:  Undefined variable: page in C:\\xampp007\\htdocs\\ALDI25550036\\laporan.php on line 219, referer: http://localhost/ALDI25550036/data_produk.php
[Sat May 09 12:33:17.188584 2026] [:error] [pid 8604:tid 2032] [client ::1:61338] PHP Notice:  Undefined variable: page in C:\\xampp007\\htdocs\\ALDI25550036\\laporan.php on line 227, referer: http://localhost/ALDI25550036/data_produk.php
[Sat May 09 12:33:17.188584 2026] [:error] [pid 8604:tid 2032] [client ::1:61338] PHP Notice:  Undefined variable: page in C:\\xampp007\\htdocs\\ALDI25550036\\laporan.php on line 235, referer: http://localhost/ALDI25550036/data_produk.php
[Sat May 09 12:33:17.188584 2026] [:error] [pid 8604:tid 2032] [client ::1:61338] PHP Notice:  Undefined variable: page in C:\\xampp007\\htdocs\\ALDI25550036\\laporan.php on line 243, referer: http://localhost/ALDI25550036/data_produk.php
[Sat May 09 12:33:17.188584 2026] [:error] [pid 8604:tid 2032] [client ::1:61338] PHP Notice:  Undefined variable: page in C:\\xampp007\\htdocs\\ALDI25550036\\laporan.php on line 251, referer: http://localhost/ALDI25550036/data_produk.php
[Sat May 09 12:33:19.339404 2026] [:error] [pid 8604:tid 2032] [client ::1:61338] PHP Notice:  Undefined variable: page in C:\\xampp007\\htdocs\\ALDI25550036\\laporan.php on line 219, referer: http://localhost/ALDI25550036/data_produk.php
[Sat May 09 12:33:19.339404 2026] [:error] [pid 8604:tid 2032] [client ::1:61338] PHP Notice:  Undefined variable: page in C:\\xampp007\\htdocs\\ALDI25550036\\laporan.php on line 227, referer: http://localhost/ALDI25550036/data_produk.php
[Sat May 09 12:33:19.339404 2026] [:error] [pid 8604:tid 2032] [client ::1:61338] PHP Notice:  Undefined variable: page in C:\\xampp007\\htdocs\\ALDI25550036\\laporan.php on line 235, referer: http://localhost/ALDI25550036/data_produk.php
[Sat May 09 12:33:19.339404 2026] [:error] [pid 8604:tid 2032] [client ::1:61338] PHP Notice:  Undefined variable: page in C:\\xampp007\\htdocs\\ALDI25550036\\laporan.php on line 243, referer: http://localhost/ALDI25550036/data_produk.php
[Sat May 09 12:33:19.339404 2026] [:error] [pid 8604:tid 2032] [client ::1:61338] PHP Notice:  Undefined variable: page in C:\\xampp007\\htdocs\\ALDI25550036\\laporan.php on line 251, referer: http://localhost/ALDI25550036/data_produk.php
[Sat May 09 12:33:20.660564 2026] [:error] [pid 8604:tid 2032] [client ::1:61338] PHP Notice:  Undefined variable: page in C:\\xampp007\\htdocs\\ALDI25550036\\laporan.php on line 219, referer: http://localhost/ALDI25550036/kategori_produk.php
[Sat May 09 12:33:20.660564 2026] [:error] [pid 8604:tid 2032] [client ::1:61338] PHP Notice:  Undefined variable: page in C:\\xampp007\\htdocs\\ALDI25550036\\laporan.php on line 227, referer: http://localhost/ALDI25550036/kategori_produk.php
[Sat May 09 12:33:20.660564 2026] [:error] [pid 8604:tid 2032] [client ::1:61338] PHP Notice:  Undefined variable: page in C:\\xampp007\\htdocs\\ALDI25550036\\laporan.php on line 235, referer: http://localhost/ALDI25550036/kategori_produk.php
[Sat May 09 12:33:20.660564 2026] [:error] [pid 8604:tid 2032] [client ::1:61338] PHP Notice:  Undefined variable: page in C:\\xampp007\\htdocs\\ALDI25550036\\laporan.php on line 243, referer: http://localhost/ALDI25550036/kategori_produk.php
[Sat May 09 12:33:20.660564 2026] [:error] [pid 8604:tid 2032] [client ::1:61338] PHP Notice:  Undefined variable: page in C:\\xampp007\\htdocs\\ALDI25550036\\laporan.php on line 251, referer: http://localhost/ALDI25550036/kategori_produk.php
[Sat May 09 12:33:21.183692 2026] [:error] [pid 8604:tid 2032] [client ::1:61338] PHP Parse error:  syntax error, unexpected '<' in C:\\xampp007\\htdocs\\ALDI25550036\\user.php on line 2, referer: http://localhost/ALDI25550036/laporan.php
[Sat May 09 12:33:24.616739 2026] [:error] [pid 8604:tid 2032] [client ::1:61338] PHP Parse error:  syntax error, unexpected '<' in C:\\xampp007\\htdocs\\ALDI25550036\\user.php on line 2, referer: http://localhost/ALDI25550036/laporan.php
[Sat May 09 12:33:27.588009 2026] [:error] [pid 8604:tid 2032] [client ::1:61338] PHP Parse error:  syntax error, unexpected '<' in C:\\xampp007\\htdocs\\ALDI25550036\\user.php on line 2, referer: http://localhost/ALDI25550036/laporan.php
[Sat May 09 12:36:28.517709 2026] [:error] [pid 8604:tid 2040] [client ::1:51048] PHP Notice:  Undefined variable: page in C:\\xampp007\\htdocs\\ALDI25550036\\laporan.php on line 219, referer: http://localhost/ALDI25550036/kategori_produk.php
[Sat May 09 12:36:28.517709 2026] [:error] [pid 8604:tid 2040] [client ::1:51048] PHP Notice:  Undefined variable: page in C:\\xampp007\\htdocs\\ALDI25550036\\laporan.php on line 227, referer: http://localhost/ALDI25550036/kategori_produk.php
[Sat May 09 12:36:28.517709 2026] [:error] [pid 8604:tid 2040] [client ::1:51048] PHP Notice:  Undefined variable: page in C:\\xampp007\\htdocs\\ALDI25550036\\laporan.php on line 235, referer: http://localhost/ALDI25550036/kategori_produk.php
[Sat May 09 12:36:28.517709 2026] [:error] [pid 8604:tid 2040] [client ::1:51048] PHP Notice:  Undefined variable: page in C:\\xampp007\\htdocs\\ALDI25550036\\laporan.php on line 243, referer: http://localhost/ALDI25550036/kategori_produk.php
[Sat May 09 12:36:28.517709 2026] [:error] [pid 8604:tid 2040] [client ::1:51048] PHP Notice:  Undefined variable: page in C:\\xampp007\\htdocs\\ALDI25550036\\laporan.php on line 251, referer: http://localhost/ALDI25550036/kategori_produk.php
[Sat May 09 12:36:30.803465 2026] [:error] [pid 8604:tid 2040] [client ::1:51048] PHP Parse error:  syntax error, unexpected '<' in C:\\xampp007\\htdocs\\ALDI25550036\\user.php on line 2, referer: http://localhost/ALDI25550036/laporan.php
[Sat May 09 12:36:36.215329 2026] [:error] [pid 8604:tid 2040] [client ::1:51048] PHP Notice:  Undefined variable: page in C:\\xampp007\\htdocs\\ALDI25550036\\laporan.php on line 219, referer: http://localhost/ALDI25550036/data_produk.php
[Sat May 09 12:36:36.215329 2026] [:error] [pid 8604:tid 2040] [client ::1:51048] PHP Notice:  Undefined variable: page in C:\\xampp007\\htdocs\\ALDI25550036\\laporan.php on line 227, referer: http://localhost/ALDI25550036/data_produk.php
[Sat May 09 12:36:36.215329 2026] [:error] [pid 8604:tid 2040] [client ::1:51048] PHP Notice:  Undefined variable: page in C:\\xampp007\\htdocs\\ALDI25550036\\laporan.php on line 235, referer: http://localhost/ALDI25550036/data_produk.php
[Sat May 09 12:36:36.215329 2026] [:error] [pid 8604:tid 2040] [client ::1:51048] PHP Notice:  Undefined variable: page in C:\\xampp007\\htdocs\\ALDI25550036\\laporan.php on line 243, referer: http://localhost/ALDI25550036/data_produk.php
[Sat May 09 12:36:36.215329 2026] [:error] [pid 8604:tid 2040] [client ::1:51048] PHP Notice:  Undefined variable: page in C:\\xampp007\\htdocs\\ALDI25550036\\laporan.php on line 251, referer: http://localhost/ALDI25550036/data_produk.php
[Sat May 09 12:36:39.329313 2026] [:error] [pid 8604:tid 2040] [client ::1:51048] PHP Notice:  Undefined variable: page in C:\\xampp007\\htdocs\\ALDI25550036\\laporan.php on line 219, referer: http://localhost/ALDI25550036/data_produk.php
[Sat May 09 12:36:39.329313 2026] [:error] [pid 8604:tid 2040] [client ::1:51048] PHP Notice:  Undefined variable: page in C:\\xampp007\\htdocs\\ALDI25550036\\laporan.php on line 227, referer: http://localhost/ALDI25550036/data_produk.php
[Sat May 09 12:36:39.329313 2026] [:error] [pid 8604:tid 2040] [client ::1:51048] PHP Notice:  Undefined variable: page in C:\\xampp007\\htdocs\\ALDI25550036\\laporan.php on line 235, referer: http://localhost/ALDI25550036/data_produk.php
[Sat May 09 12:36:39.329313 2026] [:error] [pid 8604:tid 2040] [client ::1:51048] PHP Notice:  Undefined variable: page in C:\\xampp007\\htdocs\\ALDI25550036\\laporan.php on line 243, referer: http://localhost/ALDI25550036/data_produk.php
[Sat May 09 12:36:39.329313 2026] [:error] [pid 8604:tid 2040] [client ::1:51048] PHP Notice:  Undefined variable: page in C:\\xampp007\\htdocs\\ALDI25550036\\laporan.php on line 251, referer: http://localhost/ALDI25550036/data_produk.php
[Sat May 09 12:36:40.694724 2026] [:error] [pid 8604:tid 2040] [client ::1:51048] PHP Notice:  Undefined variable: page in C:\\xampp007\\htdocs\\ALDI25550036\\laporan.php on line 219, referer: http://localhost/ALDI25550036/data_produk.php
[Sat May 09 12:36:40.694724 2026] [:error] [pid 8604:tid 2040] [client ::1:51048] PHP Notice:  Undefined variable: page in C:\\xampp007\\htdocs\\ALDI25550036\\laporan.php on line 227, referer: http://localhost/ALDI25550036/data_produk.php
[Sat May 09 12:36:40.694724 2026] [:error] [pid 8604:tid 2040] [client ::1:51048] PHP Notice:  Undefined variable: page in C:\\xampp007\\htdocs\\ALDI25550036\\laporan.php on line 235, referer: http://localhost/ALDI25550036/data_produk.php
[Sat May 09 12:36:40.694724 2026] [:error] [pid 8604:tid 2040] [client ::1:51048] PHP Notice:  Undefined variable: page in C:\\xampp007\\htdocs\\ALDI25550036\\laporan.php on line 243, referer: http://localhost/ALDI25550036/data_produk.php
[Sat May 09 12:36:40.694724 2026] [:error] [pid 8604:tid 2040] [client ::1:51048] PHP Notice:  Undefined variable: page in C:\\xampp007\\htdocs\\ALDI25550036\\laporan.php on line 251, referer: http://localhost/ALDI25550036/data_produk.php
[Sat May 09 12:36:41.263506 2026] [:error] [pid 8604:tid 2040] [client ::1:51048] PHP Parse error:  syntax error, unexpected '<' in C:\\xampp007\\htdocs\\ALDI25550036\\user.php on line 2, referer: http://localhost/ALDI25550036/laporan.php
[Sat May 09 12:36:44.571063 2026] [:error] [pid 8604:tid 2040] [client ::1:51048] PHP Parse error:  syntax error, unexpected '<' in C:\\xampp007\\htdocs\\ALDI25550036\\user.php on line 2, referer: http://localhost/ALDI25550036/data_produk.php
[Sat May 09 12:36:46.894325 2026] [:error] [pid 8604:tid 2040] [client ::1:51048] PHP Notice:  Undefined variable: page in C:\\xampp007\\htdocs\\ALDI25550036\\laporan.php on line 219, referer: http://localhost/ALDI25550036/data_produk.php
[Sat May 09 12:36:46.894325 2026] [:error] [pid 8604:tid 2040] [client ::1:51048] PHP Notice:  Undefined variable: page in C:\\xampp007\\htdocs\\ALDI25550036\\laporan.php on line 227, referer: http://localhost/ALDI25550036/data_produk.php
[Sat May 09 12:36:46.894325 2026] [:error] [pid 8604:tid 2040] [client ::1:51048] PHP Notice:  Undefined variable: page in C:\\xampp007\\htdocs\\ALDI25550036\\laporan.php on line 235, referer: http://localhost/ALDI25550036/data_produk.php
[Sat May 09 12:36:46.894325 2026] [:error] [pid 8604:tid 2040] [client ::1:51048] PHP Notice:  Undefined variable: page in C:\\xampp007\\htdocs\\ALDI25550036\\laporan.php on line 243, referer: http://localhost/ALDI25550036/data_produk.php
[Sat May 09 12:36:46.894325 2026] [:error] [pid 8604:tid 2040] [client ::1:51048] PHP Notice:  Undefined variable: page in C:\\xampp007\\htdocs\\ALDI25550036\\laporan.php on line 251, referer: http://localhost/ALDI25550036/data_produk.php
[Sat May 09 12:36:47.455322 2026] [:error] [pid 8604:tid 2040] [client ::1:51048] PHP Parse error:  syntax error, unexpected '<' in C:\\xampp007\\htdocs\\ALDI25550036\\user.php on line 2, referer: http://localhost/ALDI25550036/laporan.php
[Sat May 09 12:38:25.189307 2026] [:error] [pid 8604:tid 2032] [client ::1:57409] PHP Notice:  Undefined variable: page in C:\\xampp007\\htdocs\\ALDI25550036\\laporan.php on line 219, referer: http://localhost/ALDI25550036/data_produk.php
[Sat May 09 12:38:25.189307 2026] [:error] [pid 8604:tid 2032] [client ::1:57409] PHP Notice:  Undefined variable: page in C:\\xampp007\\htdocs\\ALDI25550036\\laporan.php on line 227, referer: http://localhost/ALDI25550036/data_produk.php
[Sat May 09 12:38:25.189307 2026] [:error] [pid 8604:tid 2032] [client ::1:57409] PHP Notice:  Undefined variable: page in C:\\xampp007\\htdocs\\ALDI25550036\\laporan.php on line 235, referer: http://localhost/ALDI25550036/data_produk.php
[Sat May 09 12:38:25.189307 2026] [:error] [pid 8604:tid 2032] [client ::1:57409] PHP Notice:  Undefined variable: page in C:\\xampp007\\htdocs\\ALDI25550036\\laporan.php on line 243, referer: http://localhost/ALDI25550036/data_produk.php
[Sat May 09 12:38:25.189307 2026] [:error] [pid 8604:tid 2032] [client ::1:57409] PHP Notice:  Undefined variable: page in C:\\xampp007\\htdocs\\ALDI25550036\\laporan.php on line 251, referer: http://localhost/ALDI25550036/data_produk.php
[Sat May 09 12:38:27.578094 2026] [:error] [pid 8604:tid 2032] [client ::1:57409] PHP Parse error:  syntax error, unexpected '<' in C:\\xampp007\\htdocs\\ALDI25550036\\user.php on line 2, referer: http://localhost/ALDI25550036/data_produk.php
[Sat May 09 12:38:31.848843 2026] [:error] [pid 8604:tid 2032] [client ::1:57409] PHP Notice:  Undefined variable: page in C:\\xampp007\\htdocs\\ALDI25550036\\laporan.php on line 219, referer: http://localhost/ALDI25550036/data_produk.php
[Sat May 09 12:38:31.848843 2026] [:error] [pid 8604:tid 2032] [client ::1:57409] PHP Notice:  Undefined variable: page in C:\\xampp007\\htdocs\\ALDI25550036\\laporan.php on line 227, referer: http://localhost/ALDI25550036/data_produk.php
[Sat May 09 12:38:31.848843 2026] [:error] [pid 8604:tid 2032] [client ::1:57409] PHP Notice:  Undefined variable: page in C:\\xampp007\\htdocs\\ALDI25550036\\laporan.php on line 235, referer: http://localhost/ALDI25550036/data_produk.php
[Sat May 09 12:38:31.848843 2026] [:error] [pid 8604:tid 2032] [client ::1:57409] PHP Notice:  Undefined variable: page in C:\\xampp007\\htdocs\\ALDI25550036\\laporan.php on line 243, referer: http://localhost/ALDI25550036/data_produk.php
[Sat May 09 12:38:31.848843 2026] [:error] [pid 8604:tid 2032] [client ::1:57409] PHP Notice:  Undefined variable: page in C:\\xampp007\\htdocs\\ALDI25550036\\laporan.php on line 251, referer: http://localhost/ALDI25550036/data_produk.php
[Sat May 09 12:38:32.474923 2026] [:error] [pid 8604:tid 2032] [client ::1:57409] PHP Parse error:  syntax error, unexpected '<' in C:\\xampp007\\htdocs\\ALDI25550036\\user.php on line 2, referer: http://localhost/ALDI25550036/laporan.php
[Sat May 09 12:39:45.880907 2026] [:error] [pid 8604:tid 2040] [client ::1:50251] PHP Notice:  Undefined variable: page in C:\\xampp007\\htdocs\\ALDI25550036\\laporan.php on line 219, referer: http://localhost/ALDI25550036/laporan.php
[Sat May 09 12:39:45.880907 2026] [:error] [pid 8604:tid 2040] [client ::1:50251] PHP Notice:  Undefined variable: page in C:\\xampp007\\htdocs\\ALDI25550036\\laporan.php on line 227, referer: http://localhost/ALDI25550036/laporan.php
[Sat May 09 12:39:45.880907 2026] [:error] [pid 8604:tid 2040] [client ::1:50251] PHP Notice:  Undefined variable: page in C:\\xampp007\\htdocs\\ALDI25550036\\laporan.php on line 235, referer: http://localhost/ALDI25550036/laporan.php
[Sat May 09 12:39:45.880907 2026] [:error] [pid 8604:tid 2040] [client ::1:50251] PHP Notice:  Undefined variable: page in C:\\xampp007\\htdocs\\ALDI25550036\\laporan.php on line 243, referer: http://localhost/ALDI25550036/laporan.php
[Sat May 09 12:39:45.880907 2026] [:error] [pid 8604:tid 2040] [client ::1:50251] PHP Notice:  Undefined variable: page in C:\\xampp007\\htdocs\\ALDI25550036\\laporan.php on line 251, referer: http://localhost/ALDI25550036/laporan.php
[Sat May 09 12:39:48.953192 2026] [:error] [pid 8604:tid 2040] [client ::1:50251] PHP Notice:  Undefined variable: page in C:\\xampp007\\htdocs\\ALDI25550036\\laporan.php on line 219, referer: http://localhost/ALDI25550036/index.php
[Sat May 09 12:39:48.953192 2026] [:error] [pid 8604:tid 2040] [client ::1:50251] PHP Notice:  Undefined variable: page in C:\\xampp007\\htdocs\\ALDI25550036\\laporan.php on line 227, referer: http://localhost/ALDI25550036/index.php
[Sat May 09 12:39:48.953192 2026] [:error] [pid 8604:tid 2040] [client ::1:50251] PHP Notice:  Undefined variable: page in C:\\xampp007\\htdocs\\ALDI25550036\\laporan.php on line 235, referer: http://localhost/ALDI25550036/index.php
[Sat May 09 12:39:48.953192 2026] [:error] [pid 8604:tid 2040] [client ::1:50251] PHP Notice:  Undefined variable: page in C:\\xampp007\\htdocs\\ALDI25550036\\laporan.php on line 243, referer: http://localhost/ALDI25550036/index.php
[Sat May 09 12:39:48.953192 2026] [:error] [pid 8604:tid 2040] [client ::1:50251] PHP Notice:  Undefined variable: page in C:\\xampp007\\htdocs\\ALDI25550036\\laporan.php on line 251, referer: http://localhost/ALDI25550036/index.php
[Sat May 09 12:39:51.291049 2026] [:error] [pid 8604:tid 2040] [client ::1:50251] PHP Notice:  Undefined variable: page in C:\\xampp007\\htdocs\\ALDI25550036\\laporan.php on line 219, referer: http://localhost/ALDI25550036/data_produk.php
[Sat May 09 12:39:51.291049 2026] [:error] [pid 8604:tid 2040] [client ::1:50251] PHP Notice:  Undefined variable: page in C:\\xampp007\\htdocs\\ALDI25550036\\laporan.php on line 227, referer: http://localhost/ALDI25550036/data_produk.php
[Sat May 09 12:39:51.291049 2026] [:error] [pid 8604:tid 2040] [client ::1:50251] PHP Notice:  Undefined variable: page in C:\\xampp007\\htdocs\\ALDI25550036\\laporan.php on line 235, referer: http://localhost/ALDI25550036/data_produk.php
[Sat May 09 12:39:51.291049 2026] [:error] [pid 8604:tid 2040] [client ::1:50251] PHP Notice:  Undefined variable: page in C:\\xampp007\\htdocs\\ALDI25550036\\laporan.php on line 243, referer: http://localhost/ALDI25550036/data_produk.php
[Sat May 09 12:39:51.291049 2026] [:error] [pid 8604:tid 2040] [client ::1:50251] PHP Notice:  Undefined variable: page in C:\\xampp007\\htdocs\\ALDI25550036\\laporan.php on line 251, referer: http://localhost/ALDI25550036/data_produk.php
[Sat May 09 12:39:51.893789 2026] [:error] [pid 8604:tid 2040] [client ::1:50251] PHP Parse error:  syntax error, unexpected '<' in C:\\xampp007\\htdocs\\ALDI25550036\\user.php on line 2, referer: http://localhost/ALDI25550036/laporan.php
[Sat May 09 12:41:35.851823 2026] [:error] [pid 8604:tid 2040] [client ::1:53926] PHP Notice:  Undefined variable: page in C:\\xampp007\\htdocs\\ALDI25550036\\laporan.php on line 219, referer: http://localhost/ALDI25550036/data_produk.php
[Sat May 09 12:41:35.851823 2026] [:error] [pid 8604:tid 2040] [client ::1:53926] PHP Notice:  Undefined variable: page in C:\\xampp007\\htdocs\\ALDI25550036\\laporan.php on line 227, referer: http://localhost/ALDI25550036/data_produk.php
[Sat May 09 12:41:35.851823 2026] [:error] [pid 8604:tid 2040] [client ::1:53926] PHP Notice:  Undefined variable: page in C:\\xampp007\\htdocs\\ALDI25550036\\laporan.php on line 235, referer: http://localhost/ALDI25550036/data_produk.php
[Sat May 09 12:41:35.851823 2026] [:error] [pid 8604:tid 2040] [client ::1:53926] PHP Notice:  Undefined variable: page in C:\\xampp007\\htdocs\\ALDI25550036\\laporan.php on line 243, referer: http://localhost/ALDI25550036/data_produk.php
[Sat May 09 12:41:35.851823 2026] [:error] [pid 8604:tid 2040] [client ::1:53926] PHP Notice:  Undefined variable: page in C:\\xampp007\\htdocs\\ALDI25550036\\laporan.php on line 251, referer: http://localhost/ALDI25550036/data_produk.php
[Sat May 09 12:41:38.689799 2026] [:error] [pid 8604:tid 2040] [client ::1:53926] PHP Notice:  Undefined variable: page in C:\\xampp007\\htdocs\\ALDI25550036\\laporan.php on line 219, referer: http://localhost/ALDI25550036/data_produk.php
[Sat May 09 12:41:38.689799 2026] [:error] [pid 8604:tid 2040] [client ::1:53926] PHP Notice:  Undefined variable: page in C:\\xampp007\\htdocs\\ALDI25550036\\laporan.php on line 227, referer: http://localhost/ALDI25550036/data_produk.php
[Sat May 09 12:41:38.689799 2026] [:error] [pid 8604:tid 2040] [client ::1:53926] PHP Notice:  Undefined variable: page in C:\\xampp007\\htdocs\\ALDI25550036\\laporan.php on line 235, referer: http://localhost/ALDI25550036/data_produk.php
[Sat May 09 12:41:38.689799 2026] [:error] [pid 8604:tid 2040] [client ::1:53926] PHP Notice:  Undefined variable: page in C:\\xampp007\\htdocs\\ALDI25550036\\laporan.php on line 243, referer: http://localhost/ALDI25550036/data_produk.php
[Sat May 09 12:41:38.689799 2026] [:error] [pid 8604:tid 2040] [client ::1:53926] PHP Notice:  Undefined variable: page in C:\\xampp007\\htdocs\\ALDI25550036\\laporan.php on line 251, referer: http://localhost/ALDI25550036/data_produk.php
[Sat May 09 12:41:40.779419 2026] [:error] [pid 8604:tid 2040] [client ::1:53926] PHP Parse error:  syntax error, unexpected '<' in C:\\xampp007\\htdocs\\ALDI25550036\\user.php on line 2, referer: http://localhost/ALDI25550036/data_produk.php
[Sat May 09 12:42:17.236134 2026] [:error] [pid 8604:tid 2032] [client ::1:51648] PHP Notice:  Undefined variable: page in C:\\xampp007\\htdocs\\ALDI25550036\\laporan.php on line 219, referer: http://localhost/ALDI25550036/data_produk.php
[Sat May 09 12:42:17.236134 2026] [:error] [pid 8604:tid 2032] [client ::1:51648] PHP Notice:  Undefined variable: page in C:\\xampp007\\htdocs\\ALDI25550036\\laporan.php on line 227, referer: http://localhost/ALDI25550036/data_produk.php
[Sat May 09 12:42:17.236134 2026] [:error] [pid 8604:tid 2032] [client ::1:51648] PHP Notice:  Undefined variable: page in C:\\xampp007\\htdocs\\ALDI25550036\\laporan.php on line 235, referer: http://localhost/ALDI25550036/data_produk.php
[Sat May 09 12:42:17.236134 2026] [:error] [pid 8604:tid 2032] [client ::1:51648] PHP Notice:  Undefined variable: page in C:\\xampp007\\htdocs\\ALDI25550036\\laporan.php on line 243, referer: http://localhost/ALDI25550036/data_produk.php
[Sat May 09 12:42:17.236134 2026] [:error] [pid 8604:tid 2032] [client ::1:51648] PHP Notice:  Undefined variable: page in C:\\xampp007\\htdocs\\ALDI25550036\\laporan.php on line 251, referer: http://localhost/ALDI25550036/data_produk.php
[Sat May 09 12:42:19.349469 2026] [:error] [pid 8604:tid 2032] [client ::1:51648] PHP Parse error:  syntax error, unexpected '<' in C:\\xampp007\\htdocs\\ALDI25550036\\user.php on line 2, referer: http://localhost/ALDI25550036/data_produk.php
[Sat May 09 12:44:32.312203 2026] [:error] [pid 8604:tid 2040] [client ::1:51330] PHP Parse error:  syntax error, unexpected '<' in C:\\xampp007\\htdocs\\ALDI25550036\\user.php on line 2, referer: http://localhost/ALDI25550036/data_produk.php
[Sat May 09 12:44:34.651122 2026] [:error] [pid 8604:tid 2040] [client ::1:51330] PHP Notice:  Undefined variable: page in C:\\xampp007\\htdocs\\ALDI25550036\\laporan.php on line 219, referer: http://localhost/ALDI25550036/data_produk.php
[Sat May 09 12:44:34.651122 2026] [:error] [pid 8604:tid 2040] [client ::1:51330] PHP Notice:  Undefined variable: page in C:\\xampp007\\htdocs\\ALDI25550036\\laporan.php on line 227, referer: http://localhost/ALDI25550036/data_produk.php
[Sat May 09 12:44:34.651122 2026] [:error] [pid 8604:tid 2040] [client ::1:51330] PHP Notice:  Undefined variable: page in C:\\xampp007\\htdocs\\ALDI25550036\\laporan.php on line 235, referer: http://localhost/ALDI25550036/data_produk.php
[Sat May 09 12:44:34.651122 2026] [:error] [pid 8604:tid 2040] [client ::1:51330] PHP Notice:  Undefined variable: page in C:\\xampp007\\htdocs\\ALDI25550036\\laporan.php on line 243, referer: http://localhost/ALDI25550036/data_produk.php
[Sat May 09 12:44:34.651122 2026] [:error] [pid 8604:tid 2040] [client ::1:51330] PHP Notice:  Undefined variable: page in C:\\xampp007\\htdocs\\ALDI25550036\\laporan.php on line 251, referer: http://localhost/ALDI25550036/data_produk.php
[Sat May 09 12:44:36.789811 2026] [:error] [pid 8604:tid 2040] [client ::1:51330] PHP Notice:  Undefined variable: page in C:\\xampp007\\htdocs\\ALDI25550036\\laporan.php on line 219, referer: http://localhost/ALDI25550036/data_produk.php
[Sat May 09 12:44:36.789811 2026] [:error] [pid 8604:tid 2040] [client ::1:51330] PHP Notice:  Undefined variable: page in C:\\xampp007\\htdocs\\ALDI25550036\\laporan.php on line 227, referer: http://localhost/ALDI25550036/data_produk.php
[Sat May 09 12:44:36.789811 2026] [:error] [pid 8604:tid 2040] [client ::1:51330] PHP Notice:  Undefined variable: page in C:\\xampp007\\htdocs\\ALDI25550036\\laporan.php on line 235, referer: http://localhost/ALDI25550036/data_produk.php
[Sat May 09 12:44:36.789811 2026] [:error] [pid 8604:tid 2040] [client ::1:51330] PHP Notice:  Undefined variable: page in C:\\xampp007\\htdocs\\ALDI25550036\\laporan.php on line 243, referer: http://localhost/ALDI25550036/data_produk.php
[Sat May 09 12:44:36.789811 2026] [:error] [pid 8604:tid 2040] [client ::1:51330] PHP Notice:  Undefined variable: page in C:\\xampp007\\htdocs\\ALDI25550036\\laporan.php on line 251, referer: http://localhost/ALDI25550036/data_produk.php
[Sat May 09 12:44:37.243876 2026] [:error] [pid 8604:tid 2040] [client ::1:51330] PHP Parse error:  syntax error, unexpected '<' in C:\\xampp007\\htdocs\\ALDI25550036\\user.php on line 2, referer: http://localhost/ALDI25550036/laporan.php
[Sat May 09 12:51:06.847386 2026] [:error] [pid 8604:tid 2032] [client ::1:51633] PHP Notice:  Undefined variable: page in C:\\xampp007\\htdocs\\ALDI25550036\\laporan.php on line 219, referer: http://localhost/ALDI25550036/laporan.php
[Sat May 09 12:51:06.847386 2026] [:error] [pid 8604:tid 2032] [client ::1:51633] PHP Notice:  Undefined variable: page in C:\\xampp007\\htdocs\\ALDI25550036\\laporan.php on line 227, referer: http://localhost/ALDI25550036/laporan.php
[Sat May 09 12:51:06.847386 2026] [:error] [pid 8604:tid 2032] [client ::1:51633] PHP Notice:  Undefined variable: page in C:\\xampp007\\htdocs\\ALDI25550036\\laporan.php on line 235, referer: http://localhost/ALDI25550036/laporan.php
[Sat May 09 12:51:06.847386 2026] [:error] [pid 8604:tid 2032] [client ::1:51633] PHP Notice:  Undefined variable: page in C:\\xampp007\\htdocs\\ALDI25550036\\laporan.php on line 243, referer: http://localhost/ALDI25550036/laporan.php
[Sat May 09 12:51:06.855472 2026] [:error] [pid 8604:tid 2032] [client ::1:51633] PHP Notice:  Undefined variable: page in C:\\xampp007\\htdocs\\ALDI25550036\\laporan.php on line 251, referer: http://localhost/ALDI25550036/laporan.php
[Sat May 09 12:51:10.796353 2026] [:error] [pid 8604:tid 2032] [client ::1:51633] PHP Notice:  Undefined variable: page in C:\\xampp007\\htdocs\\ALDI25550036\\laporan.php on line 219, referer: http://localhost/ALDI25550036/produk.php
[Sat May 09 12:51:10.796353 2026] [:error] [pid 8604:tid 2032] [client ::1:51633] PHP Notice:  Undefined variable: page in C:\\xampp007\\htdocs\\ALDI25550036\\laporan.php on line 227, referer: http://localhost/ALDI25550036/produk.php
[Sat May 09 12:51:10.796353 2026] [:error] [pid 8604:tid 2032] [client ::1:51633] PHP Notice:  Undefined variable: page in C:\\xampp007\\htdocs\\ALDI25550036\\laporan.php on line 235, referer: http://localhost/ALDI25550036/produk.php
[Sat May 09 12:51:10.796353 2026] [:error] [pid 8604:tid 2032] [client ::1:51633] PHP Notice:  Undefined variable: page in C:\\xampp007\\htdocs\\ALDI25550036\\laporan.php on line 243, referer: http://localhost/ALDI25550036/produk.php
[Sat May 09 12:51:10.796353 2026] [:error] [pid 8604:tid 2032] [client ::1:51633] PHP Notice:  Undefined variable: page in C:\\xampp007\\htdocs\\ALDI25550036\\laporan.php on line 251, referer: http://localhost/ALDI25550036/produk.php
[Sat May 09 12:51:13.534937 2026] [:error] [pid 8604:tid 2032] [client ::1:51633] PHP Notice:  Undefined variable: page in C:\\xampp007\\htdocs\\ALDI25550036\\laporan.php on line 219, referer: http://localhost/ALDI25550036/index.php
[Sat May 09 12:51:13.534937 2026] [:error] [pid 8604:tid 2032] [client ::1:51633] PHP Notice:  Undefined variable: page in C:\\xampp007\\htdocs\\ALDI25550036\\laporan.php on line 227, referer: http://localhost/ALDI25550036/index.php
[Sat May 09 12:51:13.534937 2026] [:error] [pid 8604:tid 2032] [client ::1:51633] PHP Notice:  Undefined variable: page in C:\\xampp007\\htdocs\\ALDI25550036\\laporan.php on line 235, referer: http://localhost/ALDI25550036/index.php
[Sat May 09 12:51:13.534937 2026] [:error] [pid 8604:tid 2032] [client ::1:51633] PHP Notice:  Undefined variable: page in C:\\xampp007\\htdocs\\ALDI25550036\\laporan.php on line 243, referer: http://localhost/ALDI25550036/index.php
[Sat May 09 12:51:13.534937 2026] [:error] [pid 8604:tid 2032] [client ::1:51633] PHP Notice:  Undefined variable: page in C:\\xampp007\\htdocs\\ALDI25550036\\laporan.php on line 251, referer: http://localhost/ALDI25550036/index.php
[Sat May 09 12:51:14.155558 2026] [:error] [pid 8604:tid 2032] [client ::1:51633] PHP Parse error:  syntax error, unexpected '<' in C:\\xampp007\\htdocs\\ALDI25550036\\user.php on line 2, referer: http://localhost/ALDI25550036/laporan.php
[Sat May 09 12:51:17.474594 2026] [:error] [pid 8604:tid 2032] [client ::1:51633] PHP Parse error:  syntax error, unexpected '<' in C:\\xampp007\\htdocs\\ALDI25550036\\user.php on line 2, referer: http://localhost/ALDI25550036/data_produk.php
[Sat May 09 12:51:20.679482 2026] [:error] [pid 8604:tid 2032] [client ::1:51633] PHP Parse error:  syntax error, unexpected '<' in C:\\xampp007\\htdocs\\ALDI25550036\\user.php on line 2, referer: http://localhost/ALDI25550036/kategori_produk.php
[Sat May 09 12:51:30.377155 2026] [:error] [pid 8604:tid 2032] [client ::1:51633] PHP Notice:  Undefined variable: page in C:\\xampp007\\htdocs\\ALDI25550036\\laporan.php on line 219, referer: http://localhost/ALDI25550036/data_produk.php
[Sat May 09 12:51:30.377155 2026] [:error] [pid 8604:tid 2032] [client ::1:51633] PHP Notice:  Undefined variable: page in C:\\xampp007\\htdocs\\ALDI25550036\\laporan.php on line 227, referer: http://localhost/ALDI25550036/data_produk.php
[Sat May 09 12:51:30.377155 2026] [:error] [pid 8604:tid 2032] [client ::1:51633] PHP Notice:  Undefined variable: page in C:\\xampp007\\htdocs\\ALDI25550036\\laporan.php on line 235, referer: http://localhost/ALDI25550036/data_produk.php
[Sat May 09 12:51:30.377155 2026] [:error] [pid 8604:tid 2032] [client ::1:51633] PHP Notice:  Undefined variable: page in C:\\xampp007\\htdocs\\ALDI25550036\\laporan.php on line 243, referer: http://localhost/ALDI25550036/data_produk.php
[Sat May 09 12:51:30.377155 2026] [:error] [pid 8604:tid 2032] [client ::1:51633] PHP Notice:  Undefined variable: page in C:\\xampp007\\htdocs\\ALDI25550036\\laporan.php on line 251, referer: http://localhost/ALDI25550036/data_produk.php
[Sat May 09 12:51:38.941911 2026] [:error] [pid 8604:tid 2040] [client ::1:62292] PHP Notice:  Undefined variable: page in C:\\xampp007\\htdocs\\ALDI25550036\\laporan.php on line 219, referer: http://localhost/ALDI25550036/kategori_produk.php
[Sat May 09 12:51:38.950141 2026] [:error] [pid 8604:tid 2040] [client ::1:62292] PHP Notice:  Undefined variable: page in C:\\xampp007\\htdocs\\ALDI25550036\\laporan.php on line 227, referer: http://localhost/ALDI25550036/kategori_produk.php
[Sat May 09 12:51:38.950141 2026] [:error] [pid 8604:tid 2040] [client ::1:62292] PHP Notice:  Undefined variable: page in C:\\xampp007\\htdocs\\ALDI25550036\\laporan.php on line 235, referer: http://localhost/ALDI25550036/kategori_produk.php
[Sat May 09 12:51:38.950141 2026] [:error] [pid 8604:tid 2040] [client ::1:62292] PHP Notice:  Undefined variable: page in C:\\xampp007\\htdocs\\ALDI25550036\\laporan.php on line 243, referer: http://localhost/ALDI25550036/kategori_produk.php
[Sat May 09 12:51:38.950141 2026] [:error] [pid 8604:tid 2040] [client ::1:62292] PHP Notice:  Undefined variable: page in C:\\xampp007\\htdocs\\ALDI25550036\\laporan.php on line 251, referer: http://localhost/ALDI25550036/kategori_produk.php
[Sat May 09 12:51:41.760149 2026] [:error] [pid 8604:tid 2040] [client ::1:62292] PHP Notice:  Undefined variable: page in C:\\xampp007\\htdocs\\ALDI25550036\\laporan.php on line 219, referer: http://localhost/ALDI25550036/data_produk.php
[Sat May 09 12:51:41.760149 2026] [:error] [pid 8604:tid 2040] [client ::1:62292] PHP Notice:  Undefined variable: page in C:\\xampp007\\htdocs\\ALDI25550036\\laporan.php on line 227, referer: http://localhost/ALDI25550036/data_produk.php
[Sat May 09 12:51:41.760149 2026] [:error] [pid 8604:tid 2040] [client ::1:62292] PHP Notice:  Undefined variable: page in C:\\xampp007\\htdocs\\ALDI25550036\\laporan.php on line 235, referer: http://localhost/ALDI25550036/data_produk.php
[Sat May 09 12:51:41.760149 2026] [:error] [pid 8604:tid 2040] [client ::1:62292] PHP Notice:  Undefined variable: page in C:\\xampp007\\htdocs\\ALDI25550036\\laporan.php on line 243, referer: http://localhost/ALDI25550036/data_produk.php
[Sat May 09 12:51:41.760149 2026] [:error] [pid 8604:tid 2040] [client ::1:62292] PHP Notice:  Undefined variable: page in C:\\xampp007\\htdocs\\ALDI25550036\\laporan.php on line 251, referer: http://localhost/ALDI25550036/data_produk.php
[Sat May 09 12:53:17.907176 2026] [:error] [pid 8604:tid 2032] [client ::1:54519] PHP Parse error:  syntax error, unexpected '<' in C:\\xampp007\\htdocs\\ALDI25550036\\user.php on line 2, referer: http://localhost/ALDI25550036/kategori_produk.php
[Sat May 09 12:54:32.996070 2026] [:error] [pid 8604:tid 2040] [client ::1:62691] PHP Notice:  Undefined variable: page in C:\\xampp007\\htdocs\\ALDI25550036\\laporan.php on line 219, referer: http://localhost/ALDI25550036/kategori_produk.php
[Sat May 09 12:54:32.996070 2026] [:error] [pid 8604:tid 2040] [client ::1:62691] PHP Notice:  Undefined variable: page in C:\\xampp007\\htdocs\\ALDI25550036\\laporan.php on line 227, referer: http://localhost/ALDI25550036/kategori_produk.php
[Sat May 09 12:54:33.004367 2026] [:error] [pid 8604:tid 2040] [client ::1:62691] PHP Notice:  Undefined variable: page in C:\\xampp007\\htdocs\\ALDI25550036\\laporan.php on line 235, referer: http://localhost/ALDI25550036/kategori_produk.php
[Sat May 09 12:54:33.004367 2026] [:error] [pid 8604:tid 2040] [client ::1:62691] PHP Notice:  Undefined variable: page in C:\\xampp007\\htdocs\\ALDI25550036\\laporan.php on line 243, referer: http://localhost/ALDI25550036/kategori_produk.php
[Sat May 09 12:54:33.004367 2026] [:error] [pid 8604:tid 2040] [client ::1:62691] PHP Notice:  Undefined variable: page in C:\\xampp007\\htdocs\\ALDI25550036\\laporan.php on line 251, referer: http://localhost/ALDI25550036/kategori_produk.php
[Sat May 09 12:54:33.709934 2026] [:error] [pid 8604:tid 2040] [client ::1:62691] PHP Parse error:  syntax error, unexpected '<' in C:\\xampp007\\htdocs\\ALDI25550036\\user.php on line 2, referer: http://localhost/ALDI25550036/laporan.php
[Sat May 09 12:54:37.650243 2026] [:error] [pid 8604:tid 2040] [client ::1:62691] PHP Notice:  Undefined variable: page in C:\\xampp007\\htdocs\\ALDI25550036\\laporan.php on line 219, referer: http://localhost/ALDI25550036/laporan.php
[Sat May 09 12:54:37.658520 2026] [:error] [pid 8604:tid 2040] [client ::1:62691] PHP Notice:  Undefined variable: page in C:\\xampp007\\htdocs\\ALDI25550036\\laporan.php on line 227, referer: http://localhost/ALDI25550036/laporan.php
[Sat May 09 12:54:37.658520 2026] [:error] [pid 8604:tid 2040] [client ::1:62691] PHP Notice:  Undefined variable: page in C:\\xampp007\\htdocs\\ALDI25550036\\laporan.php on line 235, referer: http://localhost/ALDI25550036/laporan.php
[Sat May 09 12:54:37.658520 2026] [:error] [pid 8604:tid 2040] [client ::1:62691] PHP Notice:  Undefined variable: page in C:\\xampp007\\htdocs\\ALDI25550036\\laporan.php on line 243, referer: http://localhost/ALDI25550036/laporan.php
[Sat May 09 12:54:37.658520 2026] [:error] [pid 8604:tid 2040] [client ::1:62691] PHP Notice:  Undefined variable: page in C:\\xampp007\\htdocs\\ALDI25550036\\laporan.php on line 251, referer: http://localhost/ALDI25550036/laporan.php
[Sat May 09 12:54:40.126076 2026] [:error] [pid 8604:tid 2040] [client ::1:62691] PHP Notice:  Undefined variable: page in C:\\xampp007\\htdocs\\ALDI25550036\\laporan.php on line 219, referer: http://localhost/ALDI25550036/data_produk.php
[Sat May 09 12:54:40.126076 2026] [:error] [pid 8604:tid 2040] [client ::1:62691] PHP Notice:  Undefined variable: page in C:\\xampp007\\htdocs\\ALDI25550036\\laporan.php on line 227, referer: http://localhost/ALDI25550036/data_produk.php
[Sat May 09 12:54:40.134589 2026] [:error] [pid 8604:tid 2040] [client ::1:62691] PHP Notice:  Undefined variable: page in C:\\xampp007\\htdocs\\ALDI25550036\\laporan.php on line 235, referer: http://localhost/ALDI25550036/data_produk.php
[Sat May 09 12:54:40.134589 2026] [:error] [pid 8604:tid 2040] [client ::1:62691] PHP Notice:  Undefined variable: page in C:\\xampp007\\htdocs\\ALDI25550036\\laporan.php on line 243, referer: http://localhost/ALDI25550036/data_produk.php
[Sat May 09 12:54:40.134589 2026] [:error] [pid 8604:tid 2040] [client ::1:62691] PHP Notice:  Undefined variable: page in C:\\xampp007\\htdocs\\ALDI25550036\\laporan.php on line 251, referer: http://localhost/ALDI25550036/data_produk.php
[Sat May 09 12:54:41.819510 2026] [:error] [pid 8604:tid 2040] [client ::1:62691] PHP Parse error:  syntax error, unexpected '<' in C:\\xampp007\\htdocs\\ALDI25550036\\user.php on line 2, referer: http://localhost/ALDI25550036/laporan.php
[Sat May 09 12:55:42.508315 2026] [:error] [pid 8604:tid 2032] [client ::1:58577] PHP Notice:  Undefined variable: page in C:\\xampp007\\htdocs\\ALDI25550036\\laporan.php on line 219, referer: http://localhost/ALDI25550036/data_produk.php
[Sat May 09 12:55:42.508315 2026] [:error] [pid 8604:tid 2032] [client ::1:58577] PHP Notice:  Undefined variable: page in C:\\xampp007\\htdocs\\ALDI25550036\\laporan.php on line 227, referer: http://localhost/ALDI25550036/data_produk.php
[Sat May 09 12:55:42.508315 2026] [:error] [pid 8604:tid 2032] [client ::1:58577] PHP Notice:  Undefined variable: page in C:\\xampp007\\htdocs\\ALDI25550036\\laporan.php on line 235, referer: http://localhost/ALDI25550036/data_produk.php
[Sat May 09 12:55:42.516144 2026] [:error] [pid 8604:tid 2032] [client ::1:58577] PHP Notice:  Undefined variable: page in C:\\xampp007\\htdocs\\ALDI25550036\\laporan.php on line 243, referer: http://localhost/ALDI25550036/data_produk.php
[Sat May 09 12:55:42.516144 2026] [:error] [pid 8604:tid 2032] [client ::1:58577] PHP Notice:  Undefined variable: page in C:\\xampp007\\htdocs\\ALDI25550036\\laporan.php on line 251, referer: http://localhost/ALDI25550036/data_produk.php
[Sat May 09 12:55:42.998719 2026] [:error] [pid 8604:tid 2032] [client ::1:58577] PHP Notice:  Undefined variable: page in C:\\xampp007\\htdocs\\ALDI25550036\\laporan.php on line 219, referer: http://localhost/ALDI25550036/data_produk.php
[Sat May 09 12:55:42.998719 2026] [:error] [pid 8604:tid 2032] [client ::1:58577] PHP Notice:  Undefined variable: page in C:\\xampp007\\htdocs\\ALDI25550036\\laporan.php on line 227, referer: http://localhost/ALDI25550036/data_produk.php
[Sat May 09 12:55:42.998719 2026] [:error] [pid 8604:tid 2032] [client ::1:58577] PHP Notice:  Undefined variable: page in C:\\xampp007\\htdocs\\ALDI25550036\\laporan.php on line 235, referer: http://localhost/ALDI25550036/data_produk.php
[Sat May 09 12:55:42.998719 2026] [:error] [pid 8604:tid 2032] [client ::1:58577] PHP Notice:  Undefined variable: page in C:\\xampp007\\htdocs\\ALDI25550036\\laporan.php on line 243, referer: http://localhost/ALDI25550036/data_produk.php
[Sat May 09 12:55:42.998719 2026] [:error] [pid 8604:tid 2032] [client ::1:58577] PHP Notice:  Undefined variable: page in C:\\xampp007\\htdocs\\ALDI25550036\\laporan.php on line 251, referer: http://localhost/ALDI25550036/data_produk.php
[Sat May 09 12:55:46.144941 2026] [:error] [pid 8604:tid 2032] [client ::1:58577] PHP Notice:  Undefined variable: page in C:\\xampp007\\htdocs\\ALDI25550036\\laporan.php on line 219, referer: http://localhost/ALDI25550036/data_produk.php
[Sat May 09 12:55:46.151140 2026] [:error] [pid 8604:tid 2032] [client ::1:58577] PHP Notice:  Undefined variable: page in C:\\xampp007\\htdocs\\ALDI25550036\\laporan.php on line 227, referer: http://localhost/ALDI25550036/data_produk.php
[Sat May 09 12:55:46.151140 2026] [:error] [pid 8604:tid 2032] [client ::1:58577] PHP Notice:  Undefined variable: page in C:\\xampp007\\htdocs\\ALDI25550036\\laporan.php on line 235, referer: http://localhost/ALDI25550036/data_produk.php
[Sat May 09 12:55:46.151140 2026] [:error] [pid 8604:tid 2032] [client ::1:58577] PHP Notice:  Undefined variable: page in C:\\xampp007\\htdocs\\ALDI25550036\\laporan.php on line 243, referer: http://localhost/ALDI25550036/data_produk.php
[Sat May 09 12:55:46.151140 2026] [:error] [pid 8604:tid 2032] [client ::1:58577] PHP Notice:  Undefined variable: page in C:\\xampp007\\htdocs\\ALDI25550036\\laporan.php on line 251, referer: http://localhost/ALDI25550036/data_produk.php
[Sat May 09 12:55:49.324347 2026] [:error] [pid 8604:tid 2032] [client ::1:58577] PHP Notice:  Undefined variable: page in C:\\xampp007\\htdocs\\ALDI25550036\\laporan.php on line 219, referer: http://localhost/ALDI25550036/data_produk.php
[Sat May 09 12:55:49.324347 2026] [:error] [pid 8604:tid 2032] [client ::1:58577] PHP Notice:  Undefined variable: page in C:\\xampp007\\htdocs\\ALDI25550036\\laporan.php on line 227, referer: http://localhost/ALDI25550036/data_produk.php
[Sat May 09 12:55:49.324347 2026] [:error] [pid 8604:tid 2032] [client ::1:58577] PHP Notice:  Undefined variable: page in C:\\xampp007\\htdocs\\ALDI25550036\\laporan.php on line 235, referer: http://localhost/ALDI25550036/data_produk.php
[Sat May 09 12:55:49.324347 2026] [:error] [pid 8604:tid 2032] [client ::1:58577] PHP Notice:  Undefined variable: page in C:\\xampp007\\htdocs\\ALDI25550036\\laporan.php on line 243, referer: http://localhost/ALDI25550036/data_produk.php
[Sat May 09 12:55:49.324347 2026] [:error] [pid 8604:tid 2032] [client ::1:58577] PHP Notice:  Undefined variable: page in C:\\xampp007\\htdocs\\ALDI25550036\\laporan.php on line 251, referer: http://localhost/ALDI25550036/data_produk.php
[Sat May 09 12:56:06.539534 2026] [:error] [pid 8604:tid 2032] [client ::1:58577] PHP Notice:  Undefined variable: page in C:\\xampp007\\htdocs\\ALDI25550036\\laporan.php on line 219, referer: http://localhost/ALDI25550036/data_produk.php
[Sat May 09 12:56:06.539534 2026] [:error] [pid 8604:tid 2032] [client ::1:58577] PHP Notice:  Undefined variable: page in C:\\xampp007\\htdocs\\ALDI25550036\\laporan.php on line 227, referer: http://localhost/ALDI25550036/data_produk.php
[Sat May 09 12:56:06.539534 2026] [:error] [pid 8604:tid 2032] [client ::1:58577] PHP Notice:  Undefined variable: page in C:\\xampp007\\htdocs\\ALDI25550036\\laporan.php on line 235, referer: http://localhost/ALDI25550036/data_produk.php
[Sat May 09 12:56:06.539534 2026] [:error] [pid 8604:tid 2032] [client ::1:58577] PHP Notice:  Undefined variable: page in C:\\xampp007\\htdocs\\ALDI25550036\\laporan.php on line 243, referer: http://localhost/ALDI25550036/data_produk.php
[Sat May 09 12:56:06.539534 2026] [:error] [pid 8604:tid 2032] [client ::1:58577] PHP Notice:  Undefined variable: page in C:\\xampp007\\htdocs\\ALDI25550036\\laporan.php on line 251, referer: http://localhost/ALDI25550036/data_produk.php
[Sat May 09 12:56:14.386566 2026] [:error] [pid 8604:tid 2032] [client ::1:58577] PHP Parse error:  syntax error, unexpected '<' in C:\\xampp007\\htdocs\\ALDI25550036\\user.php on line 2, referer: http://localhost/ALDI25550036/kategori_produk.php
[Sat May 09 12:56:20.684574 2026] [:error] [pid 8604:tid 2040] [client ::1:49308] PHP Notice:  Undefined variable: page in C:\\xampp007\\htdocs\\ALDI25550036\\laporan.php on line 219, referer: http://localhost/ALDI25550036/kategori_produk.php
[Sat May 09 12:56:20.684574 2026] [:error] [pid 8604:tid 2040] [client ::1:49308] PHP Notice:  Undefined variable: page in C:\\xampp007\\htdocs\\ALDI25550036\\laporan.php on line 227, referer: http://localhost/ALDI25550036/kategori_produk.php
[Sat May 09 12:56:20.686436 2026] [:error] [pid 8604:tid 2040] [client ::1:49308] PHP Notice:  Undefined variable: page in C:\\xampp007\\htdocs\\ALDI25550036\\laporan.php on line 235, referer: http://localhost/ALDI25550036/kategori_produk.php
[Sat May 09 12:56:20.686436 2026] [:error] [pid 8604:tid 2040] [client ::1:49308] PHP Notice:  Undefined variable: page in C:\\xampp007\\htdocs\\ALDI25550036\\laporan.php on line 243, referer: http://localhost/ALDI25550036/kategori_produk.php
[Sat May 09 12:56:20.686436 2026] [:error] [pid 8604:tid 2040] [client ::1:49308] PHP Notice:  Undefined variable: page in C:\\xampp007\\htdocs\\ALDI25550036\\laporan.php on line 251, referer: http://localhost/ALDI25550036/kategori_produk.php
[Sat May 09 12:56:24.800813 2026] [:error] [pid 8604:tid 2040] [client ::1:49308] PHP Notice:  Undefined variable: page in C:\\xampp007\\htdocs\\ALDI25550036\\laporan.php on line 219, referer: http://localhost/ALDI25550036/data_produk.php
[Sat May 09 12:56:24.800813 2026] [:error] [pid 8604:tid 2040] [client ::1:49308] PHP Notice:  Undefined variable: page in C:\\xampp007\\htdocs\\ALDI25550036\\laporan.php on line 227, referer: http://localhost/ALDI25550036/data_produk.php
[Sat May 09 12:56:24.800813 2026] [:error] [pid 8604:tid 2040] [client ::1:49308] PHP Notice:  Undefined variable: page in C:\\xampp007\\htdocs\\ALDI25550036\\laporan.php on line 235, referer: http://localhost/ALDI25550036/data_produk.php
[Sat May 09 12:56:24.800813 2026] [:error] [pid 8604:tid 2040] [client ::1:49308] PHP Notice:  Undefined variable: page in C:\\xampp007\\htdocs\\ALDI25550036\\laporan.php on line 243, referer: http://localhost/ALDI25550036/data_produk.php
[Sat May 09 12:56:24.800813 2026] [:error] [pid 8604:tid 2040] [client ::1:49308] PHP Notice:  Undefined variable: page in C:\\xampp007\\htdocs\\ALDI25550036\\laporan.php on line 251, referer: http://localhost/ALDI25550036/data_produk.php
[Sat May 09 12:56:27.727045 2026] [:error] [pid 8604:tid 2040] [client ::1:49308] PHP Parse error:  syntax error, unexpected '<' in C:\\xampp007\\htdocs\\ALDI25550036\\user.php on line 2, referer: http://localhost/ALDI25550036/laporan.php
[Sat May 09 12:57:34.589757 2026] [:error] [pid 8604:tid 2032] [client ::1:55766] PHP Notice:  Undefined variable: page in C:\\xampp007\\htdocs\\ALDI25550036\\laporan.php on line 219, referer: http://localhost/ALDI25550036/data_produk.php
[Sat May 09 12:57:34.589757 2026] [:error] [pid 8604:tid 2032] [client ::1:55766] PHP Notice:  Undefined variable: page in C:\\xampp007\\htdocs\\ALDI25550036\\laporan.php on line 227, referer: http://localhost/ALDI25550036/data_produk.php
[Sat May 09 12:57:34.589757 2026] [:error] [pid 8604:tid 2032] [client ::1:55766] PHP Notice:  Undefined variable: page in C:\\xampp007\\htdocs\\ALDI25550036\\laporan.php on line 235, referer: http://localhost/ALDI25550036/data_produk.php
[Sat May 09 12:57:34.589757 2026] [:error] [pid 8604:tid 2032] [client ::1:55766] PHP Notice:  Undefined variable: page in C:\\xampp007\\htdocs\\ALDI25550036\\laporan.php on line 243, referer: http://localhost/ALDI25550036/data_produk.php
[Sat May 09 12:57:34.589757 2026] [:error] [pid 8604:tid 2032] [client ::1:55766] PHP Notice:  Undefined variable: page in C:\\xampp007\\htdocs\\ALDI25550036\\laporan.php on line 251, referer: http://localhost/ALDI25550036/data_produk.php
[Sat May 09 12:57:35.476329 2026] [:error] [pid 8604:tid 2032] [client ::1:55766] PHP Parse error:  syntax error, unexpected '<' in C:\\xampp007\\htdocs\\ALDI25550036\\user.php on line 2, referer: http://localhost/ALDI25550036/laporan.php
[Sat May 09 12:57:37.439065 2026] [:error] [pid 8604:tid 2032] [client ::1:55766] PHP Notice:  Undefined variable: page in C:\\xampp007\\htdocs\\ALDI25550036\\laporan.php on line 219, referer: http://localhost/ALDI25550036/laporan.php
[Sat May 09 12:57:37.439065 2026] [:error] [pid 8604:tid 2032] [client ::1:55766] PHP Notice:  Undefined variable: page in C:\\xampp007\\htdocs\\ALDI25550036\\laporan.php on line 227, referer: http://localhost/ALDI25550036/laporan.php
[Sat May 09 12:57:37.439065 2026] [:error] [pid 8604:tid 2032] [client ::1:55766] PHP Notice:  Undefined variable: page in C:\\xampp007\\htdocs\\ALDI25550036\\laporan.php on line 235, referer: http://localhost/ALDI25550036/laporan.php
[Sat May 09 12:57:37.439065 2026] [:error] [pid 8604:tid 2032] [client ::1:55766] PHP Notice:  Undefined variable: page in C:\\xampp007\\htdocs\\ALDI25550036\\laporan.php on line 243, referer: http://localhost/ALDI25550036/laporan.php
[Sat May 09 12:57:37.439065 2026] [:error] [pid 8604:tid 2032] [client ::1:55766] PHP Notice:  Undefined variable: page in C:\\xampp007\\htdocs\\ALDI25550036\\laporan.php on line 251, referer: http://localhost/ALDI25550036/laporan.php
[Sat May 09 12:57:39.095263 2026] [:error] [pid 8604:tid 2032] [client ::1:55766] PHP Notice:  Undefined variable: page in C:\\xampp007\\htdocs\\ALDI25550036\\laporan.php on line 219, referer: http://localhost/ALDI25550036/data_produk.php
[Sat May 09 12:57:39.095263 2026] [:error] [pid 8604:tid 2032] [client ::1:55766] PHP Notice:  Undefined variable: page in C:\\xampp007\\htdocs\\ALDI25550036\\laporan.php on line 227, referer: http://localhost/ALDI25550036/data_produk.php
[Sat May 09 12:57:39.095263 2026] [:error] [pid 8604:tid 2032] [client ::1:55766] PHP Notice:  Undefined variable: page in C:\\xampp007\\htdocs\\ALDI25550036\\laporan.php on line 235, referer: http://localhost/ALDI25550036/data_produk.php
[Sat May 09 12:57:39.095263 2026] [:error] [pid 8604:tid 2032] [client ::1:55766] PHP Notice:  Undefined variable: page in C:\\xampp007\\htdocs\\ALDI25550036\\laporan.php on line 243, referer: http://localhost/ALDI25550036/data_produk.php
[Sat May 09 12:57:39.095263 2026] [:error] [pid 8604:tid 2032] [client ::1:55766] PHP Notice:  Undefined variable: page in C:\\xampp007\\htdocs\\ALDI25550036\\laporan.php on line 251, referer: http://localhost/ALDI25550036/data_produk.php
[Sat May 09 12:57:43.820181 2026] [:error] [pid 8604:tid 2032] [client ::1:55766] PHP Notice:  Undefined variable: page in C:\\xampp007\\htdocs\\ALDI25550036\\laporan.php on line 219, referer: http://localhost/ALDI25550036/data_produk.php
[Sat May 09 12:57:43.820181 2026] [:error] [pid 8604:tid 2032] [client ::1:55766] PHP Notice:  Undefined variable: page in C:\\xampp007\\htdocs\\ALDI25550036\\laporan.php on line 227, referer: http://localhost/ALDI25550036/data_produk.php
[Sat May 09 12:57:43.820181 2026] [:error] [pid 8604:tid 2032] [client ::1:55766] PHP Notice:  Undefined variable: page in C:\\xampp007\\htdocs\\ALDI25550036\\laporan.php on line 235, referer: http://localhost/ALDI25550036/data_produk.php
[Sat May 09 12:57:43.820181 2026] [:error] [pid 8604:tid 2032] [client ::1:55766] PHP Notice:  Undefined variable: page in C:\\xampp007\\htdocs\\ALDI25550036\\laporan.php on line 243, referer: http://localhost/ALDI25550036/data_produk.php
[Sat May 09 12:57:43.820181 2026] [:error] [pid 8604:tid 2032] [client ::1:55766] PHP Notice:  Undefined variable: page in C:\\xampp007\\htdocs\\ALDI25550036\\laporan.php on line 251, referer: http://localhost/ALDI25550036/data_produk.php
[Sat May 09 12:57:44.325486 2026] [:error] [pid 8604:tid 2032] [client ::1:55766] PHP Parse error:  syntax error, unexpected '<' in C:\\xampp007\\htdocs\\ALDI25550036\\user.php on line 2, referer: http://localhost/ALDI25550036/laporan.php
[Sat May 09 12:57:56.560552 2026] [:error] [pid 8604:tid 2040] [client ::1:57153] PHP Notice:  Undefined variable: page in C:\\xampp007\\htdocs\\ALDI25550036\\laporan.php on line 219, referer: http://localhost/ALDI25550036/laporan.php
[Sat May 09 12:57:56.560552 2026] [:error] [pid 8604:tid 2040] [client ::1:57153] PHP Notice:  Undefined variable: page in C:\\xampp007\\htdocs\\ALDI25550036\\laporan.php on line 227, referer: http://localhost/ALDI25550036/laporan.php
[Sat May 09 12:57:56.560552 2026] [:error] [pid 8604:tid 2040] [client ::1:57153] PHP Notice:  Undefined variable: page in C:\\xampp007\\htdocs\\ALDI25550036\\laporan.php on line 235, referer: http://localhost/ALDI25550036/laporan.php
[Sat May 09 12:57:56.560552 2026] [:error] [pid 8604:tid 2040] [client ::1:57153] PHP Notice:  Undefined variable: page in C:\\xampp007\\htdocs\\ALDI25550036\\laporan.php on line 243, referer: http://localhost/ALDI25550036/laporan.php
[Sat May 09 12:57:56.560552 2026] [:error] [pid 8604:tid 2040] [client ::1:57153] PHP Notice:  Undefined variable: page in C:\\xampp007\\htdocs\\ALDI25550036\\laporan.php on line 251, referer: http://localhost/ALDI25550036/laporan.php
[Sat May 09 12:58:00.873928 2026] [:error] [pid 8604:tid 2040] [client ::1:57153] PHP Notice:  Undefined variable: page in C:\\xampp007\\htdocs\\ALDI25550036\\laporan.php on line 219, referer: http://localhost/ALDI25550036/data_produk.php
[Sat May 09 12:58:00.873928 2026] [:error] [pid 8604:tid 2040] [client ::1:57153] PHP Notice:  Undefined variable: page in C:\\xampp007\\htdocs\\ALDI25550036\\laporan.php on line 227, referer: http://localhost/ALDI25550036/data_produk.php
[Sat May 09 12:58:00.873928 2026] [:error] [pid 8604:tid 2040] [client ::1:57153] PHP Notice:  Undefined variable: page in C:\\xampp007\\htdocs\\ALDI25550036\\laporan.php on line 235, referer: http://localhost/ALDI25550036/data_produk.php
[Sat May 09 12:58:00.873928 2026] [:error] [pid 8604:tid 2040] [client ::1:57153] PHP Notice:  Undefined variable: page in C:\\xampp007\\htdocs\\ALDI25550036\\laporan.php on line 243, referer: http://localhost/ALDI25550036/data_produk.php
[Sat May 09 12:58:00.873928 2026] [:error] [pid 8604:tid 2040] [client ::1:57153] PHP Notice:  Undefined variable: page in C:\\xampp007\\htdocs\\ALDI25550036\\laporan.php on line 251, referer: http://localhost/ALDI25550036/data_produk.php
[Sat May 09 12:58:01.487783 2026] [:error] [pid 8604:tid 2040] [client ::1:57153] PHP Parse error:  syntax error, unexpected '<' in C:\\xampp007\\htdocs\\ALDI25550036\\user.php on line 2, referer: http://localhost/ALDI25550036/laporan.php
[Sat May 09 13:01:42.718575 2026] [:error] [pid 8604:tid 2032] [client ::1:49775] PHP Notice:  Undefined variable: page in C:\\xampp007\\htdocs\\ALDI25550036\\laporan.php on line 219, referer: http://localhost/ALDI25550036/data_produk.php
[Sat May 09 13:01:42.718575 2026] [:error] [pid 8604:tid 2032] [client ::1:49775] PHP Notice:  Undefined variable: page in C:\\xampp007\\htdocs\\ALDI25550036\\laporan.php on line 227, referer: http://localhost/ALDI25550036/data_produk.php
[Sat May 09 13:01:42.718575 2026] [:error] [pid 8604:tid 2032] [client ::1:49775] PHP Notice:  Undefined variable: page in C:\\xampp007\\htdocs\\ALDI25550036\\laporan.php on line 235, referer: http://localhost/ALDI25550036/data_produk.php
[Sat May 09 13:01:42.718575 2026] [:error] [pid 8604:tid 2032] [client ::1:49775] PHP Notice:  Undefined variable: page in C:\\xampp007\\htdocs\\ALDI25550036\\laporan.php on line 243, referer: http://localhost/ALDI25550036/data_produk.php
[Sat May 09 13:01:42.718575 2026] [:error] [pid 8604:tid 2032] [client ::1:49775] PHP Notice:  Undefined variable: page in C:\\xampp007\\htdocs\\ALDI25550036\\laporan.php on line 251, referer: http://localhost/ALDI25550036/data_produk.php
[Sat May 09 13:01:43.488201 2026] [:error] [pid 8604:tid 2032] [client ::1:49775] PHP Notice:  Undefined variable: page in C:\\xampp007\\htdocs\\ALDI25550036\\laporan.php on line 219, referer: http://localhost/ALDI25550036/data_produk.php
[Sat May 09 13:01:43.488201 2026] [:error] [pid 8604:tid 2032] [client ::1:49775] PHP Notice:  Undefined variable: page in C:\\xampp007\\htdocs\\ALDI25550036\\laporan.php on line 227, referer: http://localhost/ALDI25550036/data_produk.php
[Sat May 09 13:01:43.488201 2026] [:error] [pid 8604:tid 2032] [client ::1:49775] PHP Notice:  Undefined variable: page in C:\\xampp007\\htdocs\\ALDI25550036\\laporan.php on line 235, referer: http://localhost/ALDI25550036/data_produk.php
[Sat May 09 13:01:43.488201 2026] [:error] [pid 8604:tid 2032] [client ::1:49775] PHP Notice:  Undefined variable: page in C:\\xampp007\\htdocs\\ALDI25550036\\laporan.php on line 243, referer: http://localhost/ALDI25550036/data_produk.php
[Sat May 09 13:01:43.488201 2026] [:error] [pid 8604:tid 2032] [client ::1:49775] PHP Notice:  Undefined variable: page in C:\\xampp007\\htdocs\\ALDI25550036\\laporan.php on line 251, referer: http://localhost/ALDI25550036/data_produk.php
[Sat May 09 13:01:46.352719 2026] [:error] [pid 8604:tid 2032] [client ::1:49775] PHP Notice:  Undefined variable: page in C:\\xampp007\\htdocs\\ALDI25550036\\laporan.php on line 219, referer: http://localhost/ALDI25550036/produk.php
[Sat May 09 13:01:46.352719 2026] [:error] [pid 8604:tid 2032] [client ::1:49775] PHP Notice:  Undefined variable: page in C:\\xampp007\\htdocs\\ALDI25550036\\laporan.php on line 227, referer: http://localhost/ALDI25550036/produk.php
[Sat May 09 13:01:46.352719 2026] [:error] [pid 8604:tid 2032] [client ::1:49775] PHP Notice:  Undefined variable: page in C:\\xampp007\\htdocs\\ALDI25550036\\laporan.php on line 235, referer: http://localhost/ALDI25550036/produk.php
[Sat May 09 13:01:46.352719 2026] [:error] [pid 8604:tid 2032] [client ::1:49775] PHP Notice:  Undefined variable: page in C:\\xampp007\\htdocs\\ALDI25550036\\laporan.php on line 243, referer: http://localhost/ALDI25550036/produk.php
[Sat May 09 13:01:46.356659 2026] [:error] [pid 8604:tid 2032] [client ::1:49775] PHP Notice:  Undefined variable: page in C:\\xampp007\\htdocs\\ALDI25550036\\laporan.php on line 251, referer: http://localhost/ALDI25550036/produk.php
[Sat May 09 13:01:46.919548 2026] [:error] [pid 8604:tid 2032] [client ::1:49775] PHP Parse error:  syntax error, unexpected '<' in C:\\xampp007\\htdocs\\ALDI25550036\\user.php on line 2, referer: http://localhost/ALDI25550036/laporan.php
[Sat May 09 13:02:04.855031 2026] [:error] [pid 8604:tid 2040] [client ::1:51583] PHP Notice:  Undefined variable: page in C:\\xampp007\\htdocs\\ALDI25550036\\laporan.php on line 219, referer: http://localhost/ALDI25550036/data_produk.php
[Sat May 09 13:02:04.855031 2026] [:error] [pid 8604:tid 2040] [client ::1:51583] PHP Notice:  Undefined variable: page in C:\\xampp007\\htdocs\\ALDI25550036\\laporan.php on line 227, referer: http://localhost/ALDI25550036/data_produk.php
[Sat May 09 13:02:04.855031 2026] [:error] [pid 8604:tid 2040] [client ::1:51583] PHP Notice:  Undefined variable: page in C:\\xampp007\\htdocs\\ALDI25550036\\laporan.php on line 235, referer: http://localhost/ALDI25550036/data_produk.php
[Sat May 09 13:02:04.857049 2026] [:error] [pid 8604:tid 2040] [client ::1:51583] PHP Notice:  Undefined variable: page in C:\\xampp007\\htdocs\\ALDI25550036\\laporan.php on line 243, referer: http://localhost/ALDI25550036/data_produk.php
[Sat May 09 13:02:04.857049 2026] [:error] [pid 8604:tid 2040] [client ::1:51583] PHP Notice:  Undefined variable: page in C:\\xampp007\\htdocs\\ALDI25550036\\laporan.php on line 251, referer: http://localhost/ALDI25550036/data_produk.php
[Sat May 09 13:02:05.276809 2026] [:error] [pid 8604:tid 2040] [client ::1:51583] PHP Parse error:  syntax error, unexpected '<' in C:\\xampp007\\htdocs\\ALDI25550036\\user.php on line 2, referer: http://localhost/ALDI25550036/laporan.php
[Sat May 09 13:02:09.400702 2026] [:error] [pid 8604:tid 2040] [client ::1:51583] PHP Notice:  Undefined variable: page in C:\\xampp007\\htdocs\\ALDI25550036\\laporan.php on line 219, referer: http://localhost/ALDI25550036/data_produk.php
[Sat May 09 13:02:09.400702 2026] [:error] [pid 8604:tid 2040] [client ::1:51583] PHP Notice:  Undefined variable: page in C:\\xampp007\\htdocs\\ALDI25550036\\laporan.php on line 227, referer: http://localhost/ALDI25550036/data_produk.php
[Sat May 09 13:02:09.400702 2026] [:error] [pid 8604:tid 2040] [client ::1:51583] PHP Notice:  Undefined variable: page in C:\\xampp007\\htdocs\\ALDI25550036\\laporan.php on line 235, referer: http://localhost/ALDI25550036/data_produk.php
[Sat May 09 13:02:09.400702 2026] [:error] [pid 8604:tid 2040] [client ::1:51583] PHP Notice:  Undefined variable: page in C:\\xampp007\\htdocs\\ALDI25550036\\laporan.php on line 243, referer: http://localhost/ALDI25550036/data_produk.php
[Sat May 09 13:02:09.400702 2026] [:error] [pid 8604:tid 2040] [client ::1:51583] PHP Notice:  Undefined variable: page in C:\\xampp007\\htdocs\\ALDI25550036\\laporan.php on line 251, referer: http://localhost/ALDI25550036/data_produk.php
[Sat May 09 13:05:33.633010 2026] [:error] [pid 8604:tid 2032] [client ::1:63646] PHP Notice:  Undefined variable: page in C:\\xampp007\\htdocs\\ALDI25550036\\laporan.php on line 219, referer: http://localhost/ALDI25550036/data_produk.php
[Sat May 09 13:05:33.633010 2026] [:error] [pid 8604:tid 2032] [client ::1:63646] PHP Notice:  Undefined variable: page in C:\\xampp007\\htdocs\\ALDI25550036\\laporan.php on line 227, referer: http://localhost/ALDI25550036/data_produk.php
[Sat May 09 13:05:33.633010 2026] [:error] [pid 8604:tid 2032] [client ::1:63646] PHP Notice:  Undefined variable: page in C:\\xampp007\\htdocs\\ALDI25550036\\laporan.php on line 235, referer: http://localhost/ALDI25550036/data_produk.php
[Sat May 09 13:05:33.633010 2026] [:error] [pid 8604:tid 2032] [client ::1:63646] PHP Notice:  Undefined variable: page in C:\\xampp007\\htdocs\\ALDI25550036\\laporan.php on line 243, referer: http://localhost/ALDI25550036/data_produk.php
[Sat May 09 13:05:33.633010 2026] [:error] [pid 8604:tid 2032] [client ::1:63646] PHP Notice:  Undefined variable: page in C:\\xampp007\\htdocs\\ALDI25550036\\laporan.php on line 251, referer: http://localhost/ALDI25550036/data_produk.php
[Sat May 09 13:05:34.388459 2026] [:error] [pid 8604:tid 2032] [client ::1:63646] PHP Parse error:  syntax error, unexpected '<' in C:\\xampp007\\htdocs\\ALDI25550036\\user.php on line 2, referer: http://localhost/ALDI25550036/laporan.php
[Sat May 09 13:05:37.423463 2026] [:error] [pid 8604:tid 2032] [client ::1:63646] PHP Parse error:  syntax error, unexpected '<' in C:\\xampp007\\htdocs\\ALDI25550036\\user.php on line 2, referer: http://localhost/ALDI25550036/kategori_produk.php
[Sat May 09 13:05:40.448732 2026] [:error] [pid 8604:tid 2032] [client ::1:63646] PHP Parse error:  syntax error, unexpected '<' in C:\\xampp007\\htdocs\\ALDI25550036\\user.php on line 2, referer: http://localhost/ALDI25550036/data_produk.php
[Sat May 09 13:05:42.797342 2026] [:error] [pid 8604:tid 2032] [client ::1:63646] PHP Notice:  Undefined variable: page in C:\\xampp007\\htdocs\\ALDI25550036\\laporan.php on line 219, referer: http://localhost/ALDI25550036/data_produk.php
[Sat May 09 13:05:42.797342 2026] [:error] [pid 8604:tid 2032] [client ::1:63646] PHP Notice:  Undefined variable: page in C:\\xampp007\\htdocs\\ALDI25550036\\laporan.php on line 227, referer: http://localhost/ALDI25550036/data_produk.php
[Sat May 09 13:05:42.797342 2026] [:error] [pid 8604:tid 2032] [client ::1:63646] PHP Notice:  Undefined variable: page in C:\\xampp007\\htdocs\\ALDI25550036\\laporan.php on line 235, referer: http://localhost/ALDI25550036/data_produk.php
[Sat May 09 13:05:42.797342 2026] [:error] [pid 8604:tid 2032] [client ::1:63646] PHP Notice:  Undefined variable: page in C:\\xampp007\\htdocs\\ALDI25550036\\laporan.php on line 243, referer: http://localhost/ALDI25550036/data_produk.php
[Sat May 09 13:05:42.797342 2026] [:error] [pid 8604:tid 2032] [client ::1:63646] PHP Notice:  Undefined variable: page in C:\\xampp007\\htdocs\\ALDI25550036\\laporan.php on line 251, referer: http://localhost/ALDI25550036/data_produk.php
[Sat May 09 13:05:43.413163 2026] [:error] [pid 8604:tid 2032] [client ::1:63646] PHP Parse error:  syntax error, unexpected '<' in C:\\xampp007\\htdocs\\ALDI25550036\\user.php on line 2, referer: http://localhost/ALDI25550036/laporan.php
[Sat May 09 13:05:47.407813 2026] [:error] [pid 8604:tid 2032] [client ::1:63646] PHP Notice:  Undefined variable: page in C:\\xampp007\\htdocs\\ALDI25550036\\laporan.php on line 219, referer: http://localhost/ALDI25550036/data_produk.php
[Sat May 09 13:05:47.407813 2026] [:error] [pid 8604:tid 2032] [client ::1:63646] PHP Notice:  Undefined variable: page in C:\\xampp007\\htdocs\\ALDI25550036\\laporan.php on line 227, referer: http://localhost/ALDI25550036/data_produk.php
[Sat May 09 13:05:47.412847 2026] [:error] [pid 8604:tid 2032] [client ::1:63646] PHP Notice:  Undefined variable: page in C:\\xampp007\\htdocs\\ALDI25550036\\laporan.php on line 235, referer: http://localhost/ALDI25550036/data_produk.php
[Sat May 09 13:05:47.412847 2026] [:error] [pid 8604:tid 2032] [client ::1:63646] PHP Notice:  Undefined variable: page in C:\\xampp007\\htdocs\\ALDI25550036\\laporan.php on line 243, referer: http://localhost/ALDI25550036/data_produk.php
[Sat May 09 13:05:47.412847 2026] [:error] [pid 8604:tid 2032] [client ::1:63646] PHP Notice:  Undefined variable: page in C:\\xampp007\\htdocs\\ALDI25550036\\laporan.php on line 251, referer: http://localhost/ALDI25550036/data_produk.php
[Sat May 09 13:11:19.123058 2026] [:error] [pid 8604:tid 2040] [client ::1:63009] PHP Notice:  Undefined variable: page in C:\\xampp007\\htdocs\\ALDI25550036\\laporan.php on line 219, referer: http://localhost/ALDI25550036/data_produk.php
[Sat May 09 13:11:19.123058 2026] [:error] [pid 8604:tid 2040] [client ::1:63009] PHP Notice:  Undefined variable: page in C:\\xampp007\\htdocs\\ALDI25550036\\laporan.php on line 227, referer: http://localhost/ALDI25550036/data_produk.php
[Sat May 09 13:11:19.124396 2026] [:error] [pid 8604:tid 2040] [client ::1:63009] PHP Notice:  Undefined variable: page in C:\\xampp007\\htdocs\\ALDI25550036\\laporan.php on line 235, referer: http://localhost/ALDI25550036/data_produk.php
[Sat May 09 13:11:19.124396 2026] [:error] [pid 8604:tid 2040] [client ::1:63009] PHP Notice:  Undefined variable: page in C:\\xampp007\\htdocs\\ALDI25550036\\laporan.php on line 243, referer: http://localhost/ALDI25550036/data_produk.php
[Sat May 09 13:11:19.124396 2026] [:error] [pid 8604:tid 2040] [client ::1:63009] PHP Notice:  Undefined variable: page in C:\\xampp007\\htdocs\\ALDI25550036\\laporan.php on line 251, referer: http://localhost/ALDI25550036/data_produk.php
[Sat May 09 13:11:20.493319 2026] [:error] [pid 8604:tid 2040] [client ::1:63009] PHP Notice:  Undefined variable: page in C:\\xampp007\\htdocs\\ALDI25550036\\user.php on line 197, referer: http://localhost/ALDI25550036/laporan.php
[Sat May 09 13:11:20.493319 2026] [:error] [pid 8604:tid 2040] [client ::1:63009] PHP Notice:  Undefined variable: page in C:\\xampp007\\htdocs\\ALDI25550036\\user.php on line 205, referer: http://localhost/ALDI25550036/laporan.php
[Sat May 09 13:11:20.493319 2026] [:error] [pid 8604:tid 2040] [client ::1:63009] PHP Notice:  Undefined variable: page in C:\\xampp007\\htdocs\\ALDI25550036\\user.php on line 213, referer: http://localhost/ALDI25550036/laporan.php
[Sat May 09 13:11:20.495863 2026] [:error] [pid 8604:tid 2040] [client ::1:63009] PHP Notice:  Undefined variable: page in C:\\xampp007\\htdocs\\ALDI25550036\\user.php on line 221, referer: http://localhost/ALDI25550036/laporan.php
[Sat May 09 13:11:20.495863 2026] [:error] [pid 8604:tid 2040] [client ::1:63009] PHP Notice:  Undefined variable: page in C:\\xampp007\\htdocs\\ALDI25550036\\user.php on line 229, referer: http://localhost/ALDI25550036/laporan.php
[Sat May 09 13:11:21.669190 2026] [:error] [pid 8604:tid 2040] [client ::1:63009] PHP Notice:  Undefined variable: page in C:\\xampp007\\htdocs\\ALDI25550036\\laporan.php on line 219, referer: http://localhost/ALDI25550036/user.php
[Sat May 09 13:11:21.669190 2026] [:error] [pid 8604:tid 2040] [client ::1:63009] PHP Notice:  Undefined variable: page in C:\\xampp007\\htdocs\\ALDI25550036\\laporan.php on line 227, referer: http://localhost/ALDI25550036/user.php
[Sat May 09 13:11:21.673468 2026] [:error] [pid 8604:tid 2040] [client ::1:63009] PHP Notice:  Undefined variable: page in C:\\xampp007\\htdocs\\ALDI25550036\\laporan.php on line 235, referer: http://localhost/ALDI25550036/user.php
[Sat May 09 13:11:21.673468 2026] [:error] [pid 8604:tid 2040] [client ::1:63009] PHP Notice:  Undefined variable: page in C:\\xampp007\\htdocs\\ALDI25550036\\laporan.php on line 243, referer: http://localhost/ALDI25550036/user.php
[Sat May 09 13:11:21.673468 2026] [:error] [pid 8604:tid 2040] [client ::1:63009] PHP Notice:  Undefined variable: page in C:\\xampp007\\htdocs\\ALDI25550036\\laporan.php on line 251, referer: http://localhost/ALDI25550036/user.php
[Sat May 09 13:11:23.385831 2026] [:error] [pid 8604:tid 2040] [client ::1:63009] PHP Notice:  Undefined variable: page in C:\\xampp007\\htdocs\\ALDI25550036\\user.php on line 197, referer: http://localhost/ALDI25550036/data_produk.php
[Sat May 09 13:11:23.385831 2026] [:error] [pid 8604:tid 2040] [client ::1:63009] PHP Notice:  Undefined variable: page in C:\\xampp007\\htdocs\\ALDI25550036\\user.php on line 205, referer: http://localhost/ALDI25550036/data_produk.php
[Sat May 09 13:11:23.385831 2026] [:error] [pid 8604:tid 2040] [client ::1:63009] PHP Notice:  Undefined variable: page in C:\\xampp007\\htdocs\\ALDI25550036\\user.php on line 213, referer: http://localhost/ALDI25550036/data_produk.php
[Sat May 09 13:11:23.385831 2026] [:error] [pid 8604:tid 2040] [client ::1:63009] PHP Notice:  Undefined variable: page in C:\\xampp007\\htdocs\\ALDI25550036\\user.php on line 221, referer: http://localhost/ALDI25550036/data_produk.php
[Sat May 09 13:11:23.385831 2026] [:error] [pid 8604:tid 2040] [client ::1:63009] PHP Notice:  Undefined variable: page in C:\\xampp007\\htdocs\\ALDI25550036\\user.php on line 229, referer: http://localhost/ALDI25550036/data_produk.php
[Sat May 09 13:11:34.207280 2026] [:error] [pid 8604:tid 2032] [client ::1:59674] PHP Notice:  Undefined variable: page in C:\\xampp007\\htdocs\\ALDI25550036\\laporan.php on line 219, referer: http://localhost/ALDI25550036/user.php
[Sat May 09 13:11:34.207280 2026] [:error] [pid 8604:tid 2032] [client ::1:59674] PHP Notice:  Undefined variable: page in C:\\xampp007\\htdocs\\ALDI25550036\\laporan.php on line 227, referer: http://localhost/ALDI25550036/user.php
[Sat May 09 13:11:34.207280 2026] [:error] [pid 8604:tid 2032] [client ::1:59674] PHP Notice:  Undefined variable: page in C:\\xampp007\\htdocs\\ALDI25550036\\laporan.php on line 235, referer: http://localhost/ALDI25550036/user.php
[Sat May 09 13:11:34.207280 2026] [:error] [pid 8604:tid 2032] [client ::1:59674] PHP Notice:  Undefined variable: page in C:\\xampp007\\htdocs\\ALDI25550036\\laporan.php on line 243, referer: http://localhost/ALDI25550036/user.php
[Sat May 09 13:11:34.207280 2026] [:error] [pid 8604:tid 2032] [client ::1:59674] PHP Notice:  Undefined variable: page in C:\\xampp007\\htdocs\\ALDI25550036\\laporan.php on line 251, referer: http://localhost/ALDI25550036/user.php
[Sat May 09 13:11:36.360346 2026] [:error] [pid 8604:tid 2032] [client ::1:59674] PHP Notice:  Undefined variable: page in C:\\xampp007\\htdocs\\ALDI25550036\\laporan.php on line 219, referer: http://localhost/ALDI25550036/data_produk.php
[Sat May 09 13:11:36.360346 2026] [:error] [pid 8604:tid 2032] [client ::1:59674] PHP Notice:  Undefined variable: page in C:\\xampp007\\htdocs\\ALDI25550036\\laporan.php on line 227, referer: http://localhost/ALDI25550036/data_produk.php
[Sat May 09 13:11:36.360346 2026] [:error] [pid 8604:tid 2032] [client ::1:59674] PHP Notice:  Undefined variable: page in C:\\xampp007\\htdocs\\ALDI25550036\\laporan.php on line 235, referer: http://localhost/ALDI25550036/data_produk.php
[Sat May 09 13:11:36.360346 2026] [:error] [pid 8604:tid 2032] [client ::1:59674] PHP Notice:  Undefined variable: page in C:\\xampp007\\htdocs\\ALDI25550036\\laporan.php on line 243, referer: http://localhost/ALDI25550036/data_produk.php
[Sat May 09 13:11:36.360346 2026] [:error] [pid 8604:tid 2032] [client ::1:59674] PHP Notice:  Undefined variable: page in C:\\xampp007\\htdocs\\ALDI25550036\\laporan.php on line 251, referer: http://localhost/ALDI25550036/data_produk.php
[Sat May 09 13:11:36.820484 2026] [:error] [pid 8604:tid 2032] [client ::1:59674] PHP Notice:  Undefined variable: page in C:\\xampp007\\htdocs\\ALDI25550036\\user.php on line 197, referer: http://localhost/ALDI25550036/laporan.php
[Sat May 09 13:11:36.820484 2026] [:error] [pid 8604:tid 2032] [client ::1:59674] PHP Notice:  Undefined variable: page in C:\\xampp007\\htdocs\\ALDI25550036\\user.php on line 205, referer: http://localhost/ALDI25550036/laporan.php
[Sat May 09 13:11:36.820484 2026] [:error] [pid 8604:tid 2032] [client ::1:59674] PHP Notice:  Undefined variable: page in C:\\xampp007\\htdocs\\ALDI25550036\\user.php on line 213, referer: http://localhost/ALDI25550036/laporan.php
[Sat May 09 13:11:36.823261 2026] [:error] [pid 8604:tid 2032] [client ::1:59674] PHP Notice:  Undefined variable: page in C:\\xampp007\\htdocs\\ALDI25550036\\user.php on line 221, referer: http://localhost/ALDI25550036/laporan.php
[Sat May 09 13:11:36.823261 2026] [:error] [pid 8604:tid 2032] [client ::1:59674] PHP Notice:  Undefined variable: page in C:\\xampp007\\htdocs\\ALDI25550036\\user.php on line 229, referer: http://localhost/ALDI25550036/laporan.php
[Sat May 09 13:15:40.035580 2026] [:error] [pid 8604:tid 2040] [client ::1:62846] PHP Notice:  Undefined variable: page in C:\\xampp007\\htdocs\\ALDI25550036\\user.php on line 197, referer: http://localhost/ALDI25550036/laporan.php
[Sat May 09 13:15:40.035580 2026] [:error] [pid 8604:tid 2040] [client ::1:62846] PHP Notice:  Undefined variable: page in C:\\xampp007\\htdocs\\ALDI25550036\\user.php on line 205, referer: http://localhost/ALDI25550036/laporan.php
[Sat May 09 13:15:40.039893 2026] [:error] [pid 8604:tid 2040] [client ::1:62846] PHP Notice:  Undefined variable: page in C:\\xampp007\\htdocs\\ALDI25550036\\user.php on line 213, referer: http://localhost/ALDI25550036/laporan.php
[Sat May 09 13:15:40.040363 2026] [:error] [pid 8604:tid 2040] [client ::1:62846] PHP Notice:  Undefined variable: page in C:\\xampp007\\htdocs\\ALDI25550036\\user.php on line 221, referer: http://localhost/ALDI25550036/laporan.php
[Sat May 09 13:15:40.040363 2026] [:error] [pid 8604:tid 2040] [client ::1:62846] PHP Notice:  Undefined variable: page in C:\\xampp007\\htdocs\\ALDI25550036\\user.php on line 229, referer: http://localhost/ALDI25550036/laporan.php
[Sat May 09 13:15:44.623193 2026] [:error] [pid 8604:tid 2040] [client ::1:62846] PHP Notice:  Undefined variable: page in C:\\xampp007\\htdocs\\ALDI25550036\\laporan.php on line 219, referer: http://localhost/ALDI25550036/kategori_produk.php
[Sat May 09 13:15:44.623193 2026] [:error] [pid 8604:tid 2040] [client ::1:62846] PHP Notice:  Undefined variable: page in C:\\xampp007\\htdocs\\ALDI25550036\\laporan.php on line 227, referer: http://localhost/ALDI25550036/kategori_produk.php
[Sat May 09 13:15:44.623193 2026] [:error] [pid 8604:tid 2040] [client ::1:62846] PHP Notice:  Undefined variable: page in C:\\xampp007\\htdocs\\ALDI25550036\\laporan.php on line 235, referer: http://localhost/ALDI25550036/kategori_produk.php
[Sat May 09 13:15:44.623193 2026] [:error] [pid 8604:tid 2040] [client ::1:62846] PHP Notice:  Undefined variable: page in C:\\xampp007\\htdocs\\ALDI25550036\\laporan.php on line 243, referer: http://localhost/ALDI25550036/kategori_produk.php
[Sat May 09 13:15:44.623193 2026] [:error] [pid 8604:tid 2040] [client ::1:62846] PHP Notice:  Undefined variable: page in C:\\xampp007\\htdocs\\ALDI25550036\\laporan.php on line 251, referer: http://localhost/ALDI25550036/kategori_produk.php
[Sat May 09 13:15:45.296785 2026] [:error] [pid 8604:tid 2040] [client ::1:62846] PHP Notice:  Undefined variable: page in C:\\xampp007\\htdocs\\ALDI25550036\\user.php on line 197, referer: http://localhost/ALDI25550036/laporan.php
[Sat May 09 13:15:45.296785 2026] [:error] [pid 8604:tid 2040] [client ::1:62846] PHP Notice:  Undefined variable: page in C:\\xampp007\\htdocs\\ALDI25550036\\user.php on line 205, referer: http://localhost/ALDI25550036/laporan.php
[Sat May 09 13:15:45.296785 2026] [:error] [pid 8604:tid 2040] [client ::1:62846] PHP Notice:  Undefined variable: page in C:\\xampp007\\htdocs\\ALDI25550036\\user.php on line 213, referer: http://localhost/ALDI25550036/laporan.php
[Sat May 09 13:15:45.296785 2026] [:error] [pid 8604:tid 2040] [client ::1:62846] PHP Notice:  Undefined variable: page in C:\\xampp007\\htdocs\\ALDI25550036\\user.php on line 221, referer: http://localhost/ALDI25550036/laporan.php
[Sat May 09 13:15:45.296785 2026] [:error] [pid 8604:tid 2040] [client ::1:62846] PHP Notice:  Undefined variable: page in C:\\xampp007\\htdocs\\ALDI25550036\\user.php on line 229, referer: http://localhost/ALDI25550036/laporan.php
[Sat May 09 13:15:46.117681 2026] [:error] [pid 8604:tid 2040] [client ::1:62846] PHP Notice:  Undefined variable: page in C:\\xampp007\\htdocs\\ALDI25550036\\laporan.php on line 219, referer: http://localhost/ALDI25550036/user.php
[Sat May 09 13:15:46.117681 2026] [:error] [pid 8604:tid 2040] [client ::1:62846] PHP Notice:  Undefined variable: page in C:\\xampp007\\htdocs\\ALDI25550036\\laporan.php on line 227, referer: http://localhost/ALDI25550036/user.php
[Sat May 09 13:15:46.117681 2026] [:error] [pid 8604:tid 2040] [client ::1:62846] PHP Notice:  Undefined variable: page in C:\\xampp007\\htdocs\\ALDI25550036\\laporan.php on line 235, referer: http://localhost/ALDI25550036/user.php
[Sat May 09 13:15:46.117681 2026] [:error] [pid 8604:tid 2040] [client ::1:62846] PHP Notice:  Undefined variable: page in C:\\xampp007\\htdocs\\ALDI25550036\\laporan.php on line 243, referer: http://localhost/ALDI25550036/user.php
[Sat May 09 13:15:46.117681 2026] [:error] [pid 8604:tid 2040] [client ::1:62846] PHP Notice:  Undefined variable: page in C:\\xampp007\\htdocs\\ALDI25550036\\laporan.php on line 251, referer: http://localhost/ALDI25550036/user.php
[Sat May 09 13:15:54.723358 2026] [:error] [pid 8604:tid 2040] [client ::1:62846] PHP Notice:  Undefined variable: page in C:\\xampp007\\htdocs\\ALDI25550036\\laporan.php on line 219, referer: http://localhost/ALDI25550036/data_produk.php
[Sat May 09 13:15:54.723358 2026] [:error] [pid 8604:tid 2040] [client ::1:62846] PHP Notice:  Undefined variable: page in C:\\xampp007\\htdocs\\ALDI25550036\\laporan.php on line 227, referer: http://localhost/ALDI25550036/data_produk.php
[Sat May 09 13:15:54.723358 2026] [:error] [pid 8604:tid 2040] [client ::1:62846] PHP Notice:  Undefined variable: page in C:\\xampp007\\htdocs\\ALDI25550036\\laporan.php on line 235, referer: http://localhost/ALDI25550036/data_produk.php
[Sat May 09 13:15:54.723358 2026] [:error] [pid 8604:tid 2040] [client ::1:62846] PHP Notice:  Undefined variable: page in C:\\xampp007\\htdocs\\ALDI25550036\\laporan.php on line 243, referer: http://localhost/ALDI25550036/data_produk.php
[Sat May 09 13:15:54.723358 2026] [:error] [pid 8604:tid 2040] [client ::1:62846] PHP Notice:  Undefined variable: page in C:\\xampp007\\htdocs\\ALDI25550036\\laporan.php on line 251, referer: http://localhost/ALDI25550036/data_produk.php
[Sat May 09 13:16:03.433197 2026] [mpm_winnt:crit] [pid 8604:tid 740] AH02538: Child: Parent process exited abruptly. Child process is ending
[Mon May 11 09:59:05.912957 2026] [ssl:warn] [pid 17480:tid 600] AH01909: www.example.com:443:0 server certificate does NOT include an ID which matches the server name
[Mon May 11 09:59:05.954353 2026] [core:warn] [pid 17480:tid 600] AH00098: pid file C:/xampp007/apache/logs/httpd.pid overwritten -- Unclean shutdown of previous Apache run?
[Mon May 11 09:59:06.016240 2026] [ssl:warn] [pid 17480:tid 600] AH01909: www.example.com:443:0 server certificate does NOT include an ID which matches the server name
[Mon May 11 09:59:10.835658 2026] [mpm_winnt:notice] [pid 17480:tid 600] AH00455: Apache/2.4.25 (Win32) OpenSSL/1.0.2j PHP/5.6.30 configured -- resuming normal operations
[Mon May 11 09:59:10.835658 2026] [mpm_winnt:notice] [pid 17480:tid 600] AH00456: Apache Lounge VC11 Server built: Dec 20 2016 13:02:04
[Mon May 11 09:59:10.835658 2026] [core:notice] [pid 17480:tid 600] AH00094: Command line: 'c:\\xampp007\\apache\\bin\\httpd.exe -d C:/xampp007/apache'
[Mon May 11 09:59:10.835658 2026] [mpm_winnt:notice] [pid 17480:tid 600] AH00418: Parent: Created child process 16404
[Mon May 11 09:59:11.516135 2026] [ssl:warn] [pid 16404:tid 704] AH01909: www.example.com:443:0 server certificate does NOT include an ID which matches the server name
[Mon May 11 09:59:11.680727 2026] [ssl:warn] [pid 16404:tid 704] AH01909: www.example.com:443:0 server certificate does NOT include an ID which matches the server name
[Mon May 11 09:59:11.708437 2026] [mpm_winnt:notice] [pid 16404:tid 704] AH00354: Child: Starting 150 worker threads.
[Mon May 11 10:04:43.130107 2026] [:error] [pid 16404:tid 2028] [client ::1:60223] PHP Notice:  Undefined variable: page in C:\\xampp007\\htdocs\\ALDI25550036\\user.php on line 197, referer: http://localhost/ALDI25550036/data_produk.php
[Mon May 11 10:04:43.130107 2026] [:error] [pid 16404:tid 2028] [client ::1:60223] PHP Notice:  Undefined variable: page in C:\\xampp007\\htdocs\\ALDI25550036\\user.php on line 205, referer: http://localhost/ALDI25550036/data_produk.php
[Mon May 11 10:04:43.130107 2026] [:error] [pid 16404:tid 2028] [client ::1:60223] PHP Notice:  Undefined variable: page in C:\\xampp007\\htdocs\\ALDI25550036\\user.php on line 213, referer: http://localhost/ALDI25550036/data_produk.php
[Mon May 11 10:04:43.130107 2026] [:error] [pid 16404:tid 2028] [client ::1:60223] PHP Notice:  Undefined variable: page in C:\\xampp007\\htdocs\\ALDI25550036\\user.php on line 221, referer: http://localhost/ALDI25550036/data_produk.php
[Mon May 11 10:04:43.130107 2026] [:error] [pid 16404:tid 2028] [client ::1:60223] PHP Notice:  Undefined variable: page in C:\\xampp007\\htdocs\\ALDI25550036\\user.php on line 229, referer: http://localhost/ALDI25550036/data_produk.php
[Mon May 11 10:18:07.751675 2026] [:error] [pid 16404:tid 2040] [client ::1:63067] PHP Notice:  Undefined variable: page in C:\\xampp007\\htdocs\\ALDI25550036\\laporan.php on line 219, referer: http://localhost/ALDI25550036/data_produk.php
[Mon May 11 10:18:07.751675 2026] [:error] [pid 16404:tid 2040] [client ::1:63067] PHP Notice:  Undefined variable: page in C:\\xampp007\\htdocs\\ALDI25550036\\laporan.php on line 227, referer: http://localhost/ALDI25550036/data_produk.php
[Mon May 11 10:18:07.751675 2026] [:error] [pid 16404:tid 2040] [client ::1:63067] PHP Notice:  Undefined variable: page in C:\\xampp007\\htdocs\\ALDI25550036\\laporan.php on line 235, referer: http://localhost/ALDI25550036/data_produk.php
[Mon May 11 10:18:07.760497 2026] [:error] [pid 16404:tid 2040] [client ::1:63067] PHP Notice:  Undefined variable: page in C:\\xampp007\\htdocs\\ALDI25550036\\laporan.php on line 243, referer: http://localhost/ALDI25550036/data_produk.php
[Mon May 11 10:18:07.760497 2026] [:error] [pid 16404:tid 2040] [client ::1:63067] PHP Notice:  Undefined variable: page in C:\\xampp007\\htdocs\\ALDI25550036\\laporan.php on line 251, referer: http://localhost/ALDI25550036/data_produk.php
[Mon May 11 10:18:08.424514 2026] [:error] [pid 16404:tid 2040] [client ::1:63067] PHP Notice:  Undefined variable: page in C:\\xampp007\\htdocs\\ALDI25550036\\user.php on line 197, referer: http://localhost/ALDI25550036/laporan.php
[Mon May 11 10:18:08.425962 2026] [:error] [pid 16404:tid 2040] [client ::1:63067] PHP Notice:  Undefined variable: page in C:\\xampp007\\htdocs\\ALDI25550036\\user.php on line 205, referer: http://localhost/ALDI25550036/laporan.php
[Mon May 11 10:18:08.425962 2026] [:error] [pid 16404:tid 2040] [client ::1:63067] PHP Notice:  Undefined variable: page in C:\\xampp007\\htdocs\\ALDI25550036\\user.php on line 213, referer: http://localhost/ALDI25550036/laporan.php
[Mon May 11 10:18:08.425962 2026] [:error] [pid 16404:tid 2040] [client ::1:63067] PHP Notice:  Undefined variable: page in C:\\xampp007\\htdocs\\ALDI25550036\\user.php on line 221, referer: http://localhost/ALDI25550036/laporan.php
[Mon May 11 10:18:08.427233 2026] [:error] [pid 16404:tid 2040] [client ::1:63067] PHP Notice:  Undefined variable: page in C:\\xampp007\\htdocs\\ALDI25550036\\user.php on line 229, referer: http://localhost/ALDI25550036/laporan.php
[Mon May 11 10:18:10.246733 2026] [:error] [pid 16404:tid 2040] [client ::1:63067] PHP Notice:  Undefined variable: page in C:\\xampp007\\htdocs\\ALDI25550036\\user.php on line 197, referer: http://localhost/ALDI25550036/data_produk.php
[Mon May 11 10:18:10.252334 2026] [:error] [pid 16404:tid 2040] [client ::1:63067] PHP Notice:  Undefined variable: page in C:\\xampp007\\htdocs\\ALDI25550036\\user.php on line 205, referer: http://localhost/ALDI25550036/data_produk.php
[Mon May 11 10:18:10.252844 2026] [:error] [pid 16404:tid 2040] [client ::1:63067] PHP Notice:  Undefined variable: page in C:\\xampp007\\htdocs\\ALDI25550036\\user.php on line 213, referer: http://localhost/ALDI25550036/data_produk.php
[Mon May 11 10:18:10.252844 2026] [:error] [pid 16404:tid 2040] [client ::1:63067] PHP Notice:  Undefined variable: page in C:\\xampp007\\htdocs\\ALDI25550036\\user.php on line 221, referer: http://localhost/ALDI25550036/data_produk.php
[Mon May 11 10:18:10.253353 2026] [:error] [pid 16404:tid 2040] [client ::1:63067] PHP Notice:  Undefined variable: page in C:\\xampp007\\htdocs\\ALDI25550036\\user.php on line 229, referer: http://localhost/ALDI25550036/data_produk.php
