2015-11-10 15:26:56 10fc InnoDB: Warning: Using innodb_additional_mem_pool_size is DEPRECATED. This option may be removed in future releases, together with the option innodb_use_sys_malloc and with the InnoDB's internal memory allocator.
2015-11-10 15:26:56 4348 [Note] InnoDB: Using mutexes to ref count buffer pool pages
2015-11-10 15:26:56 4348 [Note] InnoDB: The InnoDB memory heap is disabled
2015-11-10 15:26:56 4348 [Note] InnoDB: Mutexes and rw_locks use Windows interlocked functions
2015-11-10 15:26:56 4348 [Note] InnoDB: Memory barrier is not used
2015-11-10 15:26:56 4348 [Note] InnoDB: Compressed tables use zlib 1.2.3
2015-11-10 15:26:56 4348 [Note] InnoDB: Not using CPU crc32 instructions
2015-11-10 15:26:56 4348 [Note] InnoDB: Initializing buffer pool, size = 16.0M
2015-11-10 15:26:56 4348 [Note] InnoDB: Completed initialization of buffer pool
2015-11-10 15:26:56 4348 [Note] InnoDB: Highest supported file format is Barracuda.
2015-11-10 15:26:57 4348 [Note] InnoDB: 128 rollback segment(s) are active.
2015-11-10 15:26:57 4348 [Note] InnoDB: Waiting for purge to start
2015-11-10 15:26:57 4348 [Note] InnoDB:  Percona XtraDB (http://www.percona.com) 5.6.26-74.0 started; log sequence number 1835027
2015-11-10 15:26:57 6140 [Note] InnoDB: Dumping buffer pool(s) not yet started
2015-11-10 15:26:57 4348 [Note] Plugin 'FEEDBACK' is disabled.
2015-11-10 15:26:57 4348 [Note] Server socket created on IP: '::'.
2015-11-10 15:26:57 4348 [Note] Event Scheduler: Loaded 0 events
2015-11-10 15:26:57 4348 [Note] C:\xampp\mysql\bin\mysqld.exe: ready for connections.
Version: '10.1.8-MariaDB'  socket: ''  port: 3306  mariadb.org binary distribution
2015-11-10 15:27:11 5152 [Note] C:\xampp\mysql\bin\mysqld.exe: Normal shutdown

2015-11-10 15:27:11 5152 [Note] Event Scheduler: Purging the queue. 0 events
2015-11-10 15:27:11 5732 [Note] InnoDB: FTS optimize thread exiting.
2015-11-10 15:27:11 5152 [Note] InnoDB: Starting shutdown...
2015-11-10 15:27:13 5152 [Note] InnoDB: Shutdown completed; log sequence number 1835037
2015-11-10 15:27:13 5152 [Note] C:\xampp\mysql\bin\mysqld.exe: Shutdown complete

2026-03-02 15:07:57 e80 InnoDB: Warning: Using innodb_additional_mem_pool_size is DEPRECATED. This option may be removed in future releases, together with the option innodb_use_sys_malloc and with the InnoDB's internal memory allocator.
2026-03-02 15:07:57 3712 [Note] InnoDB: innodb_empty_free_list_algorithm has been changed to legacy because of small buffer pool size. In order to use backoff, increase buffer pool at least up to 20MB.

2026-03-02 15:07:57 3712 [Note] InnoDB: Using mutexes to ref count buffer pool pages
2026-03-02 15:07:57 3712 [Note] InnoDB: The InnoDB memory heap is disabled
2026-03-02 15:07:57 3712 [Note] InnoDB: Mutexes and rw_locks use Windows interlocked functions
2026-03-02 15:07:57 3712 [Note] InnoDB: _mm_lfence() and _mm_sfence() are used for memory barrier
2026-03-02 15:07:57 3712 [Note] InnoDB: Compressed tables use zlib 1.2.3
2026-03-02 15:07:57 3712 [Note] InnoDB: Using generic crc32 instructions
2026-03-02 15:07:57 3712 [Note] InnoDB: Initializing buffer pool, size = 16.0M
2026-03-02 15:07:57 3712 [Note] InnoDB: Completed initialization of buffer pool
2026-03-02 15:07:57 3712 [Note] InnoDB: Highest supported file format is Barracuda.
2026-03-02 15:07:57 3712 [Note] InnoDB: 128 rollback segment(s) are active.
2026-03-02 15:07:57 3712 [Note] InnoDB: Waiting for purge to start
2026-03-02 15:07:57 3712 [Note] InnoDB:  Percona XtraDB (http://www.percona.com) 5.6.34-79.1 started; log sequence number 1835037
2026-03-02 15:07:57 9796 [Note] InnoDB: Dumping buffer pool(s) not yet started
2026-03-02 15:07:57 3712 [Note] Plugin 'FEEDBACK' is disabled.
2026-03-02 15:07:57 3712 [Note] Server socket created on IP: '::'.
2026-03-02 15:07:57 3712 [Note] c:\xampp007\mysql\bin\mysqld.exe: ready for connections.
Version: '10.1.21-MariaDB'  socket: ''  port: 3306  mariadb.org binary distribution
2026-03-02 15:10:37 31c4 InnoDB: Warning: Using innodb_additional_mem_pool_size is DEPRECATED. This option may be removed in future releases, together with the option innodb_use_sys_malloc and with the InnoDB's internal memory allocator.
2026-03-02 15:10:37 12740 [Note] InnoDB: innodb_empty_free_list_algorithm has been changed to legacy because of small buffer pool size. In order to use backoff, increase buffer pool at least up to 20MB.

2026-03-02 15:10:37 12740 [Note] InnoDB: Using mutexes to ref count buffer pool pages
2026-03-02 15:10:37 12740 [Note] InnoDB: The InnoDB memory heap is disabled
2026-03-02 15:10:37 12740 [Note] InnoDB: Mutexes and rw_locks use Windows interlocked functions
2026-03-02 15:10:37 12740 [Note] InnoDB: _mm_lfence() and _mm_sfence() are used for memory barrier
2026-03-02 15:10:37 12740 [Note] InnoDB: Compressed tables use zlib 1.2.3
2026-03-02 15:10:37 12740 [Note] InnoDB: Using generic crc32 instructions
2026-03-02 15:10:37 12740 [Note] InnoDB: Initializing buffer pool, size = 16.0M
2026-03-02 15:10:37 12740 [Note] InnoDB: Completed initialization of buffer pool
2026-03-02 15:10:37 12740 [Note] InnoDB: Highest supported file format is Barracuda.
2026-03-02 15:10:37 12740 [Note] InnoDB: The log sequence numbers 1835037 and 1835037 in ibdata files do not match the log sequence number 1835047 in the ib_logfiles!
2026-03-02 15:10:37 12740 [Note] InnoDB: Database was not shutdown normally!
2026-03-02 15:10:37 12740 [Note] InnoDB: Starting crash recovery.
2026-03-02 15:10:37 12740 [Note] InnoDB: Reading tablespace information from the .ibd files...
2026-03-02 15:10:37 12740 [Note] InnoDB: Restoring possible half-written data pages 
2026-03-02 15:10:37 12740 [Note] InnoDB: from the doublewrite buffer...
2026-03-02 15:10:37 12740 [Note] InnoDB: 128 rollback segment(s) are active.
2026-03-02 15:10:37 12740 [Note] InnoDB: Waiting for purge to start
2026-03-02 15:10:37 12740 [Note] InnoDB:  Percona XtraDB (http://www.percona.com) 5.6.34-79.1 started; log sequence number 1835047
2026-03-02 15:10:37 16108 [Note] InnoDB: Dumping buffer pool(s) not yet started
2026-03-02 15:10:37 12740 [Note] Plugin 'FEEDBACK' is disabled.
2026-03-02 15:10:37 12740 [Note] Server socket created on IP: '::'.
2026-03-02 15:10:37 12740 [Note] c:\xampp007\mysql\bin\mysqld.exe: ready for connections.
Version: '10.1.21-MariaDB'  socket: ''  port: 3306  mariadb.org binary distribution
2026-03-05 10:06:54 29f8 InnoDB: Warning: Using innodb_additional_mem_pool_size is DEPRECATED. This option may be removed in future releases, together with the option innodb_use_sys_malloc and with the InnoDB's internal memory allocator.
2026-03-05 10:06:54 10744 [Note] InnoDB: innodb_empty_free_list_algorithm has been changed to legacy because of small buffer pool size. In order to use backoff, increase buffer pool at least up to 20MB.

2026-03-05 10:06:55 10744 [Note] InnoDB: Using mutexes to ref count buffer pool pages
2026-03-05 10:06:55 10744 [Note] InnoDB: The InnoDB memory heap is disabled
2026-03-05 10:06:55 10744 [Note] InnoDB: Mutexes and rw_locks use Windows interlocked functions
2026-03-05 10:06:55 10744 [Note] InnoDB: _mm_lfence() and _mm_sfence() are used for memory barrier
2026-03-05 10:06:55 10744 [Note] InnoDB: Compressed tables use zlib 1.2.3
2026-03-05 10:06:55 10744 [Note] InnoDB: Using generic crc32 instructions
2026-03-05 10:06:55 10744 [Note] InnoDB: Initializing buffer pool, size = 16.0M
2026-03-05 10:06:55 10744 [Note] InnoDB: Completed initialization of buffer pool
2026-03-05 10:06:55 10744 [Note] InnoDB: Highest supported file format is Barracuda.
2026-03-05 10:06:55 10744 [Note] InnoDB: The log sequence numbers 1835037 and 1835037 in ibdata files do not match the log sequence number 1839489 in the ib_logfiles!
2026-03-05 10:06:55 10744 [Note] InnoDB: Database was not shutdown normally!
2026-03-05 10:06:55 10744 [Note] InnoDB: Starting crash recovery.
2026-03-05 10:06:55 10744 [Note] InnoDB: Reading tablespace information from the .ibd files...
2026-03-05 10:06:55 10744 [Note] InnoDB: Restoring possible half-written data pages 
2026-03-05 10:06:55 10744 [Note] InnoDB: from the doublewrite buffer...
2026-03-05 10:06:55 10744 [Note] InnoDB: 128 rollback segment(s) are active.
2026-03-05 10:06:55 10744 [Note] InnoDB: Waiting for purge to start
2026-03-05 10:06:55 10744 [Note] InnoDB:  Percona XtraDB (http://www.percona.com) 5.6.34-79.1 started; log sequence number 1839489
2026-03-05 10:06:55 4848 [Note] InnoDB: Dumping buffer pool(s) not yet started
2026-03-05 10:06:55 10744 [Note] Plugin 'FEEDBACK' is disabled.
2026-03-05 10:06:55 10744 [Note] Server socket created on IP: '::'.
2026-03-05 10:06:55 10744 [Note] c:\xampp007\mysql\bin\mysqld.exe: ready for connections.
Version: '10.1.21-MariaDB'  socket: ''  port: 3306  mariadb.org binary distribution
2026-03-05 10:23:33 3b9c InnoDB: Warning: Using innodb_additional_mem_pool_size is DEPRECATED. This option may be removed in future releases, together with the option innodb_use_sys_malloc and with the InnoDB's internal memory allocator.
2026-03-05 10:23:33 15260 [Note] InnoDB: innodb_empty_free_list_algorithm has been changed to legacy because of small buffer pool size. In order to use backoff, increase buffer pool at least up to 20MB.

2026-03-05 10:23:33 15260 [Note] InnoDB: Using mutexes to ref count buffer pool pages
2026-03-05 10:23:33 15260 [Note] InnoDB: The InnoDB memory heap is disabled
2026-03-05 10:23:33 15260 [Note] InnoDB: Mutexes and rw_locks use Windows interlocked functions
2026-03-05 10:23:33 15260 [Note] InnoDB: _mm_lfence() and _mm_sfence() are used for memory barrier
2026-03-05 10:23:33 15260 [Note] InnoDB: Compressed tables use zlib 1.2.3
2026-03-05 10:23:33 15260 [Note] InnoDB: Using generic crc32 instructions
2026-03-05 10:23:33 15260 [Note] InnoDB: Initializing buffer pool, size = 16.0M
2026-03-05 10:23:33 15260 [Note] InnoDB: Completed initialization of buffer pool
2026-03-05 10:23:33 15260 [Note] InnoDB: Highest supported file format is Barracuda.
2026-03-05 10:23:33 15260 [Note] InnoDB: The log sequence numbers 1835037 and 1835037 in ibdata files do not match the log sequence number 1839499 in the ib_logfiles!
2026-03-05 10:23:33 15260 [Note] InnoDB: Database was not shutdown normally!
2026-03-05 10:23:33 15260 [Note] InnoDB: Starting crash recovery.
2026-03-05 10:23:33 15260 [Note] InnoDB: Reading tablespace information from the .ibd files...
2026-03-05 10:23:33 15260 [Note] InnoDB: Restoring possible half-written data pages 
2026-03-05 10:23:33 15260 [Note] InnoDB: from the doublewrite buffer...
2026-03-05 10:23:34 15260 [Note] InnoDB: 128 rollback segment(s) are active.
2026-03-05 10:23:34 15260 [Note] InnoDB: Waiting for purge to start
2026-03-05 10:23:34 15260 [Note] InnoDB:  Percona XtraDB (http://www.percona.com) 5.6.34-79.1 started; log sequence number 1839499
2026-03-05 10:23:34 9016 [Note] InnoDB: Dumping buffer pool(s) not yet started
2026-03-05 10:23:34 15260 [Note] Plugin 'FEEDBACK' is disabled.
2026-03-05 10:23:34 15260 [Note] Server socket created on IP: '::'.
2026-03-05 10:23:34 15260 [Note] c:\xampp007\mysql\bin\mysqld.exe: ready for connections.
Version: '10.1.21-MariaDB'  socket: ''  port: 3306  mariadb.org binary distribution
2026-03-06 14:01:08 33f0 InnoDB: Warning: Using innodb_additional_mem_pool_size is DEPRECATED. This option may be removed in future releases, together with the option innodb_use_sys_malloc and with the InnoDB's internal memory allocator.
2026-03-06 14:01:08 13296 [Note] InnoDB: innodb_empty_free_list_algorithm has been changed to legacy because of small buffer pool size. In order to use backoff, increase buffer pool at least up to 20MB.

2026-03-06 14:01:08 13296 [Note] InnoDB: Using mutexes to ref count buffer pool pages
2026-03-06 14:01:08 13296 [Note] InnoDB: The InnoDB memory heap is disabled
2026-03-06 14:01:08 13296 [Note] InnoDB: Mutexes and rw_locks use Windows interlocked functions
2026-03-06 14:01:08 13296 [Note] InnoDB: _mm_lfence() and _mm_sfence() are used for memory barrier
2026-03-06 14:01:08 13296 [Note] InnoDB: Compressed tables use zlib 1.2.3
2026-03-06 14:01:08 13296 [Note] InnoDB: Using generic crc32 instructions
2026-03-06 14:01:08 13296 [Note] InnoDB: Initializing buffer pool, size = 16.0M
2026-03-06 14:01:08 13296 [Note] InnoDB: Completed initialization of buffer pool
2026-03-06 14:01:08 13296 [Note] InnoDB: Highest supported file format is Barracuda.
2026-03-06 14:01:08 13296 [Note] InnoDB: The log sequence numbers 1835037 and 1835037 in ibdata files do not match the log sequence number 1839509 in the ib_logfiles!
2026-03-06 14:01:08 13296 [Note] InnoDB: Database was not shutdown normally!
2026-03-06 14:01:08 13296 [Note] InnoDB: Starting crash recovery.
2026-03-06 14:01:08 13296 [Note] InnoDB: Reading tablespace information from the .ibd files...
2026-03-06 14:01:08 13296 [Note] InnoDB: Restoring possible half-written data pages 
2026-03-06 14:01:08 13296 [Note] InnoDB: from the doublewrite buffer...
2026-03-06 14:01:08 13296 [Note] InnoDB: 128 rollback segment(s) are active.
2026-03-06 14:01:08 13296 [Note] InnoDB: Waiting for purge to start
2026-03-06 14:01:08 13296 [Note] InnoDB:  Percona XtraDB (http://www.percona.com) 5.6.34-79.1 started; log sequence number 1839509
2026-03-06 14:01:08 19588 [Note] InnoDB: Dumping buffer pool(s) not yet started
2026-03-06 14:01:08 13296 [Note] Plugin 'FEEDBACK' is disabled.
2026-03-06 14:01:08 13296 [Note] Server socket created on IP: '::'.
2026-03-06 14:01:08 13296 [Note] c:\xampp007\mysql\bin\mysqld.exe: ready for connections.
Version: '10.1.21-MariaDB'  socket: ''  port: 3306  mariadb.org binary distribution
2026-03-06 14:24:53 3a34 InnoDB: Warning: Using innodb_additional_mem_pool_size is DEPRECATED. This option may be removed in future releases, together with the option innodb_use_sys_malloc and with the InnoDB's internal memory allocator.
2026-03-06 14:24:53 14900 [Note] InnoDB: innodb_empty_free_list_algorithm has been changed to legacy because of small buffer pool size. In order to use backoff, increase buffer pool at least up to 20MB.

2026-03-06 14:24:53 14900 [Note] InnoDB: Using mutexes to ref count buffer pool pages
2026-03-06 14:24:53 14900 [Note] InnoDB: The InnoDB memory heap is disabled
2026-03-06 14:24:53 14900 [Note] InnoDB: Mutexes and rw_locks use Windows interlocked functions
2026-03-06 14:24:53 14900 [Note] InnoDB: _mm_lfence() and _mm_sfence() are used for memory barrier
2026-03-06 14:24:53 14900 [Note] InnoDB: Compressed tables use zlib 1.2.3
2026-03-06 14:24:53 14900 [Note] InnoDB: Using generic crc32 instructions
2026-03-06 14:24:53 14900 [Note] InnoDB: Initializing buffer pool, size = 16.0M
2026-03-06 14:24:53 14900 [Note] InnoDB: Completed initialization of buffer pool
2026-03-06 14:24:53 14900 [Note] InnoDB: Highest supported file format is Barracuda.
2026-03-06 14:24:53 14900 [Note] InnoDB: The log sequence numbers 1835037 and 1835037 in ibdata files do not match the log sequence number 1839519 in the ib_logfiles!
2026-03-06 14:24:53 14900 [Note] InnoDB: Database was not shutdown normally!
2026-03-06 14:24:53 14900 [Note] InnoDB: Starting crash recovery.
2026-03-06 14:24:53 14900 [Note] InnoDB: Reading tablespace information from the .ibd files...
2026-03-06 14:24:53 14900 [Note] InnoDB: Restoring possible half-written data pages 
2026-03-06 14:24:53 14900 [Note] InnoDB: from the doublewrite buffer...
2026-03-06 14:24:53 14900 [Note] InnoDB: 128 rollback segment(s) are active.
2026-03-06 14:24:53 14900 [Note] InnoDB: Waiting for purge to start
2026-03-06 14:24:53 14900 [Note] InnoDB:  Percona XtraDB (http://www.percona.com) 5.6.34-79.1 started; log sequence number 1839519
2026-03-06 14:24:53 10740 [Note] InnoDB: Dumping buffer pool(s) not yet started
2026-03-06 14:24:53 14900 [Note] Plugin 'FEEDBACK' is disabled.
2026-03-06 14:24:53 14900 [Note] Server socket created on IP: '::'.
2026-03-06 14:24:53 14900 [Note] c:\xampp007\mysql\bin\mysqld.exe: ready for connections.
Version: '10.1.21-MariaDB'  socket: ''  port: 3306  mariadb.org binary distribution
2026-03-06 14:48:37 fdc InnoDB: Warning: Using innodb_additional_mem_pool_size is DEPRECATED. This option may be removed in future releases, together with the option innodb_use_sys_malloc and with the InnoDB's internal memory allocator.
2026-03-06 14:48:37 4060 [Note] InnoDB: innodb_empty_free_list_algorithm has been changed to legacy because of small buffer pool size. In order to use backoff, increase buffer pool at least up to 20MB.

2026-03-06 14:48:37 4060 [Note] InnoDB: Using mutexes to ref count buffer pool pages
2026-03-06 14:48:37 4060 [Note] InnoDB: The InnoDB memory heap is disabled
2026-03-06 14:48:37 4060 [Note] InnoDB: Mutexes and rw_locks use Windows interlocked functions
2026-03-06 14:48:37 4060 [Note] InnoDB: _mm_lfence() and _mm_sfence() are used for memory barrier
2026-03-06 14:48:37 4060 [Note] InnoDB: Compressed tables use zlib 1.2.3
2026-03-06 14:48:37 4060 [Note] InnoDB: Using generic crc32 instructions
2026-03-06 14:48:37 4060 [Note] InnoDB: Initializing buffer pool, size = 16.0M
2026-03-06 14:48:37 4060 [Note] InnoDB: Completed initialization of buffer pool
2026-03-06 14:48:37 4060 [Note] InnoDB: Highest supported file format is Barracuda.
2026-03-06 14:48:37 4060 [Note] InnoDB: The log sequence numbers 1835037 and 1835037 in ibdata files do not match the log sequence number 1839529 in the ib_logfiles!
2026-03-06 14:48:37 4060 [Note] InnoDB: Database was not shutdown normally!
2026-03-06 14:48:37 4060 [Note] InnoDB: Starting crash recovery.
2026-03-06 14:48:37 4060 [Note] InnoDB: Reading tablespace information from the .ibd files...
2026-03-06 14:48:37 4060 [Note] InnoDB: Restoring possible half-written data pages 
2026-03-06 14:48:37 4060 [Note] InnoDB: from the doublewrite buffer...
2026-03-06 14:48:37 4060 [Note] InnoDB: 128 rollback segment(s) are active.
2026-03-06 14:48:37 4060 [Note] InnoDB: Waiting for purge to start
2026-03-06 14:48:37 4060 [Note] InnoDB:  Percona XtraDB (http://www.percona.com) 5.6.34-79.1 started; log sequence number 1839529
2026-03-06 14:48:37 10244 [Note] InnoDB: Dumping buffer pool(s) not yet started
2026-03-06 14:48:37 4060 [Note] Plugin 'FEEDBACK' is disabled.
2026-03-06 14:48:37 4060 [Note] Server socket created on IP: '::'.
2026-03-06 14:48:37 4060 [Note] c:\xampp007\mysql\bin\mysqld.exe: ready for connections.
Version: '10.1.21-MariaDB'  socket: ''  port: 3306  mariadb.org binary distribution
2026-03-07 10:23:38 16ec InnoDB: Warning: Using innodb_additional_mem_pool_size is DEPRECATED. This option may be removed in future releases, together with the option innodb_use_sys_malloc and with the InnoDB's internal memory allocator.
2026-03-07 10:23:38 5868 [Note] InnoDB: innodb_empty_free_list_algorithm has been changed to legacy because of small buffer pool size. In order to use backoff, increase buffer pool at least up to 20MB.

2026-03-07 10:23:38 5868 [Note] InnoDB: Using mutexes to ref count buffer pool pages
2026-03-07 10:23:38 5868 [Note] InnoDB: The InnoDB memory heap is disabled
2026-03-07 10:23:38 5868 [Note] InnoDB: Mutexes and rw_locks use Windows interlocked functions
2026-03-07 10:23:38 5868 [Note] InnoDB: _mm_lfence() and _mm_sfence() are used for memory barrier
2026-03-07 10:23:38 5868 [Note] InnoDB: Compressed tables use zlib 1.2.3
2026-03-07 10:23:38 5868 [Note] InnoDB: Using generic crc32 instructions
2026-03-07 10:23:38 5868 [Note] InnoDB: Initializing buffer pool, size = 16.0M
2026-03-07 10:23:38 5868 [Note] InnoDB: Completed initialization of buffer pool
2026-03-07 10:23:38 5868 [Note] InnoDB: Highest supported file format is Barracuda.
2026-03-07 10:23:38 5868 [Note] InnoDB: The log sequence numbers 1835037 and 1835037 in ibdata files do not match the log sequence number 1843952 in the ib_logfiles!
2026-03-07 10:23:38 5868 [Note] InnoDB: Database was not shutdown normally!
2026-03-07 10:23:38 5868 [Note] InnoDB: Starting crash recovery.
2026-03-07 10:23:38 5868 [Note] InnoDB: Reading tablespace information from the .ibd files...
2026-03-07 10:23:38 5868 [Note] InnoDB: Restoring possible half-written data pages 
2026-03-07 10:23:38 5868 [Note] InnoDB: from the doublewrite buffer...
2026-03-07 10:23:38 5868 [Note] InnoDB: 128 rollback segment(s) are active.
2026-03-07 10:23:38 5868 [Note] InnoDB: Waiting for purge to start
2026-03-07 10:23:39 5868 [Note] InnoDB:  Percona XtraDB (http://www.percona.com) 5.6.34-79.1 started; log sequence number 1843952
2026-03-07 10:23:39 10096 [Note] InnoDB: Dumping buffer pool(s) not yet started
2026-03-07 10:23:39 5868 [Note] Plugin 'FEEDBACK' is disabled.
2026-03-07 10:23:39 5868 [Note] Server socket created on IP: '::'.
2026-03-07 10:23:39 5868 [Note] c:\xampp007\mysql\bin\mysqld.exe: ready for connections.
Version: '10.1.21-MariaDB'  socket: ''  port: 3306  mariadb.org binary distribution
2026-03-07 10:47:18 16344 [Note] InnoDB: Online DDL : Start
2026-03-07 10:47:18 16344 [Note] InnoDB: Online DDL : Start reading clustered index of the table and create temporary files
2026-03-07 10:47:18 16344 [Note] InnoDB: Online DDL : End of reading clustered index of the table and create temporary files
2026-03-07 10:47:18 16344 [Note] InnoDB: Online DDL : Completed
2026-03-07 10:53:37 16344 [Note] InnoDB: Online DDL : Start
2026-03-07 10:53:37 16344 [Note] InnoDB: Online DDL : Start reading clustered index of the table and create temporary files
2026-03-07 10:53:37 16344 [Note] InnoDB: Online DDL : End of reading clustered index of the table and create temporary files
2026-03-07 10:53:37 16344 [Note] InnoDB: Online DDL : Completed
2026-03-07 10:54:49 16344 [ERROR] Incorrect definition of table mysql.column_stats: expected column 'min_value' at position 3 to have type varbinary(255), found type varchar(255).
2026-03-07 10:54:49 16344 [ERROR] Incorrect definition of table mysql.column_stats: expected column 'max_value' at position 4 to have type varbinary(255), found type varchar(255).
2026-03-07 11:04:57 16344 [Note] InnoDB: Online DDL : Start
2026-03-07 11:04:57 16344 [Note] InnoDB: Online DDL : Start reading clustered index of the table and create temporary files
2026-03-07 11:04:57 16344 [Note] InnoDB: Online DDL : End of reading clustered index of the table and create temporary files
2026-03-07 11:04:57 16344 [Note] InnoDB: Online DDL : Completed
2026-03-07 11:06:02 16344 [ERROR] Incorrect definition of table mysql.column_stats: expected column 'min_value' at position 3 to have type varbinary(255), found type varchar(255).
2026-03-07 11:06:02 16344 [ERROR] Incorrect definition of table mysql.column_stats: expected column 'max_value' at position 4 to have type varbinary(255), found type varchar(255).
2026-03-08 13:42:16 51f8 InnoDB: Warning: Using innodb_additional_mem_pool_size is DEPRECATED. This option may be removed in future releases, together with the option innodb_use_sys_malloc and with the InnoDB's internal memory allocator.
2026-03-08 13:42:16 20984 [Note] InnoDB: innodb_empty_free_list_algorithm has been changed to legacy because of small buffer pool size. In order to use backoff, increase buffer pool at least up to 20MB.

2026-03-08 13:42:16 1f84 InnoDB: Warning: Using innodb_additional_mem_pool_size is DEPRECATED. This option may be removed in future releases, together with the option innodb_use_sys_malloc and with the InnoDB's internal memory allocator.
2026-03-08 13:42:16 8068 [Note] InnoDB: innodb_empty_free_list_algorithm has been changed to legacy because of small buffer pool size. In order to use backoff, increase buffer pool at least up to 20MB.

2026-03-08 13:42:16 20984 [Note] InnoDB: Using mutexes to ref count buffer pool pages
2026-03-08 13:42:16 20984 [Note] InnoDB: The InnoDB memory heap is disabled
2026-03-08 13:42:16 20984 [Note] InnoDB: Mutexes and rw_locks use Windows interlocked functions
2026-03-08 13:42:16 20984 [Note] InnoDB: _mm_lfence() and _mm_sfence() are used for memory barrier
2026-03-08 13:42:16 20984 [Note] InnoDB: Compressed tables use zlib 1.2.3
2026-03-08 13:42:16 20984 [Note] InnoDB: Using generic crc32 instructions
2026-03-08 13:42:16 20984 [Note] InnoDB: Initializing buffer pool, size = 16.0M
2026-03-08 13:42:16 20984 [Note] InnoDB: Completed initialization of buffer pool
2026-03-08 13:42:16 8068 [Note] InnoDB: Using mutexes to ref count buffer pool pages
2026-03-08 13:42:16 20984 [Note] InnoDB: Highest supported file format is Barracuda.
2026-03-08 13:42:16 20984 [Note] InnoDB: The log sequence numbers 1835037 and 1835037 in ibdata files do not match the log sequence number 1967597 in the ib_logfiles!
2026-03-08 13:42:16 8068 [Note] InnoDB: The InnoDB memory heap is disabled
2026-03-08 13:42:16 20984 [Note] InnoDB: Database was not shutdown normally!
2026-03-08 13:42:16 8068 [Note] InnoDB: Mutexes and rw_locks use Windows interlocked functions
2026-03-08 13:42:16 20984 [Note] InnoDB: Starting crash recovery.
2026-03-08 13:42:16 8068 [Note] InnoDB: _mm_lfence() and _mm_sfence() are used for memory barrier
2026-03-08 13:42:16 20984 [Note] InnoDB: Reading tablespace information from the .ibd files...
2026-03-08 13:42:16 8068 [Note] InnoDB: Compressed tables use zlib 1.2.3
2026-03-08 13:42:16 8068 [Note] InnoDB: Using generic crc32 instructions
2026-03-08 13:42:17 8068 [Note] InnoDB: Initializing buffer pool, size = 16.0M
2026-03-08 13:42:17 8068 [Note] InnoDB: Completed initialization of buffer pool
2026-03-08 13:42:17 20984 [Note] InnoDB: Restoring possible half-written data pages 
2026-03-08 13:42:17 20984 [Note] InnoDB: from the doublewrite buffer...
2026-03-08 13:42:17 8068 [ERROR] InnoDB: C:\xampp007\mysql\data\ibdata1 can't be opened in read-write mode
2026-03-08 13:42:17 8068 [ERROR] InnoDB: The system tablespace must be writable!
2026-03-08 13:42:17 8068 [ERROR] Plugin 'InnoDB' init function returned error.
2026-03-08 13:42:17 8068 [ERROR] Plugin 'InnoDB' registration as a STORAGE ENGINE failed.
2026-03-08 13:42:17 8068 [Note] Plugin 'FEEDBACK' is disabled.
2026-03-08 13:42:17 8068 [ERROR] Unknown/unsupported storage engine: InnoDB
2026-03-08 13:42:17 8068 [ERROR] Aborting

2026-03-08 13:42:17 20984 [Note] InnoDB: 128 rollback segment(s) are active.
2026-03-08 13:42:17 20984 [Note] InnoDB: Waiting for purge to start
2026-03-08 13:42:17 20984 [Note] InnoDB:  Percona XtraDB (http://www.percona.com) 5.6.34-79.1 started; log sequence number 1967597
2026-03-08 13:42:17 6944 [Note] InnoDB: Dumping buffer pool(s) not yet started
2026-03-08 13:42:17 20984 [Note] Plugin 'FEEDBACK' is disabled.
2026-03-08 13:42:17 20984 [Note] Server socket created on IP: '::'.
2026-03-08 13:42:17 20984 [Note] c:\xampp007\mysql\bin\mysqld.exe: ready for connections.
Version: '10.1.21-MariaDB'  socket: ''  port: 3306  mariadb.org binary distribution
2026-03-08 13:53:13 11120 [Note] InnoDB: Online DDL : Start
2026-03-08 13:53:13 11120 [Note] InnoDB: Online DDL : Start reading clustered index of the table and create temporary files
2026-03-08 13:53:13 11120 [Note] InnoDB: Online DDL : End of reading clustered index of the table and create temporary files
2026-03-08 13:53:13 11120 [Note] InnoDB: Online DDL : Completed
2026-03-08 13:56:30 11120 [Note] InnoDB: Online DDL : Start
2026-03-08 13:56:30 11120 [Note] InnoDB: Online DDL : Start reading clustered index of the table and create temporary files
2026-03-08 13:56:30 11120 [Note] InnoDB: Online DDL : End of reading clustered index of the table and create temporary files
2026-03-08 13:56:30 11120 [Note] InnoDB: Online DDL : Completed
2026-03-08 13:56:54 11120 [ERROR] Incorrect definition of table mysql.column_stats: expected column 'min_value' at position 3 to have type varbinary(255), found type varchar(255).
2026-03-08 13:56:54 11120 [ERROR] Incorrect definition of table mysql.column_stats: expected column 'max_value' at position 4 to have type varbinary(255), found type varchar(255).
2026-03-08 14:00:16 11120 [Note] InnoDB: Online DDL : Start
2026-03-08 14:00:16 11120 [Note] InnoDB: Online DDL : Start reading clustered index of the table and create temporary files
2026-03-08 14:00:16 11120 [Note] InnoDB: Online DDL : End of reading clustered index of the table and create temporary files
2026-03-08 14:00:16 11120 [Note] InnoDB: Online DDL : Completed
2026-03-08 14:01:02 11120 [ERROR] Incorrect definition of table mysql.column_stats: expected column 'min_value' at position 3 to have type varbinary(255), found type varchar(255).
2026-03-08 14:01:02 11120 [ERROR] Incorrect definition of table mysql.column_stats: expected column 'max_value' at position 4 to have type varbinary(255), found type varchar(255).
2026-03-09 11:23:07 40bc InnoDB: Warning: Using innodb_additional_mem_pool_size is DEPRECATED. This option may be removed in future releases, together with the option innodb_use_sys_malloc and with the InnoDB's internal memory allocator.
2026-03-09 11:23:07 16572 [Note] InnoDB: innodb_empty_free_list_algorithm has been changed to legacy because of small buffer pool size. In order to use backoff, increase buffer pool at least up to 20MB.

2026-03-09 11:23:07 16572 [Note] InnoDB: Using mutexes to ref count buffer pool pages
2026-03-09 11:23:07 16572 [Note] InnoDB: The InnoDB memory heap is disabled
2026-03-09 11:23:07 16572 [Note] InnoDB: Mutexes and rw_locks use Windows interlocked functions
2026-03-09 11:23:07 16572 [Note] InnoDB: _mm_lfence() and _mm_sfence() are used for memory barrier
2026-03-09 11:23:07 16572 [Note] InnoDB: Compressed tables use zlib 1.2.3
2026-03-09 11:23:07 16572 [Note] InnoDB: Using generic crc32 instructions
2026-03-09 11:23:07 16572 [Note] InnoDB: Initializing buffer pool, size = 16.0M
2026-03-09 11:23:07 16572 [Note] InnoDB: Completed initialization of buffer pool
2026-03-09 11:23:07 16572 [Note] InnoDB: Highest supported file format is Barracuda.
2026-03-09 11:23:07 16572 [Note] InnoDB: The log sequence numbers 1835037 and 1835037 in ibdata files do not match the log sequence number 2034293 in the ib_logfiles!
2026-03-09 11:23:07 16572 [Note] InnoDB: Database was not shutdown normally!
2026-03-09 11:23:07 16572 [Note] InnoDB: Starting crash recovery.
2026-03-09 11:23:07 16572 [Note] InnoDB: Reading tablespace information from the .ibd files...
2026-03-09 11:23:07 16572 [Note] InnoDB: Restoring possible half-written data pages 
2026-03-09 11:23:07 16572 [Note] InnoDB: from the doublewrite buffer...
2026-03-09 11:23:07 16572 [Note] InnoDB: 128 rollback segment(s) are active.
2026-03-09 11:23:07 16572 [Note] InnoDB: Waiting for purge to start
2026-03-09 11:23:07 16572 [Note] InnoDB:  Percona XtraDB (http://www.percona.com) 5.6.34-79.1 started; log sequence number 2034293
2026-03-09 11:23:07 16136 [Note] InnoDB: Dumping buffer pool(s) not yet started
2026-03-09 11:23:07 16572 [Note] Plugin 'FEEDBACK' is disabled.
2026-03-09 11:23:07 16572 [Note] Server socket created on IP: '::'.
2026-03-09 11:23:07 16572 [Note] c:\xampp007\mysql\bin\mysqld.exe: ready for connections.
Version: '10.1.21-MariaDB'  socket: ''  port: 3306  mariadb.org binary distribution
2026-03-09 11:36:54 15300 [ERROR] Incorrect definition of table mysql.column_stats: expected column 'min_value' at position 3 to have type varbinary(255), found type varchar(255).
2026-03-09 11:36:54 15300 [ERROR] Incorrect definition of table mysql.column_stats: expected column 'max_value' at position 4 to have type varbinary(255), found type varchar(255).
2026-03-09 11:43:08 15300 [ERROR] Incorrect definition of table mysql.column_stats: expected column 'min_value' at position 3 to have type varbinary(255), found type varchar(255).
2026-03-09 11:43:08 15300 [ERROR] Incorrect definition of table mysql.column_stats: expected column 'max_value' at position 4 to have type varbinary(255), found type varchar(255).
2026-03-09 11:43:08 15300 [ERROR] Incorrect definition of table mysql.column_stats: expected column 'min_value' at position 3 to have type varbinary(255), found type varchar(255).
2026-03-09 11:43:08 15300 [ERROR] Incorrect definition of table mysql.column_stats: expected column 'max_value' at position 4 to have type varbinary(255), found type varchar(255).
2026-03-09 11:43:08 15300 [ERROR] Incorrect definition of table mysql.column_stats: expected column 'min_value' at position 3 to have type varbinary(255), found type varchar(255).
2026-03-09 11:43:08 15300 [ERROR] Incorrect definition of table mysql.column_stats: expected column 'max_value' at position 4 to have type varbinary(255), found type varchar(255).
2026-03-09 12:40:06 2b50 InnoDB: Warning: Using innodb_additional_mem_pool_size is DEPRECATED. This option may be removed in future releases, together with the option innodb_use_sys_malloc and with the InnoDB's internal memory allocator.
2026-03-09 12:40:06 11088 [Note] InnoDB: innodb_empty_free_list_algorithm has been changed to legacy because of small buffer pool size. In order to use backoff, increase buffer pool at least up to 20MB.

2026-03-09 12:40:07 11088 [Note] InnoDB: Using mutexes to ref count buffer pool pages
2026-03-09 12:40:07 11088 [Note] InnoDB: The InnoDB memory heap is disabled
2026-03-09 12:40:07 11088 [Note] InnoDB: Mutexes and rw_locks use Windows interlocked functions
2026-03-09 12:40:07 11088 [Note] InnoDB: _mm_lfence() and _mm_sfence() are used for memory barrier
2026-03-09 12:40:07 11088 [Note] InnoDB: Compressed tables use zlib 1.2.3
2026-03-09 12:40:07 11088 [Note] InnoDB: Using generic crc32 instructions
2026-03-09 12:40:07 11088 [Note] InnoDB: Initializing buffer pool, size = 16.0M
2026-03-09 12:40:07 11088 [Note] InnoDB: Completed initialization of buffer pool
2026-03-09 12:40:07 11088 [Note] InnoDB: Highest supported file format is Barracuda.
2026-03-09 12:40:07 11088 [Note] InnoDB: The log sequence numbers 1835037 and 1835037 in ibdata files do not match the log sequence number 2044979 in the ib_logfiles!
2026-03-09 12:40:07 11088 [Note] InnoDB: Database was not shutdown normally!
2026-03-09 12:40:07 11088 [Note] InnoDB: Starting crash recovery.
2026-03-09 12:40:07 11088 [Note] InnoDB: Reading tablespace information from the .ibd files...
2026-03-09 12:40:07 11088 [Note] InnoDB: Restoring possible half-written data pages 
2026-03-09 12:40:07 11088 [Note] InnoDB: from the doublewrite buffer...
2026-03-09 12:40:07 11088 [Note] InnoDB: 128 rollback segment(s) are active.
2026-03-09 12:40:07 11088 [Note] InnoDB: Waiting for purge to start
2026-03-09 12:40:07 11088 [Note] InnoDB:  Percona XtraDB (http://www.percona.com) 5.6.34-79.1 started; log sequence number 2044979
2026-03-09 12:40:07 6156 [Note] InnoDB: Dumping buffer pool(s) not yet started
2026-03-09 12:40:07 11088 [Note] Plugin 'FEEDBACK' is disabled.
2026-03-09 12:40:07 11088 [Note] Server socket created on IP: '::'.
2026-03-09 12:40:07 11088 [Note] c:\xampp007\mysql\bin\mysqld.exe: ready for connections.
Version: '10.1.21-MariaDB'  socket: ''  port: 3306  mariadb.org binary distribution
2026-03-09 13:06:33 16dc InnoDB: Warning: Using innodb_additional_mem_pool_size is DEPRECATED. This option may be removed in future releases, together with the option innodb_use_sys_malloc and with the InnoDB's internal memory allocator.
2026-03-09 13:06:33 5852 [Note] InnoDB: innodb_empty_free_list_algorithm has been changed to legacy because of small buffer pool size. In order to use backoff, increase buffer pool at least up to 20MB.

2026-03-09 13:06:33 5852 [Note] InnoDB: Using mutexes to ref count buffer pool pages
2026-03-09 13:06:33 5852 [Note] InnoDB: The InnoDB memory heap is disabled
2026-03-09 13:06:33 5852 [Note] InnoDB: Mutexes and rw_locks use Windows interlocked functions
2026-03-09 13:06:33 5852 [Note] InnoDB: _mm_lfence() and _mm_sfence() are used for memory barrier
2026-03-09 13:06:33 5852 [Note] InnoDB: Compressed tables use zlib 1.2.3
2026-03-09 13:06:33 5852 [Note] InnoDB: Using generic crc32 instructions
2026-03-09 13:06:33 5852 [Note] InnoDB: Initializing buffer pool, size = 16.0M
2026-03-09 13:06:33 5852 [Note] InnoDB: Completed initialization of buffer pool
2026-03-09 13:06:33 5852 [Note] InnoDB: Highest supported file format is Barracuda.
2026-03-09 13:06:33 5852 [Note] InnoDB: The log sequence numbers 1835037 and 1835037 in ibdata files do not match the log sequence number 2049394 in the ib_logfiles!
2026-03-09 13:06:33 5852 [Note] InnoDB: Database was not shutdown normally!
2026-03-09 13:06:33 5852 [Note] InnoDB: Starting crash recovery.
2026-03-09 13:06:33 5852 [Note] InnoDB: Reading tablespace information from the .ibd files...
2026-03-09 13:06:33 5852 [Note] InnoDB: Restoring possible half-written data pages 
2026-03-09 13:06:33 5852 [Note] InnoDB: from the doublewrite buffer...
2026-03-09 13:06:33 5852 [Note] InnoDB: 128 rollback segment(s) are active.
2026-03-09 13:06:33 5852 [Note] InnoDB: Waiting for purge to start
2026-03-09 13:06:33 5852 [Note] InnoDB:  Percona XtraDB (http://www.percona.com) 5.6.34-79.1 started; log sequence number 2049394
2026-03-09 13:06:33 11060 [Note] InnoDB: Dumping buffer pool(s) not yet started
2026-03-09 13:06:33 5852 [Note] Plugin 'FEEDBACK' is disabled.
2026-03-09 13:06:33 5852 [Note] Server socket created on IP: '::'.
2026-03-09 13:06:33 5852 [Note] c:\xampp007\mysql\bin\mysqld.exe: ready for connections.
Version: '10.1.21-MariaDB'  socket: ''  port: 3306  mariadb.org binary distribution
2026-03-09 13:48:10 10484 [ERROR] Incorrect definition of table mysql.column_stats: expected column 'min_value' at position 3 to have type varbinary(255), found type varchar(255).
2026-03-09 13:48:10 10484 [ERROR] Incorrect definition of table mysql.column_stats: expected column 'max_value' at position 4 to have type varbinary(255), found type varchar(255).
2026-03-09 14:08:33 10484 [Note] InnoDB: Online DDL : Start
2026-03-09 14:08:33 10484 [Note] InnoDB: Online DDL : Start reading clustered index of the table and create temporary files
2026-03-09 14:08:33 10484 [Note] InnoDB: Online DDL : End of reading clustered index of the table and create temporary files
2026-03-09 14:08:33 10484 [Note] InnoDB: Online DDL : Completed
2026-03-26 19:47:41 2748 InnoDB: Warning: Using innodb_additional_mem_pool_size is DEPRECATED. This option may be removed in future releases, together with the option innodb_use_sys_malloc and with the InnoDB's internal memory allocator.
2026-03-26 19:47:41 10056 [Note] InnoDB: innodb_empty_free_list_algorithm has been changed to legacy because of small buffer pool size. In order to use backoff, increase buffer pool at least up to 20MB.

2026-03-26 19:47:41 10056 [Note] InnoDB: Using mutexes to ref count buffer pool pages
2026-03-26 19:47:41 10056 [Note] InnoDB: The InnoDB memory heap is disabled
2026-03-26 19:47:41 10056 [Note] InnoDB: Mutexes and rw_locks use Windows interlocked functions
2026-03-26 19:47:41 10056 [Note] InnoDB: _mm_lfence() and _mm_sfence() are used for memory barrier
2026-03-26 19:47:41 10056 [Note] InnoDB: Compressed tables use zlib 1.2.3
2026-03-26 19:47:41 10056 [Note] InnoDB: Using generic crc32 instructions
2026-03-26 19:47:41 10056 [Note] InnoDB: Initializing buffer pool, size = 16.0M
2026-03-26 19:47:41 10056 [Note] InnoDB: Completed initialization of buffer pool
2026-03-26 19:47:42 10056 [Note] InnoDB: Highest supported file format is Barracuda.
2026-03-26 19:47:42 10056 [Note] InnoDB: The log sequence numbers 1835037 and 1835037 in ibdata files do not match the log sequence number 2322773 in the ib_logfiles!
2026-03-26 19:47:42 10056 [Note] InnoDB: Database was not shutdown normally!
2026-03-26 19:47:42 10056 [Note] InnoDB: Starting crash recovery.
2026-03-26 19:47:42 10056 [Note] InnoDB: Reading tablespace information from the .ibd files...
2026-03-26 19:47:42 10056 [Note] InnoDB: Restoring possible half-written data pages 
2026-03-26 19:47:42 10056 [Note] InnoDB: from the doublewrite buffer...
2026-03-26 19:47:42 10056 [Note] InnoDB: 128 rollback segment(s) are active.
2026-03-26 19:47:42 10056 [Note] InnoDB: Waiting for purge to start
2026-03-26 19:47:42 10056 [Note] InnoDB:  Percona XtraDB (http://www.percona.com) 5.6.34-79.1 started; log sequence number 2322773
2026-03-26 19:47:42 1072 [Note] InnoDB: Dumping buffer pool(s) not yet started
2026-03-26 19:47:42 10056 [Note] Plugin 'FEEDBACK' is disabled.
2026-03-26 19:47:42 10056 [Note] Server socket created on IP: '::'.
2026-03-26 19:47:42 10056 [Note] c:\xampp007\mysql\bin\mysqld.exe: ready for connections.
Version: '10.1.21-MariaDB'  socket: ''  port: 3306  mariadb.org binary distribution
2026-03-28 00:51:40 268c InnoDB: Warning: Using innodb_additional_mem_pool_size is DEPRECATED. This option may be removed in future releases, together with the option innodb_use_sys_malloc and with the InnoDB's internal memory allocator.
2026-03-28  0:51:40 9868 [Note] InnoDB: innodb_empty_free_list_algorithm has been changed to legacy because of small buffer pool size. In order to use backoff, increase buffer pool at least up to 20MB.

2026-03-28  0:51:40 9868 [Note] InnoDB: Using mutexes to ref count buffer pool pages
2026-03-28  0:51:40 9868 [Note] InnoDB: The InnoDB memory heap is disabled
2026-03-28  0:51:40 9868 [Note] InnoDB: Mutexes and rw_locks use Windows interlocked functions
2026-03-28  0:51:40 9868 [Note] InnoDB: _mm_lfence() and _mm_sfence() are used for memory barrier
2026-03-28  0:51:40 9868 [Note] InnoDB: Compressed tables use zlib 1.2.3
2026-03-28  0:51:40 9868 [Note] InnoDB: Using generic crc32 instructions
2026-03-28  0:51:40 9868 [Note] InnoDB: Initializing buffer pool, size = 16.0M
2026-03-28  0:51:40 9868 [Note] InnoDB: Completed initialization of buffer pool
2026-03-28  0:51:40 9868 [Note] InnoDB: Highest supported file format is Barracuda.
2026-03-28  0:51:40 9868 [Note] InnoDB: The log sequence numbers 1835037 and 1835037 in ibdata files do not match the log sequence number 2322783 in the ib_logfiles!
2026-03-28  0:51:40 9868 [Note] InnoDB: Database was not shutdown normally!
2026-03-28  0:51:40 9868 [Note] InnoDB: Starting crash recovery.
2026-03-28  0:51:40 9868 [Note] InnoDB: Reading tablespace information from the .ibd files...
2026-03-28  0:51:40 9868 [Note] InnoDB: Restoring possible half-written data pages 
2026-03-28  0:51:40 9868 [Note] InnoDB: from the doublewrite buffer...
2026-03-28  0:51:41 9868 [Note] InnoDB: 128 rollback segment(s) are active.
2026-03-28  0:51:41 9868 [Note] InnoDB: Waiting for purge to start
2026-03-28  0:51:41 9868 [Note] InnoDB:  Percona XtraDB (http://www.percona.com) 5.6.34-79.1 started; log sequence number 2322783
2026-03-28  0:51:41 8572 [Note] InnoDB: Dumping buffer pool(s) not yet started
2026-03-28  0:51:41 9868 [Note] Plugin 'FEEDBACK' is disabled.
2026-03-28  0:51:41 9868 [Note] Server socket created on IP: '::'.
2026-03-28  0:51:41 9868 [Note] c:\xampp007\mysql\bin\mysqld.exe: ready for connections.
Version: '10.1.21-MariaDB'  socket: ''  port: 3306  mariadb.org binary distribution
2026-03-28  0:56:29 12824 [ERROR] Incorrect definition of table mysql.column_stats: expected column 'min_value' at position 3 to have type varbinary(255), found type varchar(255).
2026-03-28  0:56:29 12824 [ERROR] Incorrect definition of table mysql.column_stats: expected column 'max_value' at position 4 to have type varbinary(255), found type varchar(255).
2026-03-28  0:56:29 12824 [ERROR] Incorrect definition of table mysql.column_stats: expected column 'min_value' at position 3 to have type varbinary(255), found type varchar(255).
2026-03-28  0:56:29 12824 [ERROR] Incorrect definition of table mysql.column_stats: expected column 'max_value' at position 4 to have type varbinary(255), found type varchar(255).
2026-03-28  0:56:29 12824 [ERROR] Incorrect definition of table mysql.column_stats: expected column 'min_value' at position 3 to have type varbinary(255), found type varchar(255).
2026-03-28  0:56:29 12824 [ERROR] Incorrect definition of table mysql.column_stats: expected column 'max_value' at position 4 to have type varbinary(255), found type varchar(255).
2026-03-28  0:56:29 12824 [ERROR] Incorrect definition of table mysql.column_stats: expected column 'min_value' at position 3 to have type varbinary(255), found type varchar(255).
2026-03-28  0:56:29 12824 [ERROR] Incorrect definition of table mysql.column_stats: expected column 'max_value' at position 4 to have type varbinary(255), found type varchar(255).
2026-03-28  0:56:29 12824 [ERROR] Incorrect definition of table mysql.column_stats: expected column 'min_value' at position 3 to have type varbinary(255), found type varchar(255).
2026-03-28  0:56:29 12824 [ERROR] Incorrect definition of table mysql.column_stats: expected column 'max_value' at position 4 to have type varbinary(255), found type varchar(255).
2026-03-28  0:56:29 12824 [ERROR] Incorrect definition of table mysql.column_stats: expected column 'min_value' at position 3 to have type varbinary(255), found type varchar(255).
2026-03-28  0:56:29 12824 [ERROR] Incorrect definition of table mysql.column_stats: expected column 'max_value' at position 4 to have type varbinary(255), found type varchar(255).
2026-03-28  0:56:29 12824 [ERROR] Incorrect definition of table mysql.column_stats: expected column 'min_value' at position 3 to have type varbinary(255), found type varchar(255).
2026-03-28  0:56:29 12824 [ERROR] Incorrect definition of table mysql.column_stats: expected column 'max_value' at position 4 to have type varbinary(255), found type varchar(255).
2026-03-28  2:20:43 12824 [Note] InnoDB: Online DDL : Start
2026-03-28  2:20:43 12824 [Note] InnoDB: Online DDL : Start reading clustered index of the table and create temporary files
2026-03-28  2:20:43 12824 [Note] InnoDB: Online DDL : End of reading clustered index of the table and create temporary files
2026-03-28  2:20:43 12824 [Note] InnoDB: Online DDL : Completed
2026-03-28  2:28:08 12824 [Note] InnoDB: Online DDL : Start
2026-03-28  2:28:08 12824 [Note] InnoDB: Online DDL : Start reading clustered index of the table and create temporary files
2026-03-28  2:28:08 12824 [Note] InnoDB: Online DDL : End of reading clustered index of the table and create temporary files
2026-03-28  2:28:08 12824 [Note] InnoDB: Online DDL : Completed
2026-03-28  2:31:27 12824 [Note] InnoDB: Online DDL : Start
2026-03-28  2:31:27 12824 [Note] InnoDB: Online DDL : Start reading clustered index of the table and create temporary files
2026-03-28  2:31:27 12824 [Note] InnoDB: Online DDL : End of reading clustered index of the table and create temporary files
2026-03-28  2:31:27 12824 [Note] InnoDB: Online DDL : Completed
2026-03-28  2:40:07 12824 [Note] InnoDB: Online DDL : Start
2026-03-28  2:40:07 12824 [Note] InnoDB: Online DDL : Start reading clustered index of the table and create temporary files
2026-03-28  2:40:07 12824 [Note] InnoDB: Online DDL : End of reading clustered index of the table and create temporary files
2026-03-28  2:40:07 12824 [Note] InnoDB: Online DDL : Completed
2026-03-28  2:45:38 12824 [Note] InnoDB: Online DDL : Start
2026-03-28  2:45:38 12824 [Note] InnoDB: Online DDL : Start reading clustered index of the table and create temporary files
2026-03-28  2:45:38 12824 [Note] InnoDB: Online DDL : End of reading clustered index of the table and create temporary files
2026-03-28  2:45:38 12824 [Note] InnoDB: Online DDL : Completed
2026-03-28  2:48:07 12824 [Note] InnoDB: Online DDL : Start
2026-03-28  2:48:07 12824 [Note] InnoDB: Online DDL : Start reading clustered index of the table and create temporary files
2026-03-28  2:48:07 12824 [Note] InnoDB: Online DDL : End of reading clustered index of the table and create temporary files
2026-03-28  2:48:07 12824 [Note] InnoDB: Online DDL : Completed
2026-03-28  2:49:53 12824 [Note] InnoDB: Online DDL : Start
2026-03-28  2:49:53 12824 [Note] InnoDB: Online DDL : Start reading clustered index of the table and create temporary files
2026-03-28  2:49:53 12824 [Note] InnoDB: Online DDL : End of reading clustered index of the table and create temporary files
2026-03-28  2:49:53 12824 [Note] InnoDB: Online DDL : Completed
2026-03-28  2:53:02 12824 [Note] InnoDB: Online DDL : Start
2026-03-28  2:53:02 12824 [Note] InnoDB: Online DDL : Start reading clustered index of the table and create temporary files
2026-03-28  2:53:02 12824 [Note] InnoDB: Online DDL : End of reading clustered index of the table and create temporary files
2026-03-28  2:53:02 12824 [Note] InnoDB: Online DDL : Completed
2026-03-28  2:55:40 12824 [Note] InnoDB: Online DDL : Start
2026-03-28  2:55:40 12824 [Note] InnoDB: Online DDL : Start reading clustered index of the table and create temporary files
2026-03-28  2:55:40 12824 [Note] InnoDB: Online DDL : End of reading clustered index of the table and create temporary files
2026-03-28  2:55:40 12824 [Note] InnoDB: Online DDL : Completed
2026-03-28  2:59:27 12824 [Note] InnoDB: Online DDL : Start
2026-03-28  2:59:27 12824 [Note] InnoDB: Online DDL : Start reading clustered index of the table and create temporary files
2026-03-28  2:59:27 12824 [Note] InnoDB: Online DDL : End of reading clustered index of the table and create temporary files
2026-03-28  2:59:27 12824 [Note] InnoDB: Online DDL : Completed
2026-03-28  3:01:03 12824 [Note] InnoDB: Online DDL : Start
2026-03-28  3:01:03 12824 [Note] InnoDB: Online DDL : Start reading clustered index of the table and create temporary files
2026-03-28  3:01:03 12824 [Note] InnoDB: Online DDL : End of reading clustered index of the table and create temporary files
2026-03-28  3:01:03 12824 [Note] InnoDB: Online DDL : Completed
2026-03-28  3:04:40 12824 [Note] InnoDB: Online DDL : Start
2026-03-28  3:04:40 12824 [Note] InnoDB: Online DDL : Start reading clustered index of the table and create temporary files
2026-03-28  3:04:40 12824 [Note] InnoDB: Online DDL : End of reading clustered index of the table and create temporary files
2026-03-28  3:04:40 12824 [Note] InnoDB: Online DDL : Completed
2026-03-28  3:08:29 12824 [Note] InnoDB: Online DDL : Start
2026-03-28  3:08:29 12824 [Note] InnoDB: Online DDL : Start reading clustered index of the table and create temporary files
2026-03-28  3:08:29 12824 [Note] InnoDB: Online DDL : End of reading clustered index of the table and create temporary files
2026-03-28  3:08:29 12824 [Note] InnoDB: Online DDL : Completed
2026-03-28  3:11:10 12824 [Note] InnoDB: Online DDL : Start
2026-03-28  3:11:10 12824 [Note] InnoDB: Online DDL : Start reading clustered index of the table and create temporary files
2026-03-28  3:11:10 12824 [Note] InnoDB: Online DDL : End of reading clustered index of the table and create temporary files
2026-03-28  3:11:10 12824 [Note] InnoDB: Online DDL : Completed
2026-03-28  3:16:58 12824 [Note] InnoDB: Online DDL : Start
2026-03-28  3:16:58 12824 [Note] InnoDB: Online DDL : Start reading clustered index of the table and create temporary files
2026-03-28  3:16:58 12824 [Note] InnoDB: Online DDL : End of reading clustered index of the table and create temporary files
2026-03-28  3:16:58 12824 [Note] InnoDB: Online DDL : Completed
2026-03-28  3:17:47 12824 [Note] InnoDB: Online DDL : Start
2026-03-28  3:17:47 12824 [Note] InnoDB: Online DDL : Start reading clustered index of the table and create temporary files
2026-03-28  3:17:47 12824 [Note] InnoDB: Online DDL : End of reading clustered index of the table and create temporary files
2026-03-28  3:17:47 12824 [Note] InnoDB: Online DDL : Completed
2026-03-30 13:02:11 308c InnoDB: Warning: Using innodb_additional_mem_pool_size is DEPRECATED. This option may be removed in future releases, together with the option innodb_use_sys_malloc and with the InnoDB's internal memory allocator.
2026-03-30 13:02:11 12428 [Note] InnoDB: innodb_empty_free_list_algorithm has been changed to legacy because of small buffer pool size. In order to use backoff, increase buffer pool at least up to 20MB.

2026-03-30 13:02:11 1844 InnoDB: Warning: Using innodb_additional_mem_pool_size is DEPRECATED. This option may be removed in future releases, together with the option innodb_use_sys_malloc and with the InnoDB's internal memory allocator.
2026-03-30 13:02:11 6212 [Note] InnoDB: innodb_empty_free_list_algorithm has been changed to legacy because of small buffer pool size. In order to use backoff, increase buffer pool at least up to 20MB.

2026-03-30 13:02:11 12428 [Note] InnoDB: Using mutexes to ref count buffer pool pages
2026-03-30 13:02:11 12428 [Note] InnoDB: The InnoDB memory heap is disabled
2026-03-30 13:02:11 12428 [Note] InnoDB: Mutexes and rw_locks use Windows interlocked functions
2026-03-30 13:02:11 12428 [Note] InnoDB: _mm_lfence() and _mm_sfence() are used for memory barrier
2026-03-30 13:02:11 12428 [Note] InnoDB: Compressed tables use zlib 1.2.3
2026-03-30 13:02:11 12428 [Note] InnoDB: Using generic crc32 instructions
2026-03-30 13:02:11 12428 [Note] InnoDB: Initializing buffer pool, size = 16.0M
2026-03-30 13:02:11 12428 [Note] InnoDB: Completed initialization of buffer pool
2026-03-30 13:02:11 6212 [Note] InnoDB: Using mutexes to ref count buffer pool pages
2026-03-30 13:02:11 6212 [Note2]0 2I6n-n0o3D-B3:0  T1h3e: 0I2n:n1o1D B1 2m4e2m8 [Note] InnoDB:o Highest rsyu phpeoarted file format is Barracuda.
p is disabled
2026-03-30 13:02:11 6212 [Note] InnoDB: Mutexes and rw_locks use Windows interlocked functions
2026-03-30 13:02:11 6212 [Note] InnoDB: _mm_lfence() and _mm_sfence() 2a0r2e6 -use0d3- 3f0o r1 3m:e0m2o:r1y1  b1a2r4r2i8e r[
Note] InnoDB: The log sequence numbers 1835037 and 1835037 in ibdata files do not match the log sequence number 3274176 in the ib_logfiles2!
026-03-30 13:02:11 6212 [Note] InnoDB: Compressed tables use zlib 1.2.3
2026-03-30 13:02:11 12428 [Note] InnoDB: Database was not shutdown normally!
2026-03-30 13:02:11 6212 [Note] InnoDB: Using generic crc32 2i0n2s6t-r0u3c-t3ion0s 
13:02:11 12428 [Note] InnoDB: Starting crash recovery.
2026-03-30 13:02:11 12428 [Note] InnoDB: Reading tablespace information from the .ibd files...
2026-03-30 13:02:11 6212 [Note] InnoDB: Initializing buffer pool, size = 16.0M
2026-03-30 13:02:11 6212 [Note] InnoDB: Completed initialization of buffer pool
2026-03-30 13:02:11 6212 [ERROR] InnoDB: C:\xampp007\mysql\data\ibdata1 can't be opened in read-write mode
2026-03-30 13:02:11 6212 [ERROR] InnoDB: The system tablespace must be writable!
2026-03-30 13:02:11 12428 [Note] InnoDB: Restoring 2p0oss2i6b-0l3-e3 0h a1l3f:-0w2r:i1t1t e6n2 1d2a t[aE RpRaOgRe]s  P
lugin 'InnoDB' init function returned error.
2026-03-30 13:02:112 01226428- 0[N3o-t3e0]  1I3n:02n:o11D 6B2:1 2 f[rERoRmOR ]t Phlueg idno 'uInbnolDeBw' rriegtisetr abtiuofnf ears. .a. S
TORAGE ENGINE failed.
2026-03-30 13:02:11 6212 [Note] Plugin 'FEEDBACK' is disabled.
2026-03-30 13:02:11 6212 [ERROR] Unknown/unsupported storage engine: InnoDB
2026-03-30 13:02:11 6212 [ERROR] Aborting

2026-03-30 13:02:12 12428 [Note] InnoDB: 128 rollback segment(s) are active.
2026-03-30 13:02:12 12428 [Note] InnoDB: Waiting for purge to start
2026-03-30 13:02:12 12428 [Note] InnoDB:  Percona XtraDB (http://www.percona.com) 5.6.34-79.1 started; log sequence number 3274176
2026-03-30 13:02:12 22392 [Note] InnoDB: Dumping buffer pool(s) not yet started
2026-03-30 13:02:12 12428 [Note] Plugin 'FEEDBACK' is disabled.
2026-03-30 13:02:12 12428 [Note] Server socket created on IP: '::'.
2026-03-30 13:02:12 12428 [Note] c:\xampp007\mysql\bin\mysqld.exe: ready for connections.
Version: '10.1.21-MariaDB'  socket: ''  port: 3306  mariadb.org binary distribution
2026-04-01 02:12:19 3d44 InnoDB: Warning: Using innodb_additional_mem_pool_size is DEPRECATED. This option may be removed in future releases, together with the option innodb_use_sys_malloc and with the InnoDB's internal memory allocator.
2026-04-01  2:12:19 15684 [Note] InnoDB: innodb_empty_free_list_algorithm has been changed to legacy because of small buffer pool size. In order to use backoff, increase buffer pool at least up to 20MB.

2026-04-01  2:12:19 15684 [Note] InnoDB: Using mutexes to ref count buffer pool pages
2026-04-01  2:12:19 15684 [Note] InnoDB: The InnoDB memory heap is disabled
2026-04-01  2:12:19 15684 [Note] InnoDB: Mutexes and rw_locks use Windows interlocked functions
2026-04-01  2:12:19 15684 [Note] InnoDB: _mm_lfence() and _mm_sfence() are used for memory barrier
2026-04-01  2:12:19 15684 [Note] InnoDB: Compressed tables use zlib 1.2.3
2026-04-01  2:12:19 15684 [Note] InnoDB: Using generic crc32 instructions
2026-04-01  2:12:19 15684 [Note] InnoDB: Initializing buffer pool, size = 16.0M
2026-04-01  2:12:19 15684 [Note] InnoDB: Completed initialization of buffer pool
2026-04-01  2:12:19 15684 [Note] InnoDB: Highest supported file format is Barracuda.
2026-04-01  2:12:19 15684 [Note] InnoDB: The log sequence numbers 1835037 and 1835037 in ibdata files do not match the log sequence number 3274186 in the ib_logfiles!
2026-04-01  2:12:19 15684 [Note] InnoDB: Database was not shutdown normally!
2026-04-01  2:12:19 15684 [Note] InnoDB: Starting crash recovery.
2026-04-01  2:12:19 15684 [Note] InnoDB: Reading tablespace information from the .ibd files...
2026-04-01  2:12:19 15684 [Note] InnoDB: Restoring possible half-written data pages 
2026-04-01  2:12:19 15684 [Note] InnoDB: from the doublewrite buffer...
2026-04-01  2:12:19 15684 [Note] InnoDB: 128 rollback segment(s) are active.
2026-04-01  2:12:19 15684 [Note] InnoDB: Waiting for purge to start
2026-04-01  2:12:19 15684 [Note] InnoDB:  Percona XtraDB (http://www.percona.com) 5.6.34-79.1 started; log sequence number 3274186
2026-04-01  2:12:19 21324 [Note] InnoDB: Dumping buffer pool(s) not yet started
2026-04-01  2:12:19 15684 [Note] Plugin 'FEEDBACK' is disabled.
2026-04-01  2:12:19 15684 [Note] Server socket created on IP: '::'.
2026-04-01  2:12:19 15684 [Note] c:\xampp007\mysql\bin\mysqld.exe: ready for connections.
Version: '10.1.21-MariaDB'  socket: ''  port: 3306  mariadb.org binary distribution
2026-04-02 10:35:32 12264 In0n2o6D-B:0 4W-a0r2ni n1g0:: 3U5s:i3n2g  4i1n8n0od bI_nandodDiBt:i oWnaarln_imnegm:_ pUosoiln_gs iiznen oidsb _DaEdPdRiEtioCnAaTlE_mDe.m T_hipso ooplt_isoni zmaey  bies r eDmEoPvReEd CiAnT fEuD.t uTrhei sr eolpeatsieosn m,ay  bteo gertehmeorve d with thei no pftuitounr ei nrneoldeba_suesse,_ stoygset_hmera llwoict ha ntdh ew iotpht itohne  iInnnondoDbB_'uss ei_nstyes_marlnlaolc  maenmdo rwiyt ha ltlhoec aItnonro.D
B's2 0i26-04n-0t2e r1n0a:l3 5m:e32m 4o7r08y [ Naoltloeca] InnoDB: tionrn.o
db2_0e2m6p-t0y4_-f0r2e e_list_algo1rith0m :ha3s5 :be3e2n  ch1a6ng7e6d8 t o[ Nleogatcye ]b eIcnanuosDeB : oinfn osdmba_lelmp tbyu_fffreere _ploioslt_ algorsiitzhem.  hIna sor der tbeoe nu se bacchkaonfgfe, idnc retasoe  bleguacfy fbeecarus e poofo ls maatl ll ebausftf eurp  ptooo l2 0sMiBz.e
.
 In order to use backoff, increase buffer pool at least up to 20MB.

2026-04-02 10:35:34 49c8 InnoDB: Warning: Using innodb_additional_mem_pool_size is DEPRECATED. This option may be removed in future releases, together with the option innodb_use_sys_malloc and with the InnoDB's internal memory allocator.
2026-04-02 10:35:34 18888 [Note] InnoDB: innodb_empty_free_list_algorithm has been changed to legacy because of small buffer pool size. In order to use backoff, increase buffer pool at least up to 20MB.

2026-04-02 10:35:34 18888 [Note] InnoDB: Using mutexes to ref count buffer pool pages
2026-04-02 10:35:34 18888 [Note] InnoDB: The InnoDB memory heap is disabled
2026-04-02 10:35:34 18888 [Note] InnoDB: Mutexes and rw_locks use Windows interlocked functions
2026-04-02 10:35:34 18888 [Note] InnoDB: _mm_lfence() and _mm_sfence() are used for memory barrier
2026-04-02 10:35:34 18888 [Note] InnoDB: Compressed tables use zlib 1.2.3
2026-04-02 10:35:34 18888 [Note] InnoDB: Using generic crc32 instructions
2026-04-02 10:35:34 18888 [Note] InnoDB: Initializing buffer pool, size = 16.0M
2026-04-02 10:35:34 18888 [Note] InnoDB: Completed initialization of buffer pool
2026-04-02 10:35:34 18888 [Note] InnoDB: Highest supported file format is Barracuda.
2026-04-02 10:35:34 18888 [Note] InnoDB: The log sequence numbers 1835037 and 1835037 in ibdata files do not match the log sequence number 3274196 in the ib_logfiles!
2026-04-02 10:35:34 18888 [Note] InnoDB: Database was not shutdown normally!
2026-04-02 10:35:34 18888 [Note] InnoDB: Starting crash recovery.
2026-04-02 10:35:34 18888 [Note] InnoDB: Reading tablespace information from the .ibd files...
2026-04-02 10:35:34 18888 [Note] InnoDB: Restoring possible half-written data pages 
2026-04-02 10:35:34 18888 [Note] InnoDB: from the doublewrite buffer...
2026-04-02 10:35:34 18888 [Note] InnoDB: 128 rollback segment(s) are active.
2026-04-02 10:35:34 18888 [Note] InnoDB: Waiting for purge to start
2026-04-02 10:35:34 18888 [Note] InnoDB:  Percona XtraDB (http://www.percona.com) 5.6.34-79.1 started; log sequence number 3274196
2026-04-02 10:35:34 2864 [Note] InnoDB: Dumping buffer pool(s) not yet started
2026-04-02 10:35:34 18888 [Note] Plugin 'FEEDBACK' is disabled.
2026-04-02 10:35:34 18888 [Note] Server socket created on IP: '::'.
2026-04-02 10:35:34 18888 [Note] c:\xampp007\mysql\bin\mysqld.exe: ready for connections.
Version: '10.1.21-MariaDB'  socket: ''  port: 3306  mariadb.org binary distribution
2026-04-02 12:46:07 56c InnoDB: Warning: Using innodb_additional_mem_pool_size is DEPRECATED. This option may be removed in future releases, together with the option innodb_use_sys_malloc and with the InnoDB's internal memory allocator.
2026-04-02 12:46:07 1388 [Note] InnoDB: innodb_empty_free_list_algorithm has been changed to legacy because of small buffer pool size. In order to use backoff, increase buffer pool at least up to 20MB.

2026-04-02 12:46:07 1388 [Note] InnoDB: Using mutexes to ref count buffer pool pages
2026-04-02 12:46:07 1388 [Note] InnoDB: The InnoDB memory heap is disabled
2026-04-02 12:46:07 1388 [Note] InnoDB: Mutexes and rw_locks use Windows interlocked functions
2026-04-02 12:46:07 1388 [Note] InnoDB: _mm_lfence() and _mm_sfence() are used for memory barrier
2026-04-02 12:46:07 1388 [Note] InnoDB: Compressed tables use zlib 1.2.3
2026-04-02 12:46:07 1388 [Note] InnoDB: Using generic crc32 instructions
2026-04-02 12:46:07 1388 [Note] InnoDB: Initializing buffer pool, size = 16.0M
2026-04-02 12:46:07 1388 [Note] InnoDB: Completed initialization of buffer pool
2026-04-02 12:46:07 1388 [Note] InnoDB: Highest supported file format is Barracuda.
2026-04-02 12:46:07 1388 [Note] InnoDB: The log sequence numbers 1835037 and 1835037 in ibdata files do not match the log sequence number 3282803 in the ib_logfiles!
2026-04-02 12:46:07 1388 [Note] InnoDB: Database was not shutdown normally!
2026-04-02 12:46:07 1388 [Note] InnoDB: Starting crash recovery.
2026-04-02 12:46:07 1388 [Note] InnoDB: Reading tablespace information from the .ibd files...
2026-04-02 12:46:07 1388 [Note] InnoDB: Restoring possible half-written data pages 
2026-04-02 12:46:07 1388 [Note] InnoDB: from the doublewrite buffer...
2026-04-02 12:46:08 1388 [Note] InnoDB: 128 rollback segment(s) are active.
2026-04-02 12:46:08 1388 [Note] InnoDB: Waiting for purge to start
2026-04-02 12:46:08 1388 [Note] InnoDB:  Percona XtraDB (http://www.percona.com) 5.6.34-79.1 started; log sequence number 3282803
2026-04-02 12:46:08 1632 [Note] InnoDB: Dumping buffer pool(s) not yet started
2026-04-02 12:46:08 1388 [Note] Plugin 'FEEDBACK' is disabled.
2026-04-02 12:46:08 1388 [Note] Server socket created on IP: '::'.
2026-04-02 12:46:08 1388 [Note] c:\xampp007\mysql\bin\mysqld.exe: ready for connections.
Version: '10.1.21-MariaDB'  socket: ''  port: 3306  mariadb.org binary distribution
2026-04-05 12:47:55 3e78 InnoDB: Warning: Using innodb_additional_mem_pool_size is DEPRECATED. This option may be removed in future releases, together with the option innodb_use_sys_malloc and with the InnoDB's internal memory allocator.
2026-04-05 12:47:55 15992 [Note] InnoDB: innodb_empty_free_list_algorithm has been changed to legacy because of small buffer pool size. In order to use backoff, increase buffer pool at least up to 20MB.

2026-04-05 12:47:55 4064 InnoDB: Warning: Using innodb_additional_mem_pool_size is DEPRECATED. This option may be removed in future releases, together with the option innodb_use_sys_malloc and with the InnoDB's internal memory allocator.
2026-04-05 12:47:55 16484 [Note] InnoDB: innodb_empty_free_list_algorithm has been changed to legacy because of small buffer pool size. In order to use backoff, increase buffer pool at least up to 20MB.

2202062-60-40-40-50 51 212::4477::5555  161458949 2[ N[oNtoet]e ]I nInonDnBo:D BU:s iUsnign gm umtuetxeexse st ot or erfe fc ocuonutn tb ubfuffefre rp opoolo l ppagaegse
s
220260-2064--0045- 0152 :4172::4575: 5156 418549 9[2N o[tNeo]t e] InnInnoDB: The InnoDB memory heap is disabloeDdB
: The InnoDB memory heap is disabled
2026-04-05 12:47:55 16484 [Note] InnoDB: Mu2t0e2xe6s- 0a4nd- r0w5_ 1l2o:c4k7s: 5u5s e1 5W9i9n2d o[wNso tien]t eIrnlnoocDkBe:d  Mfuutnecxteiso nasn
d rw_locks use Windows interlocked functions
2026-04-05 12:47:55 16484 [2N0o2t6e-]0 4I-05 12:47:55n n1o5D9B9:2  _[mNomt_lfeen]c eI(n)n oaDnBd:  __mmmm__slffeennccee(())  aarned  u_smemd_ sffoern cmee(m)o rayr eb aursreide rf
or memory barrier
202260-2064--0045- 0152 :1427::4575: 5156 418549 9[2N o[tNeo]t eI]n noInnoDB: CDoBm:pr esCsoemdp rteasbsleeds  utsaeb lzelisb  u1s.e2 .z3l
ib 1.2.3
2026-04-20052 16-042-:4075: 5152 :14674:8545  [1No5te9] 9I2n n[oNDoB:t eUs] iInngn ogDeBn:e rUisci ncgr cg3e2n eirnisct rcurcct3i2o nisn
structions
2026-04-05 12:47:55 16484 [Note] InnoDB: Initializing buffer pool, size = 16.0M
2026-04-05 12:47:55 15992 [Note] InnoDB: Initializing buffer pool, size = 16.0M
2026-04-05 12:47:55 16484 [Note] InnoDB: Completed initialization of buffer pool
2026-04-05 12:47:55 15992 [Note] InnoDB: Completed initialization of buffer pool
2026-04-05 12:47:55 3e78  InnoDB: Operating system error number 32 in a file operation.
InnoDB: The error means that another program is using InnoDB's files.
InnoDB: This might be a backup or antivirus software or another instance
InnoDB: of MySQL. Please close it to get rid of this error.
2026-04-05 12:47:55 16484 [Note] InnoDB: Highest supported file format is Barracuda.
2026-04-05 12:47:55 16484 [Note] InnoDB: The log sequence numbers 1835037 and 1835037 in ibdata files do not match the log sequence number 3283299 in the ib_logfiles!
2026-04-05 12:47:55 16484 [Note] InnoDB: Database was not shutdown normally!
2026-04-05 12:47:55 16484 [Note] InnoDB: Starting crash recovery.
2026-04-05 12:47:55 16484 [Note] InnoDB: Reading tablespace information from the .ibd files...
2026-04-05 12:47:55 16484 [Note] InnoDB: Restoring possible half-written data pages 
2026-04-05 12:47:55 16484 [Note] InnoDB: from the doublewrite buffer...
2026-04-05 12:47:56 16484 [Note] InnoDB: 128 rollback segment(s) are active.
2026-04-05 12:47:56 16484 [Note] InnoDB: Waiting for purge to start
2026-04-05 12:47:56 16484 [Note] InnoDB:  Percona XtraDB (http://www.percona.com) 5.6.34-79.1 started; log sequence number 3283299
2026-04-05 12:47:56 17108 [Note] InnoDB: Dumping buffer pool(s) not yet started
2026-04-05 12:47:56 16484 [Note] Plugin 'FEEDBACK' is disabled.
2026-04-05 12:47:56 16484 [Note] Server socket created on IP: '::'.
2026-04-05 12:47:56 16484 [Note] c:\xampp007\mysql\bin\mysqld.exe: ready for connections.
Version: '10.1.21-MariaDB'  socket: ''  port: 3306  mariadb.org binary distribution
2026-04-05 12:48:05 3e78  InnoDB: Operating system error number 32 in a file operation.
InnoDB: The error means that another program is using InnoDB's files.
InnoDB: This might be a backup or antivirus software or another instance
InnoDB: of MySQL. Please close it to get rid of this error.
2026-04-05 12:48:15 3e78  InnoDB: Operating system error number 32 in a file operation.
InnoDB: The error means that another program is using InnoDB's files.
InnoDB: This might be a backup or antivirus software or another instance
InnoDB: of MySQL. Please close it to get rid of this error.
2026-04-05 12:48:25 3e78  InnoDB: Operating system error number 32 in a file operation.
InnoDB: The error means that another program is using InnoDB's files.
InnoDB: This might be a backup or antivirus software or another instance
InnoDB: of MySQL. Please close it to get rid of this error.
2026-04-05 12:48:35 3e78  InnoDB: Operating system error number 32 in a file operation.
InnoDB: The error means that another program is using InnoDB's files.
InnoDB: This might be a backup or antivirus software or another instance
InnoDB: of MySQL. Please close it to get rid of this error.
2026-04-05 12:48:45 3e78  InnoDB: Operating system error number 32 in a file operation.
InnoDB: The error means that another program is using InnoDB's files.
InnoDB: This might be a backup or antivirus software or another instance
InnoDB: of MySQL. Please close it to get rid of this error.
2026-04-05 12:48:55 3e78  InnoDB: Operating system error number 32 in a file operation.
InnoDB: The error means that another program is using InnoDB's files.
InnoDB: This might be a backup or antivirus software or another instance
InnoDB: of MySQL. Please close it to get rid of this error.
2026-04-05 12:49:05 3e78  InnoDB: Operating system error number 32 in a file operation.
InnoDB: The error means that another program is using InnoDB's files.
InnoDB: This might be a backup or antivirus software or another instance
InnoDB: of MySQL. Please close it to get rid of this error.
2026-04-05 12:49:15 3e78  InnoDB: Operating system error number 32 in a file operation.
InnoDB: The error means that another program is using InnoDB's files.
InnoDB: This might be a backup or antivirus software or another instance
InnoDB: of MySQL. Please close it to get rid of this error.
2026-04-05 12:49:25 3e78  InnoDB: Operating system error number 32 in a file operation.
InnoDB: The error means that another program is using InnoDB's files.
InnoDB: This might be a backup or antivirus software or another instance
InnoDB: of MySQL. Please close it to get rid of this error.
2026-04-05 12:49:35 3e78  InnoDB: Operating system error number 32 in a file operation.
InnoDB: The error means that another program is using InnoDB's files.
InnoDB: This might be a backup or antivirus software or another instance
InnoDB: of MySQL. Please close it to get rid of this error.
2026-04-05 12:49:46 3e78  InnoDB: Operating system error number 32 in a file operation.
InnoDB: The error means that another program is using InnoDB's files.
InnoDB: This might be a backup or antivirus software or another instance
InnoDB: of MySQL. Please close it to get rid of this error.
2026-04-05 12:49:56 3e78  InnoDB: Operating system error number 32 in a file operation.
InnoDB: The error means that another program is using InnoDB's files.
InnoDB: This might be a backup or antivirus software or another instance
InnoDB: of MySQL. Please close it to get rid of this error.
2026-04-05 12:50:06 3e78  InnoDB: Operating system error number 32 in a file operation.
InnoDB: The error means that another program is using InnoDB's files.
InnoDB: This might be a backup or antivirus software or another instance
InnoDB: of MySQL. Please close it to get rid of this error.
2026-04-05 12:50:16 3e78  InnoDB: Operating system error number 32 in a file operation.
InnoDB: The error means that another program is using InnoDB's files.
InnoDB: This might be a backup or antivirus software or another instance
InnoDB: of MySQL. Please close it to get rid of this error.
2026-04-05 12:50:26 3e78  InnoDB: Operating system error number 32 in a file operation.
InnoDB: The error means that another program is using InnoDB's files.
InnoDB: This might be a backup or antivirus software or another instance
InnoDB: of MySQL. Please close it to get rid of this error.
2026-04-05 12:50:36 3e78  InnoDB: Operating system error number 32 in a file operation.
InnoDB: The error means that another program is using InnoDB's files.
InnoDB: This might be a backup or antivirus software or another instance
InnoDB: of MySQL. Please close it to get rid of this error.
2026-04-05 12:50:46 3e78  InnoDB: Operating system error number 32 in a file operation.
InnoDB: The error means that another program is using InnoDB's files.
InnoDB: This might be a backup or antivirus software or another instance
InnoDB: of MySQL. Please close it to get rid of this error.
2026-04-05 12:50:56 3e78  InnoDB: Operating system error number 32 in a file operation.
InnoDB: The error means that another program is using InnoDB's files.
InnoDB: This might be a backup or antivirus software or another instance
InnoDB: of MySQL. Please close it to get rid of this error.
2026-04-05 12:51:06 3e78  InnoDB: Operating system error number 32 in a file operation.
InnoDB: The error means that another program is using InnoDB's files.
InnoDB: This might be a backup or antivirus software or another instance
InnoDB: of MySQL. Please close it to get rid of this error.
2026-04-05 12:51:16 3e78  InnoDB: Operating system error number 32 in a file operation.
InnoDB: The error means that another program is using InnoDB's files.
InnoDB: This might be a backup or antivirus software or another instance
InnoDB: of MySQL. Please close it to get rid of this error.
2026-04-05 12:51:26 3e78  InnoDB: Operating system error number 32 in a file operation.
InnoDB: The error means that another program is using InnoDB's files.
InnoDB: This might be a backup or antivirus software or another instance
InnoDB: of MySQL. Please close it to get rid of this error.
2026-04-05 12:51:36 3e78  InnoDB: Operating system error number 32 in a file operation.
InnoDB: The error means that another program is using InnoDB's files.
InnoDB: This might be a backup or antivirus software or another instance
InnoDB: of MySQL. Please close it to get rid of this error.
2026-04-05 12:51:46 3e78  InnoDB: Operating system error number 32 in a file operation.
InnoDB: The error means that another program is using InnoDB's files.
InnoDB: This might be a backup or antivirus software or another instance
InnoDB: of MySQL. Please close it to get rid of this error.
2026-04-05 12:51:56 3e78  InnoDB: Operating system error number 32 in a file operation.
InnoDB: The error means that another program is using InnoDB's files.
InnoDB: This might be a backup or antivirus software or another instance
InnoDB: of MySQL. Please close it to get rid of this error.
2026-04-05 12:52:06 3e78  InnoDB: Operating system error number 32 in a file operation.
InnoDB: The error means that another program is using InnoDB's files.
InnoDB: This might be a backup or antivirus software or another instance
InnoDB: of MySQL. Please close it to get rid of this error.
2026-04-05 12:52:16 3e78  InnoDB: Operating system error number 32 in a file operation.
InnoDB: The error means that another program is using InnoDB's files.
InnoDB: This might be a backup or antivirus software or another instance
InnoDB: of MySQL. Please close it to get rid of this error.
2026-04-05 12:52:26 3e78  InnoDB: Operating system error number 32 in a file operation.
InnoDB: The error means that another program is using InnoDB's files.
InnoDB: This might be a backup or antivirus software or another instance
InnoDB: of MySQL. Please close it to get rid of this error.
2026-04-05 12:52:36 3e78  InnoDB: Operating system error number 32 in a file operation.
InnoDB: The error means that another program is using InnoDB's files.
InnoDB: This might be a backup or antivirus software or another instance
InnoDB: of MySQL. Please close it to get rid of this error.
2026-04-05 12:52:46 3e78  InnoDB: Operating system error number 32 in a file operation.
InnoDB: The error means that another program is using InnoDB's files.
InnoDB: This might be a backup or antivirus software or another instance
InnoDB: of MySQL. Please close it to get rid of this error.
2026-04-05 12:52:56 3e78  InnoDB: Operating system error number 32 in a file operation.
InnoDB: The error means that another program is using InnoDB's files.
InnoDB: This might be a backup or antivirus software or another instance
InnoDB: of MySQL. Please close it to get rid of this error.
2026-04-05 12:53:06 3e78  InnoDB: Operating system error number 32 in a file operation.
InnoDB: The error means that another program is using InnoDB's files.
InnoDB: This might be a backup or antivirus software or another instance
InnoDB: of MySQL. Please close it to get rid of this error.
2026-04-05 12:53:16 3e78  InnoDB: Operating system error number 32 in a file operation.
InnoDB: The error means that another program is using InnoDB's files.
InnoDB: This might be a backup or antivirus software or another instance
InnoDB: of MySQL. Please close it to get rid of this error.
2026-04-05 12:53:26 3e78  InnoDB: Operating system error number 32 in a file operation.
InnoDB: The error means that another program is using InnoDB's files.
InnoDB: This might be a backup or antivirus software or another instance
InnoDB: of MySQL. Please close it to get rid of this error.
2026-04-05 12:53:36 3e78  InnoDB: Operating system error number 32 in a file operation.
InnoDB: The error means that another program is using InnoDB's files.
InnoDB: This might be a backup or antivirus software or another instance
InnoDB: of MySQL. Please close it to get rid of this error.
2026-04-05 12:53:46 3e78  InnoDB: Operating system error number 32 in a file operation.
InnoDB: The error means that another program is using InnoDB's files.
InnoDB: This might be a backup or antivirus software or another instance
InnoDB: of MySQL. Please close it to get rid of this error.
2026-04-05 12:53:56 3e78  InnoDB: Operating system error number 32 in a file operation.
InnoDB: The error means that another program is using InnoDB's files.
InnoDB: This might be a backup or antivirus software or another instance
InnoDB: of MySQL. Please close it to get rid of this error.
2026-04-05 12:54:06 3e78  InnoDB: Operating system error number 32 in a file operation.
InnoDB: The error means that another program is using InnoDB's files.
InnoDB: This might be a backup or antivirus software or another instance
InnoDB: of MySQL. Please close it to get rid of this error.
2026-04-05 12:54:16 3e78  InnoDB: Operating system error number 32 in a file operation.
InnoDB: The error means that another program is using InnoDB's files.
InnoDB: This might be a backup or antivirus software or another instance
InnoDB: of MySQL. Please close it to get rid of this error.
2026-04-05 12:54:26 3e78  InnoDB: Operating system error number 32 in a file operation.
InnoDB: The error means that another program is using InnoDB's files.
InnoDB: This might be a backup or antivirus software or another instance
InnoDB: of MySQL. Please close it to get rid of this error.
2026-04-05 12:54:36 3e78  InnoDB: Operating system error number 32 in a file operation.
InnoDB: The error means that another program is using InnoDB's files.
InnoDB: This might be a backup or antivirus software or another instance
InnoDB: of MySQL. Please close it to get rid of this error.
2026-04-05 12:54:46 3e78  InnoDB: Operating system error number 32 in a file operation.
InnoDB: The error means that another program is using InnoDB's files.
InnoDB: This might be a backup or antivirus software or another instance
InnoDB: of MySQL. Please close it to get rid of this error.
2026-04-05 12:54:56 3e78  InnoDB: Operating system error number 32 in a file operation.
InnoDB: The error means that another program is using InnoDB's files.
InnoDB: This might be a backup or antivirus software or another instance
InnoDB: of MySQL. Please close it to get rid of this error.
2026-04-05 12:55:06 3e78  InnoDB: Operating system error number 32 in a file operation.
InnoDB: The error means that another program is using InnoDB's files.
InnoDB: This might be a backup or antivirus software or another instance
InnoDB: of MySQL. Please close it to get rid of this error.
2026-04-05 12:55:16 3e78  InnoDB: Operating system error number 32 in a file operation.
InnoDB: The error means that another program is using InnoDB's files.
InnoDB: This might be a backup or antivirus software or another instance
InnoDB: of MySQL. Please close it to get rid of this error.
2026-04-05 12:55:26 3e78  InnoDB: Operating system error number 32 in a file operation.
InnoDB: The error means that another program is using InnoDB's files.
InnoDB: This might be a backup or antivirus software or another instance
InnoDB: of MySQL. Please close it to get rid of this error.
2026-04-05 12:55:36 3e78  InnoDB: Operating system error number 32 in a file operation.
InnoDB: The error means that another program is using InnoDB's files.
InnoDB: This might be a backup or antivirus software or another instance
InnoDB: of MySQL. Please close it to get rid of this error.
2026-04-05 12:55:46 3e78  InnoDB: Operating system error number 32 in a file operation.
InnoDB: The error means that another program is using InnoDB's files.
InnoDB: This might be a backup or antivirus software or another instance
InnoDB: of MySQL. Please close it to get rid of this error.
2026-04-05 12:55:56 3e78  InnoDB: Operating system error number 32 in a file operation.
InnoDB: The error means that another program is using InnoDB's files.
InnoDB: This might be a backup or antivirus software or another instance
InnoDB: of MySQL. Please close it to get rid of this error.
2026-04-05 12:56:06 3e78  InnoDB: Operating system error number 32 in a file operation.
InnoDB: The error means that another program is using InnoDB's files.
InnoDB: This might be a backup or antivirus software or another instance
InnoDB: of MySQL. Please close it to get rid of this error.
2026-04-05 12:56:16 3e78  InnoDB: Operating system error number 32 in a file operation.
InnoDB: The error means that another program is using InnoDB's files.
InnoDB: This might be a backup or antivirus software or another instance
InnoDB: of MySQL. Please close it to get rid of this error.
2026-04-05 12:56:26 3e78  InnoDB: Operating system error number 32 in a file operation.
InnoDB: The error means that another program is using InnoDB's files.
InnoDB: This might be a backup or antivirus software or another instance
InnoDB: of MySQL. Please close it to get rid of this error.
2026-04-05 12:56:36 3e78  InnoDB: Operating system error number 32 in a file operation.
InnoDB: The error means that another program is using InnoDB's files.
InnoDB: This might be a backup or antivirus software or another instance
InnoDB: of MySQL. Please close it to get rid of this error.
2026-04-05 12:56:46 3e78  InnoDB: Operating system error number 32 in a file operation.
InnoDB: The error means that another program is using InnoDB's files.
InnoDB: This might be a backup or antivirus software or another instance
InnoDB: of MySQL. Please close it to get rid of this error.
2026-04-05 12:56:56 3e78  InnoDB: Operating system error number 32 in a file operation.
InnoDB: The error means that another program is using InnoDB's files.
InnoDB: This might be a backup or antivirus software or another instance
InnoDB: of MySQL. Please close it to get rid of this error.
2026-04-05 12:57:06 3e78  InnoDB: Operating system error number 32 in a file operation.
InnoDB: The error means that another program is using InnoDB's files.
InnoDB: This might be a backup or antivirus software or another instance
InnoDB: of MySQL. Please close it to get rid of this error.
2026-04-05 12:57:16 3e78  InnoDB: Operating system error number 32 in a file operation.
InnoDB: The error means that another program is using InnoDB's files.
InnoDB: This might be a backup or antivirus software or another instance
InnoDB: of MySQL. Please close it to get rid of this error.
2026-04-05 12:57:26 3e78  InnoDB: Operating system error number 32 in a file operation.
InnoDB: The error means that another program is using InnoDB's files.
InnoDB: This might be a backup or antivirus software or another instance
InnoDB: of MySQL. Please close it to get rid of this error.
2026-04-05 12:57:36 3e78  InnoDB: Operating system error number 32 in a file operation.
InnoDB: The error means that another program is using InnoDB's files.
InnoDB: This might be a backup or antivirus software or another instance
InnoDB: of MySQL. Please close it to get rid of this error.
2026-04-05 12:57:46 3e78  InnoDB: Operating system error number 32 in a file operation.
InnoDB: The error means that another program is using InnoDB's files.
InnoDB: This might be a backup or antivirus software or another instance
InnoDB: of MySQL. Please close it to get rid of this error.
2026-04-05 12:57:56 3e78  InnoDB: Operating system error number 32 in a file operation.
InnoDB: The error means that another program is using InnoDB's files.
InnoDB: This might be a backup or antivirus software or another instance
InnoDB: of MySQL. Please close it to get rid of this error.
2026-04-05 12:58:06 3e78  InnoDB: Operating system error number 32 in a file operation.
InnoDB: The error means that another program is using InnoDB's files.
InnoDB: This might be a backup or antivirus software or another instance
InnoDB: of MySQL. Please close it to get rid of this error.
2026-04-05 12:58:16 3e78  InnoDB: Operating system error number 32 in a file operation.
InnoDB: The error means that another program is using InnoDB's files.
InnoDB: This might be a backup or antivirus software or another instance
InnoDB: of MySQL. Please close it to get rid of this error.
2026-04-05 12:58:26 3e78  InnoDB: Operating system error number 32 in a file operation.
InnoDB: The error means that another program is using InnoDB's files.
InnoDB: This might be a backup or antivirus software or another instance
InnoDB: of MySQL. Please close it to get rid of this error.
2026-04-05 12:58:36 3e78  InnoDB: Operating system error number 32 in a file operation.
InnoDB: The error means that another program is using InnoDB's files.
InnoDB: This might be a backup or antivirus software or another instance
InnoDB: of MySQL. Please close it to get rid of this error.
2026-04-05 12:58:46 3e78  InnoDB: Operating system error number 32 in a file operation.
InnoDB: The error means that another program is using InnoDB's files.
InnoDB: This might be a backup or antivirus software or another instance
InnoDB: of MySQL. Please close it to get rid of this error.
2026-04-05 12:58:56 3e78  InnoDB: Operating system error number 32 in a file operation.
InnoDB: The error means that another program is using InnoDB's files.
InnoDB: This might be a backup or antivirus software or another instance
InnoDB: of MySQL. Please close it to get rid of this error.
2026-04-05 12:59:06 3e78  InnoDB: Operating system error number 32 in a file operation.
InnoDB: The error means that another program is using InnoDB's files.
InnoDB: This might be a backup or antivirus software or another instance
InnoDB: of MySQL. Please close it to get rid of this error.
2026-04-05 12:59:16 3e78  InnoDB: Operating system error number 32 in a file operation.
InnoDB: The error means that another program is using InnoDB's files.
InnoDB: This might be a backup or antivirus software or another instance
InnoDB: of MySQL. Please close it to get rid of this error.
2026-04-05 12:59:26 3e78  InnoDB: Operating system error number 32 in a file operation.
InnoDB: The error means that another program is using InnoDB's files.
InnoDB: This might be a backup or antivirus software or another instance
InnoDB: of MySQL. Please close it to get rid of this error.
2026-04-05 12:59:36 3e78  InnoDB: Operating system error number 32 in a file operation.
InnoDB: The error means that another program is using InnoDB's files.
InnoDB: This might be a backup or antivirus software or another instance
InnoDB: of MySQL. Please close it to get rid of this error.
2026-04-05 12:59:46 3e78  InnoDB: Operating system error number 32 in a file operation.
InnoDB: The error means that another program is using InnoDB's files.
InnoDB: This might be a backup or antivirus software or another instance
InnoDB: of MySQL. Please close it to get rid of this error.
2026-04-05 12:59:56 3e78  InnoDB: Operating system error number 32 in a file operation.
InnoDB: The error means that another program is using InnoDB's files.
InnoDB: This might be a backup or antivirus software or another instance
InnoDB: of MySQL. Please close it to get rid of this error.
2026-04-05 13:00:06 3e78  InnoDB: Operating system error number 32 in a file operation.
InnoDB: The error means that another program is using InnoDB's files.
InnoDB: This might be a backup or antivirus software or another instance
InnoDB: of MySQL. Please close it to get rid of this error.
2026-04-05 13:00:16 3e78  InnoDB: Operating system error number 32 in a file operation.
InnoDB: The error means that another program is using InnoDB's files.
InnoDB: This might be a backup or antivirus software or another instance
InnoDB: of MySQL. Please close it to get rid of this error.
2026-04-05 13:00:26 3e78  InnoDB: Operating system error number 32 in a file operation.
InnoDB: The error means that another program is using InnoDB's files.
InnoDB: This might be a backup or antivirus software or another instance
InnoDB: of MySQL. Please close it to get rid of this error.
2026-04-05 13:00:36 3e78  InnoDB: Operating system error number 32 in a file operation.
InnoDB: The error means that another program is using InnoDB's files.
InnoDB: This might be a backup or antivirus software or another instance
InnoDB: of MySQL. Please close it to get rid of this error.
2026-04-05 13:00:46 3e78  InnoDB: Operating system error number 32 in a file operation.
InnoDB: The error means that another program is using InnoDB's files.
InnoDB: This might be a backup or antivirus software or another instance
InnoDB: of MySQL. Please close it to get rid of this error.
2026-04-05 13:00:56 3e78  InnoDB: Operating system error number 32 in a file operation.
InnoDB: The error means that another program is using InnoDB's files.
InnoDB: This might be a backup or antivirus software or another instance
InnoDB: of MySQL. Please close it to get rid of this error.
2026-04-05 13:01:06 3e78  InnoDB: Operating system error number 32 in a file operation.
InnoDB: The error means that another program is using InnoDB's files.
InnoDB: This might be a backup or antivirus software or another instance
InnoDB: of MySQL. Please close it to get rid of this error.
2026-04-05 13:01:16 3e78  InnoDB: Operating system error number 32 in a file operation.
InnoDB: The error means that another program is using InnoDB's files.
InnoDB: This might be a backup or antivirus software or another instance
InnoDB: of MySQL. Please close it to get rid of this error.
2026-04-05 13:01:26 3e78  InnoDB: Operating system error number 32 in a file operation.
InnoDB: The error means that another program is using InnoDB's files.
InnoDB: This might be a backup or antivirus software or another instance
InnoDB: of MySQL. Please close it to get rid of this error.
2026-04-05 13:01:36 3e78  InnoDB: Operating system error number 32 in a file operation.
InnoDB: The error means that another program is using InnoDB's files.
InnoDB: This might be a backup or antivirus software or another instance
InnoDB: of MySQL. Please close it to get rid of this error.
2026-04-05 13:01:46 3e78  InnoDB: Operating system error number 32 in a file operation.
InnoDB: The error means that another program is using InnoDB's files.
InnoDB: This might be a backup or antivirus software or another instance
InnoDB: of MySQL. Please close it to get rid of this error.
2026-04-05 13:01:56 3e78  InnoDB: Operating system error number 32 in a file operation.
InnoDB: The error means that another program is using InnoDB's files.
InnoDB: This might be a backup or antivirus software or another instance
InnoDB: of MySQL. Please close it to get rid of this error.
2026-04-05 13:02:06 3e78  InnoDB: Operating system error number 32 in a file operation.
InnoDB: The error means that another program is using InnoDB's files.
InnoDB: This might be a backup or antivirus software or another instance
InnoDB: of MySQL. Please close it to get rid of this error.
2026-04-05 13:02:16 3e78  InnoDB: Operating system error number 32 in a file operation.
InnoDB: The error means that another program is using InnoDB's files.
InnoDB: This might be a backup or antivirus software or another instance
InnoDB: of MySQL. Please close it to get rid of this error.
2026-04-05 13:02:26 3e78  InnoDB: Operating system error number 32 in a file operation.
InnoDB: The error means that another program is using InnoDB's files.
InnoDB: This might be a backup or antivirus software or another instance
InnoDB: of MySQL. Please close it to get rid of this error.
2026-04-05 13:02:36 3e78  InnoDB: Operating system error number 32 in a file operation.
InnoDB: The error means that another program is using InnoDB's files.
InnoDB: This might be a backup or antivirus software or another instance
InnoDB: of MySQL. Please close it to get rid of this error.
2026-04-05 13:02:46 3e78  InnoDB: Operating system error number 32 in a file operation.
InnoDB: The error means that another program is using InnoDB's files.
InnoDB: This might be a backup or antivirus software or another instance
InnoDB: of MySQL. Please close it to get rid of this error.
2026-04-05 13:02:56 3e78  InnoDB: Operating system error number 32 in a file operation.
InnoDB: The error means that another program is using InnoDB's files.
InnoDB: This might be a backup or antivirus software or another instance
InnoDB: of MySQL. Please close it to get rid of this error.
2026-04-05 13:03:06 3e78  InnoDB: Operating system error number 32 in a file operation.
InnoDB: The error means that another program is using InnoDB's files.
InnoDB: This might be a backup or antivirus software or another instance
InnoDB: of MySQL. Please close it to get rid of this error.
2026-04-05 13:03:16 3e78  InnoDB: Operating system error number 32 in a file operation.
InnoDB: The error means that another program is using InnoDB's files.
InnoDB: This might be a backup or antivirus software or another instance
InnoDB: of MySQL. Please close it to get rid of this error.
2026-04-05 13:03:26 3e78  InnoDB: Operating system error number 32 in a file operation.
InnoDB: The error means that another program is using InnoDB's files.
InnoDB: This might be a backup or antivirus software or another instance
InnoDB: of MySQL. Please close it to get rid of this error.
2026-04-05 13:03:36 3e78  InnoDB: Operating system error number 32 in a file operation.
InnoDB: The error means that another program is using InnoDB's files.
InnoDB: This might be a backup or antivirus software or another instance
InnoDB: of MySQL. Please close it to get rid of this error.
2026-04-05 13:03:46 3e78  InnoDB: Operating system error number 32 in a file operation.
InnoDB: The error means that another program is using InnoDB's files.
InnoDB: This might be a backup or antivirus software or another instance
InnoDB: of MySQL. Please close it to get rid of this error.
2026-04-05 13:03:56 3e78  InnoDB: Operating system error number 32 in a file operation.
InnoDB: The error means that another program is using InnoDB's files.
InnoDB: This might be a backup or antivirus software or another instance
InnoDB: of MySQL. Please close it to get rid of this error.
2026-04-05 13:04:06 3e78  InnoDB: Operating system error number 32 in a file operation.
InnoDB: The error means that another program is using InnoDB's files.
InnoDB: This might be a backup or antivirus software or another instance
InnoDB: of MySQL. Please close it to get rid of this error.
2026-04-05 13:04:16 3e78  InnoDB: Operating system error number 32 in a file operation.
InnoDB: The error means that another program is using InnoDB's files.
InnoDB: This might be a backup or antivirus software or another instance
InnoDB: of MySQL. Please close it to get rid of this error.
2026-04-05 13:04:26 3e78  InnoDB: Operating system error number 32 in a file operation.
InnoDB: The error means that another program is using InnoDB's files.
InnoDB: This might be a backup or antivirus software or another instance
InnoDB: of MySQL. Please close it to get rid of this error.
2026-04-05 13:04:36 3e78  InnoDB: Operating system error number 32 in a file operation.
InnoDB: The error means that another program is using InnoDB's files.
InnoDB: This might be a backup or antivirus software or another instance
InnoDB: of MySQL. Please close it to get rid of this error.
2026-04-05 13:04:47 3e78  InnoDB: Operating system error number 32 in a file operation.
InnoDB: The error means that another program is using InnoDB's files.
InnoDB: This might be a backup or antivirus software or another instance
InnoDB: of MySQL. Please close it to get rid of this error.
2026-04-05 13:04:57 3e78  InnoDB: Operating system error number 32 in a file operation.
InnoDB: The error means that another program is using InnoDB's files.
InnoDB: This might be a backup or antivirus software or another instance
InnoDB: of MySQL. Please close it to get rid of this error.
2026-04-05 13:05:07 3e78  InnoDB: Operating system error number 32 in a file operation.
InnoDB: The error means that another program is using InnoDB's files.
InnoDB: This might be a backup or antivirus software or another instance
InnoDB: of MySQL. Please close it to get rid of this error.
2026-04-05 13:05:17 3e78  InnoDB: Operating system error number 32 in a file operation.
InnoDB: The error means that another program is using InnoDB's files.
InnoDB: This might be a backup or antivirus software or another instance
InnoDB: of MySQL. Please close it to get rid of this error.
2026-04-05 13:05:27 3e78  InnoDB: Operating system error number 32 in a file operation.
InnoDB: The error means that another program is using InnoDB's files.
InnoDB: This might be a backup or antivirus software or another instance
InnoDB: of MySQL. Please close it to get rid of this error.
2026-04-05 13:05:37 3e78  InnoDB: Operating system error number 32 in a file operation.
InnoDB: The error means that another program is using InnoDB's files.
InnoDB: This might be a backup or antivirus software or another instance
InnoDB: of MySQL. Please close it to get rid of this error.
2026-04-05 13:05:47 3e78  InnoDB: Operating system error number 32 in a file operation.
InnoDB: The error means that another program is using InnoDB's files.
InnoDB: This might be a backup or antivirus software or another instance
InnoDB: of MySQL. Please close it to get rid of this error.
2026-04-05 13:05:57 3e78  InnoDB: Operating system error number 32 in a file operation.
InnoDB: The error means that another program is using InnoDB's files.
InnoDB: This might be a backup or antivirus software or another instance
InnoDB: of MySQL. Please close it to get rid of this error.
2026-04-05 13:06:07 3e78  InnoDB: Operating system error number 32 in a file operation.
InnoDB: The error means that another program is using InnoDB's files.
InnoDB: This might be a backup or antivirus software or another instance
InnoDB: of MySQL. Please close it to get rid of this error.
2026-04-05 13:06:17 3e78  InnoDB: Operating system error number 32 in a file operation.
InnoDB: The error means that another program is using InnoDB's files.
InnoDB: This might be a backup or antivirus software or another instance
InnoDB: of MySQL. Please close it to get rid of this error.
2026-04-05 13:06:27 3e78  InnoDB: Operating system error number 32 in a file operation.
InnoDB: The error means that another program is using InnoDB's files.
InnoDB: This might be a backup or antivirus software or another instance
InnoDB: of MySQL. Please close it to get rid of this error.
2026-04-05 13:06:37 3e78  InnoDB: Operating system error number 32 in a file operation.
InnoDB: The error means that another program is using InnoDB's files.
InnoDB: This might be a backup or antivirus software or another instance
InnoDB: of MySQL. Please close it to get rid of this error.
2026-04-05 13:06:47 3e78  InnoDB: Operating system error number 32 in a file operation.
InnoDB: The error means that another program is using InnoDB's files.
InnoDB: This might be a backup or antivirus software or another instance
InnoDB: of MySQL. Please close it to get rid of this error.
2026-04-05 13:06:57 3e78  InnoDB: Operating system error number 32 in a file operation.
InnoDB: The error means that another program is using InnoDB's files.
InnoDB: This might be a backup or antivirus software or another instance
InnoDB: of MySQL. Please close it to get rid of this error.
2026-04-05 13:07:07 3e78  InnoDB: Operating system error number 32 in a file operation.
InnoDB: The error means that another program is using InnoDB's files.
InnoDB: This might be a backup or antivirus software or another instance
InnoDB: of MySQL. Please close it to get rid of this error.
2026-04-05 13:07:17 3e78  InnoDB: Operating system error number 32 in a file operation.
InnoDB: The error means that another program is using InnoDB's files.
InnoDB: This might be a backup or antivirus software or another instance
InnoDB: of MySQL. Please close it to get rid of this error.
2026-04-05 13:07:27 3e78  InnoDB: Operating system error number 32 in a file operation.
InnoDB: The error means that another program is using InnoDB's files.
InnoDB: This might be a backup or antivirus software or another instance
InnoDB: of MySQL. Please close it to get rid of this error.
2026-04-05 13:07:37 3e78  InnoDB: Operating system error number 32 in a file operation.
InnoDB: The error means that another program is using InnoDB's files.
InnoDB: This might be a backup or antivirus software or another instance
InnoDB: of MySQL. Please close it to get rid of this error.
2026-04-05 13:07:47 3e78  InnoDB: Operating system error number 32 in a file operation.
InnoDB: The error means that another program is using InnoDB's files.
InnoDB: This might be a backup or antivirus software or another instance
InnoDB: of MySQL. Please close it to get rid of this error.
2026-04-05 13:07:57 3e78  InnoDB: Operating system error number 32 in a file operation.
InnoDB: The error means that another program is using InnoDB's files.
InnoDB: This might be a backup or antivirus software or another instance
InnoDB: of MySQL. Please close it to get rid of this error.
2026-04-05 13:08:07 3e78  InnoDB: Operating system error number 32 in a file operation.
InnoDB: The error means that another program is using InnoDB's files.
InnoDB: This might be a backup or antivirus software or another instance
InnoDB: of MySQL. Please close it to get rid of this error.
2026-04-05 13:08:17 3e78  InnoDB: Operating system error number 32 in a file operation.
InnoDB: The error means that another program is using InnoDB's files.
InnoDB: This might be a backup or antivirus software or another instance
InnoDB: of MySQL. Please close it to get rid of this error.
2026-04-05 13:08:27 3e78  InnoDB: Operating system error number 32 in a file operation.
InnoDB: The error means that another program is using InnoDB's files.
InnoDB: This might be a backup or antivirus software or another instance
InnoDB: of MySQL. Please close it to get rid of this error.
2026-04-05 13:08:37 3e78  InnoDB: Operating system error number 32 in a file operation.
InnoDB: The error means that another program is using InnoDB's files.
InnoDB: This might be a backup or antivirus software or another instance
InnoDB: of MySQL. Please close it to get rid of this error.
2026-04-05 13:08:47 3e78  InnoDB: Operating system error number 32 in a file operation.
InnoDB: The error means that another program is using InnoDB's files.
InnoDB: This might be a backup or antivirus software or another instance
InnoDB: of MySQL. Please close it to get rid of this error.
2026-04-05 13:08:57 3e78  InnoDB: Operating system error number 32 in a file operation.
InnoDB: The error means that another program is using InnoDB's files.
InnoDB: This might be a backup or antivirus software or another instance
InnoDB: of MySQL. Please close it to get rid of this error.
2026-04-05 13:09:07 3e78  InnoDB: Operating system error number 32 in a file operation.
InnoDB: The error means that another program is using InnoDB's files.
InnoDB: This might be a backup or antivirus software or another instance
InnoDB: of MySQL. Please close it to get rid of this error.
2026-04-05 13:09:17 3e78  InnoDB: Operating system error number 32 in a file operation.
InnoDB: The error means that another program is using InnoDB's files.
InnoDB: This might be a backup or antivirus software or another instance
InnoDB: of MySQL. Please close it to get rid of this error.
2026-04-05 13:09:27 3e78  InnoDB: Operating system error number 32 in a file operation.
InnoDB: The error means that another program is using InnoDB's files.
InnoDB: This might be a backup or antivirus software or another instance
InnoDB: of MySQL. Please close it to get rid of this error.
2026-04-05 13:09:37 3e78  InnoDB: Operating system error number 32 in a file operation.
InnoDB: The error means that another program is using InnoDB's files.
InnoDB: This might be a backup or antivirus software or another instance
InnoDB: of MySQL. Please close it to get rid of this error.
2026-04-05 13:09:47 3e78  InnoDB: Operating system error number 32 in a file operation.
InnoDB: The error means that another program is using InnoDB's files.
InnoDB: This might be a backup or antivirus software or another instance
InnoDB: of MySQL. Please close it to get rid of this error.
2026-04-05 13:09:57 3e78  InnoDB: Operating system error number 32 in a file operation.
InnoDB: The error means that another program is using InnoDB's files.
InnoDB: This might be a backup or antivirus software or another instance
InnoDB: of MySQL. Please close it to get rid of this error.
2026-04-05 13:10:07 3e78  InnoDB: Operating system error number 32 in a file operation.
InnoDB: The error means that another program is using InnoDB's files.
InnoDB: This might be a backup or antivirus software or another instance
InnoDB: of MySQL. Please close it to get rid of this error.
2026-04-05 13:10:17 3e78  InnoDB: Operating system error number 32 in a file operation.
InnoDB: The error means that another program is using InnoDB's files.
InnoDB: This might be a backup or antivirus software or another instance
InnoDB: of MySQL. Please close it to get rid of this error.
2026-04-05 13:10:27 3e78  InnoDB: Operating system error number 32 in a file operation.
InnoDB: The error means that another program is using InnoDB's files.
InnoDB: This might be a backup or antivirus software or another instance
InnoDB: of MySQL. Please close it to get rid of this error.
2026-04-05 13:10:37 3e78  InnoDB: Operating system error number 32 in a file operation.
InnoDB: The error means that another program is using InnoDB's files.
InnoDB: This might be a backup or antivirus software or another instance
InnoDB: of MySQL. Please close it to get rid of this error.
2026-04-05 13:10:47 3e78  InnoDB: Operating system error number 32 in a file operation.
InnoDB: The error means that another program is using InnoDB's files.
InnoDB: This might be a backup or antivirus software or another instance
InnoDB: of MySQL. Please close it to get rid of this error.
2026-04-05 13:10:57 3e78  InnoDB: Operating system error number 32 in a file operation.
InnoDB: The error means that another program is using InnoDB's files.
InnoDB: This might be a backup or antivirus software or another instance
InnoDB: of MySQL. Please close it to get rid of this error.
2026-04-05 13:11:07 3e78  InnoDB: Operating system error number 32 in a file operation.
InnoDB: The error means that another program is using InnoDB's files.
InnoDB: This might be a backup or antivirus software or another instance
InnoDB: of MySQL. Please close it to get rid of this error.
2026-04-05 13:11:17 3e78  InnoDB: Operating system error number 32 in a file operation.
InnoDB: The error means that another program is using InnoDB's files.
InnoDB: This might be a backup or antivirus software or another instance
InnoDB: of MySQL. Please close it to get rid of this error.
2026-04-05 13:11:27 3e78  InnoDB: Operating system error number 32 in a file operation.
InnoDB: The error means that another program is using InnoDB's files.
InnoDB: This might be a backup or antivirus software or another instance
InnoDB: of MySQL. Please close it to get rid of this error.
2026-04-05 13:11:37 3e78  InnoDB: Operating system error number 32 in a file operation.
InnoDB: The error means that another program is using InnoDB's files.
InnoDB: This might be a backup or antivirus software or another instance
InnoDB: of MySQL. Please close it to get rid of this error.
2026-04-05 13:11:47 3e78  InnoDB: Operating system error number 32 in a file operation.
InnoDB: The error means that another program is using InnoDB's files.
InnoDB: This might be a backup or antivirus software or another instance
InnoDB: of MySQL. Please close it to get rid of this error.
2026-04-05 13:11:57 3e78  InnoDB: Operating system error number 32 in a file operation.
InnoDB: The error means that another program is using InnoDB's files.
InnoDB: This might be a backup or antivirus software or another instance
InnoDB: of MySQL. Please close it to get rid of this error.
2026-04-05 13:12:07 3e78  InnoDB: Operating system error number 32 in a file operation.
InnoDB: The error means that another program is using InnoDB's files.
InnoDB: This might be a backup or antivirus software or another instance
InnoDB: of MySQL. Please close it to get rid of this error.
2026-04-05 13:12:17 3e78  InnoDB: Operating system error number 32 in a file operation.
InnoDB: The error means that another program is using InnoDB's files.
InnoDB: This might be a backup or antivirus software or another instance
InnoDB: of MySQL. Please close it to get rid of this error.
2026-04-05 13:12:27 3e78  InnoDB: Operating system error number 32 in a file operation.
InnoDB: The error means that another program is using InnoDB's files.
InnoDB: This might be a backup or antivirus software or another instance
InnoDB: of MySQL. Please close it to get rid of this error.
2026-04-05 13:12:37 3e78  InnoDB: Operating system error number 32 in a file operation.
InnoDB: The error means that another program is using InnoDB's files.
InnoDB: This might be a backup or antivirus software or another instance
InnoDB: of MySQL. Please close it to get rid of this error.
2026-04-05 13:12:47 3e78  InnoDB: Operating system error number 32 in a file operation.
InnoDB: The error means that another program is using InnoDB's files.
InnoDB: This might be a backup or antivirus software or another instance
InnoDB: of MySQL. Please close it to get rid of this error.
2026-04-05 13:12:57 3e78  InnoDB: Operating system error number 32 in a file operation.
InnoDB: The error means that another program is using InnoDB's files.
InnoDB: This might be a backup or antivirus software or another instance
InnoDB: of MySQL. Please close it to get rid of this error.
2026-04-05 13:13:07 3e78  InnoDB: Operating system error number 32 in a file operation.
InnoDB: The error means that another program is using InnoDB's files.
InnoDB: This might be a backup or antivirus software or another instance
InnoDB: of MySQL. Please close it to get rid of this error.
2026-04-05 13:13:17 3e78  InnoDB: Operating system error number 32 in a file operation.
InnoDB: The error means that another program is using InnoDB's files.
InnoDB: This might be a backup or antivirus software or another instance
InnoDB: of MySQL. Please close it to get rid of this error.
2026-04-05 13:13:27 3e78  InnoDB: Operating system error number 32 in a file operation.
InnoDB: The error means that another program is using InnoDB's files.
InnoDB: This might be a backup or antivirus software or another instance
InnoDB: of MySQL. Please close it to get rid of this error.
2026-04-05 13:13:37 3e78  InnoDB: Operating system error number 32 in a file operation.
InnoDB: The error means that another program is using InnoDB's files.
InnoDB: This might be a backup or antivirus software or another instance
InnoDB: of MySQL. Please close it to get rid of this error.
2026-04-05 13:13:47 3e78  InnoDB: Operating system error number 32 in a file operation.
InnoDB: The error means that another program is using InnoDB's files.
InnoDB: This might be a backup or antivirus software or another instance
InnoDB: of MySQL. Please close it to get rid of this error.
2026-04-05 13:13:57 3e78  InnoDB: Operating system error number 32 in a file operation.
InnoDB: The error means that another program is using InnoDB's files.
InnoDB: This might be a backup or antivirus software or another instance
InnoDB: of MySQL. Please close it to get rid of this error.
2026-04-05 13:14:07 3e78  InnoDB: Operating system error number 32 in a file operation.
InnoDB: The error means that another program is using InnoDB's files.
InnoDB: This might be a backup or antivirus software or another instance
InnoDB: of MySQL. Please close it to get rid of this error.
2026-04-05 13:14:17 3e78  InnoDB: Operating system error number 32 in a file operation.
InnoDB: The error means that another program is using InnoDB's files.
InnoDB: This might be a backup or antivirus software or another instance
InnoDB: of MySQL. Please close it to get rid of this error.
2026-04-05 13:14:27 3e78  InnoDB: Operating system error number 32 in a file operation.
InnoDB: The error means that another program is using InnoDB's files.
InnoDB: This might be a backup or antivirus software or another instance
InnoDB: of MySQL. Please close it to get rid of this error.
2026-04-05 13:14:37 3e78  InnoDB: Operating system error number 32 in a file operation.
InnoDB: The error means that another program is using InnoDB's files.
InnoDB: This might be a backup or antivirus software or another instance
InnoDB: of MySQL. Please close it to get rid of this error.
2026-04-05 13:14:47 3e78  InnoDB: Operating system error number 32 in a file operation.
InnoDB: The error means that another program is using InnoDB's files.
InnoDB: This might be a backup or antivirus software or another instance
InnoDB: of MySQL. Please close it to get rid of this error.
2026-04-05 13:14:57 3e78  InnoDB: Operating system error number 32 in a file operation.
InnoDB: The error means that another program is using InnoDB's files.
InnoDB: This might be a backup or antivirus software or another instance
InnoDB: of MySQL. Please close it to get rid of this error.
2026-04-05 13:15:07 3e78  InnoDB: Operating system error number 32 in a file operation.
InnoDB: The error means that another program is using InnoDB's files.
InnoDB: This might be a backup or antivirus software or another instance
InnoDB: of MySQL. Please close it to get rid of this error.
2026-04-05 13:15:17 3e78  InnoDB: Operating system error number 32 in a file operation.
InnoDB: The error means that another program is using InnoDB's files.
InnoDB: This might be a backup or antivirus software or another instance
InnoDB: of MySQL. Please close it to get rid of this error.
2026-04-05 13:15:27 3e78  InnoDB: Operating system error number 32 in a file operation.
InnoDB: The error means that another program is using InnoDB's files.
InnoDB: This might be a backup or antivirus software or another instance
InnoDB: of MySQL. Please close it to get rid of this error.
2026-04-05 13:15:37 3e78  InnoDB: Operating system error number 32 in a file operation.
InnoDB: The error means that another program is using InnoDB's files.
InnoDB: This might be a backup or antivirus software or another instance
InnoDB: of MySQL. Please close it to get rid of this error.
2026-04-05 13:15:47 3e78  InnoDB: Operating system error number 32 in a file operation.
InnoDB: The error means that another program is using InnoDB's files.
InnoDB: This might be a backup or antivirus software or another instance
InnoDB: of MySQL. Please close it to get rid of this error.
2026-04-05 13:15:57 3e78  InnoDB: Operating system error number 32 in a file operation.
InnoDB: The error means that another program is using InnoDB's files.
InnoDB: This might be a backup or antivirus software or another instance
InnoDB: of MySQL. Please close it to get rid of this error.
2026-04-05 13:16:07 3e78  InnoDB: Operating system error number 32 in a file operation.
InnoDB: The error means that another program is using InnoDB's files.
InnoDB: This might be a backup or antivirus software or another instance
InnoDB: of MySQL. Please close it to get rid of this error.
2026-04-05 13:16:17 3e78  InnoDB: Operating system error number 32 in a file operation.
InnoDB: The error means that another program is using InnoDB's files.
InnoDB: This might be a backup or antivirus software or another instance
InnoDB: of MySQL. Please close it to get rid of this error.
2026-04-05 13:16:27 3e78  InnoDB: Operating system error number 32 in a file operation.
InnoDB: The error means that another program is using InnoDB's files.
InnoDB: This might be a backup or antivirus software or another instance
InnoDB: of MySQL. Please close it to get rid of this error.
2026-04-05 13:16:37 3e78  InnoDB: Operating system error number 32 in a file operation.
InnoDB: The error means that another program is using InnoDB's files.
InnoDB: This might be a backup or antivirus software or another instance
InnoDB: of MySQL. Please close it to get rid of this error.
2026-04-05 13:16:47 3e78  InnoDB: Operating system error number 32 in a file operation.
InnoDB: The error means that another program is using InnoDB's files.
InnoDB: This might be a backup or antivirus software or another instance
InnoDB: of MySQL. Please close it to get rid of this error.
2026-04-05 13:16:57 3e78  InnoDB: Operating system error number 32 in a file operation.
InnoDB: The error means that another program is using InnoDB's files.
InnoDB: This might be a backup or antivirus software or another instance
InnoDB: of MySQL. Please close it to get rid of this error.
2026-04-05 13:17:07 3e78  InnoDB: Operating system error number 32 in a file operation.
InnoDB: The error means that another program is using InnoDB's files.
InnoDB: This might be a backup or antivirus software or another instance
InnoDB: of MySQL. Please close it to get rid of this error.
2026-04-05 13:17:17 3e78  InnoDB: Operating system error number 32 in a file operation.
InnoDB: The error means that another program is using InnoDB's files.
InnoDB: This might be a backup or antivirus software or another instance
InnoDB: of MySQL. Please close it to get rid of this error.
2026-04-05 13:17:27 3e78  InnoDB: Operating system error number 32 in a file operation.
InnoDB: The error means that another program is using InnoDB's files.
InnoDB: This might be a backup or antivirus software or another instance
InnoDB: of MySQL. Please close it to get rid of this error.
2026-04-05 13:17:37 3e78  InnoDB: Operating system error number 32 in a file operation.
InnoDB: The error means that another program is using InnoDB's files.
InnoDB: This might be a backup or antivirus software or another instance
InnoDB: of MySQL. Please close it to get rid of this error.
2026-04-05 13:17:47 3e78  InnoDB: Operating system error number 32 in a file operation.
InnoDB: The error means that another program is using InnoDB's files.
InnoDB: This might be a backup or antivirus software or another instance
InnoDB: of MySQL. Please close it to get rid of this error.
2026-04-05 13:17:57 3e78  InnoDB: Operating system error number 32 in a file operation.
InnoDB: The error means that another program is using InnoDB's files.
InnoDB: This might be a backup or antivirus software or another instance
InnoDB: of MySQL. Please close it to get rid of this error.
2026-04-05 13:18:07 3e78  InnoDB: Operating system error number 32 in a file operation.
InnoDB: The error means that another program is using InnoDB's files.
InnoDB: This might be a backup or antivirus software or another instance
InnoDB: of MySQL. Please close it to get rid of this error.
2026-04-05 13:18:17 3e78  InnoDB: Operating system error number 32 in a file operation.
InnoDB: The error means that another program is using InnoDB's files.
InnoDB: This might be a backup or antivirus software or another instance
InnoDB: of MySQL. Please close it to get rid of this error.
2026-04-05 13:18:27 3e78  InnoDB: Operating system error number 32 in a file operation.
InnoDB: The error means that another program is using InnoDB's files.
InnoDB: This might be a backup or antivirus software or another instance
InnoDB: of MySQL. Please close it to get rid of this error.
2026-04-05 13:18:37 3e78  InnoDB: Operating system error number 32 in a file operation.
InnoDB: The error means that another program is using InnoDB's files.
InnoDB: This might be a backup or antivirus software or another instance
InnoDB: of MySQL. Please close it to get rid of this error.
2026-04-05 13:18:47 3e78  InnoDB: Operating system error number 32 in a file operation.
InnoDB: The error means that another program is using InnoDB's files.
InnoDB: This might be a backup or antivirus software or another instance
InnoDB: of MySQL. Please close it to get rid of this error.
2026-04-05 13:18:57 3e78  InnoDB: Operating system error number 32 in a file operation.
InnoDB: The error means that another program is using InnoDB's files.
InnoDB: This might be a backup or antivirus software or another instance
InnoDB: of MySQL. Please close it to get rid of this error.
2026-04-05 13:19:07 3e78  InnoDB: Operating system error number 32 in a file operation.
InnoDB: The error means that another program is using InnoDB's files.
InnoDB: This might be a backup or antivirus software or another instance
InnoDB: of MySQL. Please close it to get rid of this error.
2026-04-05 13:19:17 3e78  InnoDB: Operating system error number 32 in a file operation.
InnoDB: The error means that another program is using InnoDB's files.
InnoDB: This might be a backup or antivirus software or another instance
InnoDB: of MySQL. Please close it to get rid of this error.
2026-04-05 13:19:27 3e78  InnoDB: Operating system error number 32 in a file operation.
InnoDB: The error means that another program is using InnoDB's files.
InnoDB: This might be a backup or antivirus software or another instance
InnoDB: of MySQL. Please close it to get rid of this error.
2026-04-05 13:19:37 3e78  InnoDB: Operating system error number 32 in a file operation.
InnoDB: The error means that another program is using InnoDB's files.
InnoDB: This might be a backup or antivirus software or another instance
InnoDB: of MySQL. Please close it to get rid of this error.
2026-04-05 13:19:47 3e78  InnoDB: Operating system error number 32 in a file operation.
InnoDB: The error means that another program is using InnoDB's files.
InnoDB: This might be a backup or antivirus software or another instance
InnoDB: of MySQL. Please close it to get rid of this error.
2026-04-05 13:19:57 3e78  InnoDB: Operating system error number 32 in a file operation.
InnoDB: The error means that another program is using InnoDB's files.
InnoDB: This might be a backup or antivirus software or another instance
InnoDB: of MySQL. Please close it to get rid of this error.
2026-04-05 13:20:07 3e78  InnoDB: Operating system error number 32 in a file operation.
InnoDB: The error means that another program is using InnoDB's files.
InnoDB: This might be a backup or antivirus software or another instance
InnoDB: of MySQL. Please close it to get rid of this error.
2026-04-05 13:20:17 3e78  InnoDB: Operating system error number 32 in a file operation.
InnoDB: The error means that another program is using InnoDB's files.
InnoDB: This might be a backup or antivirus software or another instance
InnoDB: of MySQL. Please close it to get rid of this error.
2026-04-05 13:20:27 3e78  InnoDB: Operating system error number 32 in a file operation.
InnoDB: The error means that another program is using InnoDB's files.
InnoDB: This might be a backup or antivirus software or another instance
InnoDB: of MySQL. Please close it to get rid of this error.
2026-04-05 13:20:37 3e78  InnoDB: Operating system error number 32 in a file operation.
InnoDB: The error means that another program is using InnoDB's files.
InnoDB: This might be a backup or antivirus software or another instance
InnoDB: of MySQL. Please close it to get rid of this error.
2026-04-05 13:20:48 3e78  InnoDB: Operating system error number 32 in a file operation.
InnoDB: The error means that another program is using InnoDB's files.
InnoDB: This might be a backup or antivirus software or another instance
InnoDB: of MySQL. Please close it to get rid of this error.
2026-04-05 13:20:58 3e78  InnoDB: Operating system error number 32 in a file operation.
InnoDB: The error means that another program is using InnoDB's files.
InnoDB: This might be a backup or antivirus software or another instance
InnoDB: of MySQL. Please close it to get rid of this error.
2026-04-05 13:21:08 3e78  InnoDB: Operating system error number 32 in a file operation.
InnoDB: The error means that another program is using InnoDB's files.
InnoDB: This might be a backup or antivirus software or another instance
InnoDB: of MySQL. Please close it to get rid of this error.
2026-04-05 13:21:18 3e78  InnoDB: Operating system error number 32 in a file operation.
InnoDB: The error means that another program is using InnoDB's files.
InnoDB: This might be a backup or antivirus software or another instance
InnoDB: of MySQL. Please close it to get rid of this error.
2026-04-05 13:21:28 3e78  InnoDB: Operating system error number 32 in a file operation.
InnoDB: The error means that another program is using InnoDB's files.
InnoDB: This might be a backup or antivirus software or another instance
InnoDB: of MySQL. Please close it to get rid of this error.
2026-04-05 13:21:38 3e78  InnoDB: Operating system error number 32 in a file operation.
InnoDB: The error means that another program is using InnoDB's files.
InnoDB: This might be a backup or antivirus software or another instance
InnoDB: of MySQL. Please close it to get rid of this error.
2026-04-05 13:21:48 3e78  InnoDB: Operating system error number 32 in a file operation.
InnoDB: The error means that another program is using InnoDB's files.
InnoDB: This might be a backup or antivirus software or another instance
InnoDB: of MySQL. Please close it to get rid of this error.
2026-04-05 13:21:58 3e78  InnoDB: Operating system error number 32 in a file operation.
InnoDB: The error means that another program is using InnoDB's files.
InnoDB: This might be a backup or antivirus software or another instance
InnoDB: of MySQL. Please close it to get rid of this error.
2026-04-05 13:22:08 3e78  InnoDB: Operating system error number 32 in a file operation.
InnoDB: The error means that another program is using InnoDB's files.
InnoDB: This might be a backup or antivirus software or another instance
InnoDB: of MySQL. Please close it to get rid of this error.
2026-04-05 13:22:18 3e78  InnoDB: Operating system error number 32 in a file operation.
InnoDB: The error means that another program is using InnoDB's files.
InnoDB: This might be a backup or antivirus software or another instance
InnoDB: of MySQL. Please close it to get rid of this error.
2026-04-05 13:22:28 3e78  InnoDB: Operating system error number 32 in a file operation.
InnoDB: The error means that another program is using InnoDB's files.
InnoDB: This might be a backup or antivirus software or another instance
InnoDB: of MySQL. Please close it to get rid of this error.
2026-04-05 13:22:38 3e78  InnoDB: Operating system error number 32 in a file operation.
InnoDB: The error means that another program is using InnoDB's files.
InnoDB: This might be a backup or antivirus software or another instance
InnoDB: of MySQL. Please close it to get rid of this error.
2026-04-05 13:22:48 3e78  InnoDB: Operating system error number 32 in a file operation.
InnoDB: The error means that another program is using InnoDB's files.
InnoDB: This might be a backup or antivirus software or another instance
InnoDB: of MySQL. Please close it to get rid of this error.
2026-04-05 13:22:58 3e78  InnoDB: Operating system error number 32 in a file operation.
InnoDB: The error means that another program is using InnoDB's files.
InnoDB: This might be a backup or antivirus software or another instance
InnoDB: of MySQL. Please close it to get rid of this error.
2026-04-05 13:23:08 3e78  InnoDB: Operating system error number 32 in a file operation.
InnoDB: The error means that another program is using InnoDB's files.
InnoDB: This might be a backup or antivirus software or another instance
InnoDB: of MySQL. Please close it to get rid of this error.
2026-04-05 13:23:18 3e78  InnoDB: Operating system error number 32 in a file operation.
InnoDB: The error means that another program is using InnoDB's files.
InnoDB: This might be a backup or antivirus software or another instance
InnoDB: of MySQL. Please close it to get rid of this error.
2026-04-05 13:23:28 3e78  InnoDB: Operating system error number 32 in a file operation.
InnoDB: The error means that another program is using InnoDB's files.
InnoDB: This might be a backup or antivirus software or another instance
InnoDB: of MySQL. Please close it to get rid of this error.
2026-04-05 13:23:38 3e78  InnoDB: Operating system error number 32 in a file operation.
InnoDB: The error means that another program is using InnoDB's files.
InnoDB: This might be a backup or antivirus software or another instance
InnoDB: of MySQL. Please close it to get rid of this error.
2026-04-05 13:23:48 3e78  InnoDB: Operating system error number 32 in a file operation.
InnoDB: The error means that another program is using InnoDB's files.
InnoDB: This might be a backup or antivirus software or another instance
InnoDB: of MySQL. Please close it to get rid of this error.
2026-04-05 13:23:58 3e78  InnoDB: Operating system error number 32 in a file operation.
InnoDB: The error means that another program is using InnoDB's files.
InnoDB: This might be a backup or antivirus software or another instance
InnoDB: of MySQL. Please close it to get rid of this error.
2026-04-05 13:24:08 3e78  InnoDB: Operating system error number 32 in a file operation.
InnoDB: The error means that another program is using InnoDB's files.
InnoDB: This might be a backup or antivirus software or another instance
InnoDB: of MySQL. Please close it to get rid of this error.
2026-04-05 13:24:18 3e78  InnoDB: Operating system error number 32 in a file operation.
InnoDB: The error means that another program is using InnoDB's files.
InnoDB: This might be a backup or antivirus software or another instance
InnoDB: of MySQL. Please close it to get rid of this error.
2026-04-05 13:24:28 3e78  InnoDB: Operating system error number 32 in a file operation.
InnoDB: The error means that another program is using InnoDB's files.
InnoDB: This might be a backup or antivirus software or another instance
InnoDB: of MySQL. Please close it to get rid of this error.
2026-04-05 13:24:38 3e78  InnoDB: Operating system error number 32 in a file operation.
InnoDB: The error means that another program is using InnoDB's files.
InnoDB: This might be a backup or antivirus software or another instance
InnoDB: of MySQL. Please close it to get rid of this error.
2026-04-05 13:24:48 3e78  InnoDB: Operating system error number 32 in a file operation.
InnoDB: The error means that another program is using InnoDB's files.
InnoDB: This might be a backup or antivirus software or another instance
InnoDB: of MySQL. Please close it to get rid of this error.
2026-04-05 13:24:58 3e78  InnoDB: Operating system error number 32 in a file operation.
InnoDB: The error means that another program is using InnoDB's files.
InnoDB: This might be a backup or antivirus software or another instance
InnoDB: of MySQL. Please close it to get rid of this error.
2026-04-05 13:25:08 3e78  InnoDB: Operating system error number 32 in a file operation.
InnoDB: The error means that another program is using InnoDB's files.
InnoDB: This might be a backup or antivirus software or another instance
InnoDB: of MySQL. Please close it to get rid of this error.
2026-04-05 13:25:18 3e78  InnoDB: Operating system error number 32 in a file operation.
InnoDB: The error means that another program is using InnoDB's files.
InnoDB: This might be a backup or antivirus software or another instance
InnoDB: of MySQL. Please close it to get rid of this error.
2026-04-05 13:25:28 3e78  InnoDB: Operating system error number 32 in a file operation.
InnoDB: The error means that another program is using InnoDB's files.
InnoDB: This might be a backup or antivirus software or another instance
InnoDB: of MySQL. Please close it to get rid of this error.
2026-04-05 13:25:38 3e78  InnoDB: Operating system error number 32 in a file operation.
InnoDB: The error means that another program is using InnoDB's files.
InnoDB: This might be a backup or antivirus software or another instance
InnoDB: of MySQL. Please close it to get rid of this error.
2026-04-05 13:25:48 3e78  InnoDB: Operating system error number 32 in a file operation.
InnoDB: The error means that another program is using InnoDB's files.
InnoDB: This might be a backup or antivirus software or another instance
InnoDB: of MySQL. Please close it to get rid of this error.
2026-04-05 13:25:58 3e78  InnoDB: Operating system error number 32 in a file operation.
InnoDB: The error means that another program is using InnoDB's files.
InnoDB: This might be a backup or antivirus software or another instance
InnoDB: of MySQL. Please close it to get rid of this error.
2026-04-05 13:26:08 3e78  InnoDB: Operating system error number 32 in a file operation.
InnoDB: The error means that another program is using InnoDB's files.
InnoDB: This might be a backup or antivirus software or another instance
InnoDB: of MySQL. Please close it to get rid of this error.
2026-04-05 13:26:18 3e78  InnoDB: Operating system error number 32 in a file operation.
InnoDB: The error means that another program is using InnoDB's files.
InnoDB: This might be a backup or antivirus software or another instance
InnoDB: of MySQL. Please close it to get rid of this error.
2026-04-05 13:26:28 3e78  InnoDB: Operating system error number 32 in a file operation.
InnoDB: The error means that another program is using InnoDB's files.
InnoDB: This might be a backup or antivirus software or another instance
InnoDB: of MySQL. Please close it to get rid of this error.
2026-04-05 13:26:38 3e78  InnoDB: Operating system error number 32 in a file operation.
InnoDB: The error means that another program is using InnoDB's files.
InnoDB: This might be a backup or antivirus software or another instance
InnoDB: of MySQL. Please close it to get rid of this error.
2026-04-05 13:26:48 3e78  InnoDB: Operating system error number 32 in a file operation.
InnoDB: The error means that another program is using InnoDB's files.
InnoDB: This might be a backup or antivirus software or another instance
InnoDB: of MySQL. Please close it to get rid of this error.
2026-04-05 13:26:58 3e78  InnoDB: Operating system error number 32 in a file operation.
InnoDB: The error means that another program is using InnoDB's files.
InnoDB: This might be a backup or antivirus software or another instance
InnoDB: of MySQL. Please close it to get rid of this error.
2026-04-05 13:27:08 3e78  InnoDB: Operating system error number 32 in a file operation.
InnoDB: The error means that another program is using InnoDB's files.
InnoDB: This might be a backup or antivirus software or another instance
InnoDB: of MySQL. Please close it to get rid of this error.
2026-04-05 13:27:18 3e78  InnoDB: Operating system error number 32 in a file operation.
InnoDB: The error means that another program is using InnoDB's files.
InnoDB: This might be a backup or antivirus software or another instance
InnoDB: of MySQL. Please close it to get rid of this error.
2026-04-05 13:27:28 3e78  InnoDB: Operating system error number 32 in a file operation.
InnoDB: The error means that another program is using InnoDB's files.
InnoDB: This might be a backup or antivirus software or another instance
InnoDB: of MySQL. Please close it to get rid of this error.
2026-04-05 13:27:38 3e78  InnoDB: Operating system error number 32 in a file operation.
InnoDB: The error means that another program is using InnoDB's files.
InnoDB: This might be a backup or antivirus software or another instance
InnoDB: of MySQL. Please close it to get rid of this error.
2026-04-05 13:27:48 3e78  InnoDB: Operating system error number 32 in a file operation.
InnoDB: The error means that another program is using InnoDB's files.
InnoDB: This might be a backup or antivirus software or another instance
InnoDB: of MySQL. Please close it to get rid of this error.
2026-04-05 13:27:58 3e78  InnoDB: Operating system error number 32 in a file operation.
InnoDB: The error means that another program is using InnoDB's files.
InnoDB: This might be a backup or antivirus software or another instance
InnoDB: of MySQL. Please close it to get rid of this error.
2026-04-05 13:28:08 3e78  InnoDB: Operating system error number 32 in a file operation.
InnoDB: The error means that another program is using InnoDB's files.
InnoDB: This might be a backup or antivirus software or another instance
InnoDB: of MySQL. Please close it to get rid of this error.
2026-04-05 13:28:18 3e78  InnoDB: Operating system error number 32 in a file operation.
InnoDB: The error means that another program is using InnoDB's files.
InnoDB: This might be a backup or antivirus software or another instance
InnoDB: of MySQL. Please close it to get rid of this error.
2026-04-05 13:28:28 3e78  InnoDB: Operating system error number 32 in a file operation.
InnoDB: The error means that another program is using InnoDB's files.
InnoDB: This might be a backup or antivirus software or another instance
InnoDB: of MySQL. Please close it to get rid of this error.
2026-04-05 13:28:38 3e78  InnoDB: Operating system error number 32 in a file operation.
InnoDB: The error means that another program is using InnoDB's files.
InnoDB: This might be a backup or antivirus software or another instance
InnoDB: of MySQL. Please close it to get rid of this error.
2026-04-05 13:28:48 3e78  InnoDB: Operating system error number 32 in a file operation.
InnoDB: The error means that another program is using InnoDB's files.
InnoDB: This might be a backup or antivirus software or another instance
InnoDB: of MySQL. Please close it to get rid of this error.
2026-04-05 13:28:58 3e78  InnoDB: Operating system error number 32 in a file operation.
InnoDB: The error means that another program is using InnoDB's files.
InnoDB: This might be a backup or antivirus software or another instance
InnoDB: of MySQL. Please close it to get rid of this error.
2026-04-05 13:29:08 3e78  InnoDB: Operating system error number 32 in a file operation.
InnoDB: The error means that another program is using InnoDB's files.
InnoDB: This might be a backup or antivirus software or another instance
InnoDB: of MySQL. Please close it to get rid of this error.
2026-04-05 13:29:18 3e78  InnoDB: Operating system error number 32 in a file operation.
InnoDB: The error means that another program is using InnoDB's files.
InnoDB: This might be a backup or antivirus software or another instance
InnoDB: of MySQL. Please close it to get rid of this error.
2026-04-05 13:29:28 3e78  InnoDB: Operating system error number 32 in a file operation.
InnoDB: The error means that another program is using InnoDB's files.
InnoDB: This might be a backup or antivirus software or another instance
InnoDB: of MySQL. Please close it to get rid of this error.
2026-04-05 13:29:38 3e78  InnoDB: Operating system error number 32 in a file operation.
InnoDB: The error means that another program is using InnoDB's files.
InnoDB: This might be a backup or antivirus software or another instance
InnoDB: of MySQL. Please close it to get rid of this error.
2026-04-05 13:29:48 3e78  InnoDB: Operating system error number 32 in a file operation.
InnoDB: The error means that another program is using InnoDB's files.
InnoDB: This might be a backup or antivirus software or another instance
InnoDB: of MySQL. Please close it to get rid of this error.
2026-04-05 13:29:58 3e78  InnoDB: Operating system error number 32 in a file operation.
InnoDB: The error means that another program is using InnoDB's files.
InnoDB: This might be a backup or antivirus software or another instance
InnoDB: of MySQL. Please close it to get rid of this error.
2026-04-05 13:30:08 3e78  InnoDB: Operating system error number 32 in a file operation.
InnoDB: The error means that another program is using InnoDB's files.
InnoDB: This might be a backup or antivirus software or another instance
InnoDB: of MySQL. Please close it to get rid of this error.
2026-04-05 13:30:18 3e78  InnoDB: Operating system error number 32 in a file operation.
InnoDB: The error means that another program is using InnoDB's files.
InnoDB: This might be a backup or antivirus software or another instance
InnoDB: of MySQL. Please close it to get rid of this error.
2026-04-05 13:30:28 3e78  InnoDB: Operating system error number 32 in a file operation.
InnoDB: The error means that another program is using InnoDB's files.
InnoDB: This might be a backup or antivirus software or another instance
InnoDB: of MySQL. Please close it to get rid of this error.
2026-04-05 13:30:38 3e78  InnoDB: Operating system error number 32 in a file operation.
InnoDB: The error means that another program is using InnoDB's files.
InnoDB: This might be a backup or antivirus software or another instance
InnoDB: of MySQL. Please close it to get rid of this error.
2026-04-05 13:30:48 3e78  InnoDB: Operating system error number 32 in a file operation.
InnoDB: The error means that another program is using InnoDB's files.
InnoDB: This might be a backup or antivirus software or another instance
InnoDB: of MySQL. Please close it to get rid of this error.
2026-04-05 13:30:58 3e78  InnoDB: Operating system error number 32 in a file operation.
InnoDB: The error means that another program is using InnoDB's files.
InnoDB: This might be a backup or antivirus software or another instance
InnoDB: of MySQL. Please close it to get rid of this error.
2026-04-05 13:31:08 3e78  InnoDB: Operating system error number 32 in a file operation.
InnoDB: The error means that another program is using InnoDB's files.
InnoDB: This might be a backup or antivirus software or another instance
InnoDB: of MySQL. Please close it to get rid of this error.
2026-04-05 13:31:18 3e78  InnoDB: Operating system error number 32 in a file operation.
InnoDB: The error means that another program is using InnoDB's files.
InnoDB: This might be a backup or antivirus software or another instance
InnoDB: of MySQL. Please close it to get rid of this error.
2026-04-05 13:31:28 3e78  InnoDB: Operating system error number 32 in a file operation.
InnoDB: The error means that another program is using InnoDB's files.
InnoDB: This might be a backup or antivirus software or another instance
InnoDB: of MySQL. Please close it to get rid of this error.
2026-04-05 13:31:38 3e78  InnoDB: Operating system error number 32 in a file operation.
InnoDB: The error means that another program is using InnoDB's files.
InnoDB: This might be a backup or antivirus software or another instance
InnoDB: of MySQL. Please close it to get rid of this error.
2026-04-05 13:31:48 3e78  InnoDB: Operating system error number 32 in a file operation.
InnoDB: The error means that another program is using InnoDB's files.
InnoDB: This might be a backup or antivirus software or another instance
InnoDB: of MySQL. Please close it to get rid of this error.
2026-04-05 13:31:58 3e78  InnoDB: Operating system error number 32 in a file operation.
InnoDB: The error means that another program is using InnoDB's files.
InnoDB: This might be a backup or antivirus software or another instance
InnoDB: of MySQL. Please close it to get rid of this error.
2026-04-05 13:32:08 3e78  InnoDB: Operating system error number 32 in a file operation.
InnoDB: The error means that another program is using InnoDB's files.
InnoDB: This might be a backup or antivirus software or another instance
InnoDB: of MySQL. Please close it to get rid of this error.
2026-04-05 13:32:18 3e78  InnoDB: Operating system error number 32 in a file operation.
InnoDB: The error means that another program is using InnoDB's files.
InnoDB: This might be a backup or antivirus software or another instance
InnoDB: of MySQL. Please close it to get rid of this error.
2026-04-05 13:32:28 3e78  InnoDB: Operating system error number 32 in a file operation.
InnoDB: The error means that another program is using InnoDB's files.
InnoDB: This might be a backup or antivirus software or another instance
InnoDB: of MySQL. Please close it to get rid of this error.
2026-04-05 13:32:38 3e78  InnoDB: Operating system error number 32 in a file operation.
InnoDB: The error means that another program is using InnoDB's files.
InnoDB: This might be a backup or antivirus software or another instance
InnoDB: of MySQL. Please close it to get rid of this error.
2026-04-05 13:32:48 3e78  InnoDB: Operating system error number 32 in a file operation.
InnoDB: The error means that another program is using InnoDB's files.
InnoDB: This might be a backup or antivirus software or another instance
InnoDB: of MySQL. Please close it to get rid of this error.
2026-04-05 13:32:58 3e78  InnoDB: Operating system error number 32 in a file operation.
InnoDB: The error means that another program is using InnoDB's files.
InnoDB: This might be a backup or antivirus software or another instance
InnoDB: of MySQL. Please close it to get rid of this error.
2026-04-05 13:33:08 3e78  InnoDB: Operating system error number 32 in a file operation.
InnoDB: The error means that another program is using InnoDB's files.
InnoDB: This might be a backup or antivirus software or another instance
InnoDB: of MySQL. Please close it to get rid of this error.
2026-04-05 13:33:18 3e78  InnoDB: Operating system error number 32 in a file operation.
InnoDB: The error means that another program is using InnoDB's files.
InnoDB: This might be a backup or antivirus software or another instance
InnoDB: of MySQL. Please close it to get rid of this error.
2026-04-05 13:33:28 3e78  InnoDB: Operating system error number 32 in a file operation.
InnoDB: The error means that another program is using InnoDB's files.
InnoDB: This might be a backup or antivirus software or another instance
InnoDB: of MySQL. Please close it to get rid of this error.
2026-04-05 13:33:38 3e78  InnoDB: Operating system error number 32 in a file operation.
InnoDB: The error means that another program is using InnoDB's files.
InnoDB: This might be a backup or antivirus software or another instance
InnoDB: of MySQL. Please close it to get rid of this error.
2026-04-05 13:33:48 3e78  InnoDB: Operating system error number 32 in a file operation.
InnoDB: The error means that another program is using InnoDB's files.
InnoDB: This might be a backup or antivirus software or another instance
InnoDB: of MySQL. Please close it to get rid of this error.
2026-04-05 13:33:58 3e78  InnoDB: Operating system error number 32 in a file operation.
InnoDB: The error means that another program is using InnoDB's files.
InnoDB: This might be a backup or antivirus software or another instance
InnoDB: of MySQL. Please close it to get rid of this error.
2026-04-05 13:34:08 3e78  InnoDB: Operating system error number 32 in a file operation.
InnoDB: The error means that another program is using InnoDB's files.
InnoDB: This might be a backup or antivirus software or another instance
InnoDB: of MySQL. Please close it to get rid of this error.
2026-04-05 13:34:18 3e78  InnoDB: Operating system error number 32 in a file operation.
InnoDB: The error means that another program is using InnoDB's files.
InnoDB: This might be a backup or antivirus software or another instance
InnoDB: of MySQL. Please close it to get rid of this error.
2026-04-05 13:34:28 3e78  InnoDB: Operating system error number 32 in a file operation.
InnoDB: The error means that another program is using InnoDB's files.
InnoDB: This might be a backup or antivirus software or another instance
InnoDB: of MySQL. Please close it to get rid of this error.
2026-04-05 13:34:38 3e78  InnoDB: Operating system error number 32 in a file operation.
InnoDB: The error means that another program is using InnoDB's files.
InnoDB: This might be a backup or antivirus software or another instance
InnoDB: of MySQL. Please close it to get rid of this error.
2026-04-05 13:34:48 3e78  InnoDB: Operating system error number 32 in a file operation.
InnoDB: The error means that another program is using InnoDB's files.
InnoDB: This might be a backup or antivirus software or another instance
InnoDB: of MySQL. Please close it to get rid of this error.
2026-04-05 13:34:58 3e78  InnoDB: Operating system error number 32 in a file operation.
InnoDB: The error means that another program is using InnoDB's files.
InnoDB: This might be a backup or antivirus software or another instance
InnoDB: of MySQL. Please close it to get rid of this error.
2026-04-05 13:35:08 3e78  InnoDB: Operating system error number 32 in a file operation.
InnoDB: The error means that another program is using InnoDB's files.
InnoDB: This might be a backup or antivirus software or another instance
InnoDB: of MySQL. Please close it to get rid of this error.
2026-04-05 13:35:18 3e78  InnoDB: Operating system error number 32 in a file operation.
InnoDB: The error means that another program is using InnoDB's files.
InnoDB: This might be a backup or antivirus software or another instance
InnoDB: of MySQL. Please close it to get rid of this error.
2026-04-05 13:35:28 3e78  InnoDB: Operating system error number 32 in a file operation.
InnoDB: The error means that another program is using InnoDB's files.
InnoDB: This might be a backup or antivirus software or another instance
InnoDB: of MySQL. Please close it to get rid of this error.
2026-04-05 13:35:38 3e78  InnoDB: Operating system error number 32 in a file operation.
InnoDB: The error means that another program is using InnoDB's files.
InnoDB: This might be a backup or antivirus software or another instance
InnoDB: of MySQL. Please close it to get rid of this error.
2026-04-05 13:35:48 3e78  InnoDB: Operating system error number 32 in a file operation.
InnoDB: The error means that another program is using InnoDB's files.
InnoDB: This might be a backup or antivirus software or another instance
InnoDB: of MySQL. Please close it to get rid of this error.
2026-04-05 13:35:59 3e78  InnoDB: Operating system error number 32 in a file operation.
InnoDB: The error means that another program is using InnoDB's files.
InnoDB: This might be a backup or antivirus software or another instance
InnoDB: of MySQL. Please close it to get rid of this error.
2026-04-05 13:36:09 3e78  InnoDB: Operating system error number 32 in a file operation.
InnoDB: The error means that another program is using InnoDB's files.
InnoDB: This might be a backup or antivirus software or another instance
InnoDB: of MySQL. Please close it to get rid of this error.
2026-04-05 13:36:19 3e78  InnoDB: Operating system error number 32 in a file operation.
InnoDB: The error means that another program is using InnoDB's files.
InnoDB: This might be a backup or antivirus software or another instance
InnoDB: of MySQL. Please close it to get rid of this error.
2026-04-05 13:36:29 3e78  InnoDB: Operating system error number 32 in a file operation.
InnoDB: The error means that another program is using InnoDB's files.
InnoDB: This might be a backup or antivirus software or another instance
InnoDB: of MySQL. Please close it to get rid of this error.
2026-04-05 13:36:39 3e78  InnoDB: Operating system error number 32 in a file operation.
InnoDB: The error means that another program is using InnoDB's files.
InnoDB: This might be a backup or antivirus software or another instance
InnoDB: of MySQL. Please close it to get rid of this error.
2026-04-05 13:36:49 3e78  InnoDB: Operating system error number 32 in a file operation.
InnoDB: The error means that another program is using InnoDB's files.
InnoDB: This might be a backup or antivirus software or another instance
InnoDB: of MySQL. Please close it to get rid of this error.
2026-04-05 13:36:59 3e78  InnoDB: Operating system error number 32 in a file operation.
InnoDB: The error means that another program is using InnoDB's files.
InnoDB: This might be a backup or antivirus software or another instance
InnoDB: of MySQL. Please close it to get rid of this error.
2026-04-05 13:37:09 3e78  InnoDB: Operating system error number 32 in a file operation.
InnoDB: The error means that another program is using InnoDB's files.
InnoDB: This might be a backup or antivirus software or another instance
InnoDB: of MySQL. Please close it to get rid of this error.
2026-04-05 13:37:19 3e78  InnoDB: Operating system error number 32 in a file operation.
InnoDB: The error means that another program is using InnoDB's files.
InnoDB: This might be a backup or antivirus software or another instance
InnoDB: of MySQL. Please close it to get rid of this error.
2026-04-05 13:37:29 3e78  InnoDB: Operating system error number 32 in a file operation.
InnoDB: The error means that another program is using InnoDB's files.
InnoDB: This might be a backup or antivirus software or another instance
InnoDB: of MySQL. Please close it to get rid of this error.
2026-04-05 13:37:39 3e78  InnoDB: Operating system error number 32 in a file operation.
InnoDB: The error means that another program is using InnoDB's files.
InnoDB: This might be a backup or antivirus software or another instance
InnoDB: of MySQL. Please close it to get rid of this error.
2026-04-05 13:37:49 3e78  InnoDB: Operating system error number 32 in a file operation.
InnoDB: The error means that another program is using InnoDB's files.
InnoDB: This might be a backup or antivirus software or another instance
InnoDB: of MySQL. Please close it to get rid of this error.
2026-04-05 13:37:59 3e78  InnoDB: Operating system error number 32 in a file operation.
InnoDB: The error means that another program is using InnoDB's files.
InnoDB: This might be a backup or antivirus software or another instance
InnoDB: of MySQL. Please close it to get rid of this error.
2026-04-05 13:38:09 3e78  InnoDB: Operating system error number 32 in a file operation.
InnoDB: The error means that another program is using InnoDB's files.
InnoDB: This might be a backup or antivirus software or another instance
InnoDB: of MySQL. Please close it to get rid of this error.
2026-04-05 13:38:19 3e78  InnoDB: Operating system error number 32 in a file operation.
InnoDB: The error means that another program is using InnoDB's files.
InnoDB: This might be a backup or antivirus software or another instance
InnoDB: of MySQL. Please close it to get rid of this error.
2026-04-05 13:38:29 3e78  InnoDB: Operating system error number 32 in a file operation.
InnoDB: The error means that another program is using InnoDB's files.
InnoDB: This might be a backup or antivirus software or another instance
InnoDB: of MySQL. Please close it to get rid of this error.
2026-04-05 13:38:39 3e78  InnoDB: Operating system error number 32 in a file operation.
InnoDB: The error means that another program is using InnoDB's files.
InnoDB: This might be a backup or antivirus software or another instance
InnoDB: of MySQL. Please close it to get rid of this error.
2026-04-05 13:38:49 3e78  InnoDB: Operating system error number 32 in a file operation.
InnoDB: The error means that another program is using InnoDB's files.
InnoDB: This might be a backup or antivirus software or another instance
InnoDB: of MySQL. Please close it to get rid of this error.
2026-04-05 13:38:59 3e78  InnoDB: Operating system error number 32 in a file operation.
InnoDB: The error means that another program is using InnoDB's files.
InnoDB: This might be a backup or antivirus software or another instance
InnoDB: of MySQL. Please close it to get rid of this error.
2026-04-05 13:39:09 3e78  InnoDB: Operating system error number 32 in a file operation.
InnoDB: The error means that another program is using InnoDB's files.
InnoDB: This might be a backup or antivirus software or another instance
InnoDB: of MySQL. Please close it to get rid of this error.
2026-04-05 13:39:19 3e78  InnoDB: Operating system error number 32 in a file operation.
InnoDB: The error means that another program is using InnoDB's files.
InnoDB: This might be a backup or antivirus software or another instance
InnoDB: of MySQL. Please close it to get rid of this error.
2026-04-05 13:39:29 3e78  InnoDB: Operating system error number 32 in a file operation.
InnoDB: The error means that another program is using InnoDB's files.
InnoDB: This might be a backup or antivirus software or another instance
InnoDB: of MySQL. Please close it to get rid of this error.
2026-04-05 13:39:39 3e78  InnoDB: Operating system error number 32 in a file operation.
InnoDB: The error means that another program is using InnoDB's files.
InnoDB: This might be a backup or antivirus software or another instance
InnoDB: of MySQL. Please close it to get rid of this error.
2026-04-05 13:39:49 3e78  InnoDB: Operating system error number 32 in a file operation.
InnoDB: The error means that another program is using InnoDB's files.
InnoDB: This might be a backup or antivirus software or another instance
InnoDB: of MySQL. Please close it to get rid of this error.
2026-04-05 13:39:59 3e78  InnoDB: Operating system error number 32 in a file operation.
InnoDB: The error means that another program is using InnoDB's files.
InnoDB: This might be a backup or antivirus software or another instance
InnoDB: of MySQL. Please close it to get rid of this error.
2026-04-05 13:40:09 3e78  InnoDB: Operating system error number 32 in a file operation.
InnoDB: The error means that another program is using InnoDB's files.
InnoDB: This might be a backup or antivirus software or another instance
InnoDB: of MySQL. Please close it to get rid of this error.
2026-04-05 13:40:19 3e78  InnoDB: Operating system error number 32 in a file operation.
InnoDB: The error means that another program is using InnoDB's files.
InnoDB: This might be a backup or antivirus software or another instance
InnoDB: of MySQL. Please close it to get rid of this error.
2026-04-05 13:40:29 3e78  InnoDB: Operating system error number 32 in a file operation.
InnoDB: The error means that another program is using InnoDB's files.
InnoDB: This might be a backup or antivirus software or another instance
InnoDB: of MySQL. Please close it to get rid of this error.
2026-04-05 13:40:39 3e78  InnoDB: Operating system error number 32 in a file operation.
InnoDB: The error means that another program is using InnoDB's files.
InnoDB: This might be a backup or antivirus software or another instance
InnoDB: of MySQL. Please close it to get rid of this error.
2026-04-05 13:40:49 3e78  InnoDB: Operating system error number 32 in a file operation.
InnoDB: The error means that another program is using InnoDB's files.
InnoDB: This might be a backup or antivirus software or another instance
InnoDB: of MySQL. Please close it to get rid of this error.
2026-04-05 13:40:59 3e78  InnoDB: Operating system error number 32 in a file operation.
InnoDB: The error means that another program is using InnoDB's files.
InnoDB: This might be a backup or antivirus software or another instance
InnoDB: of MySQL. Please close it to get rid of this error.
2026-04-05 13:41:09 3e78  InnoDB: Operating system error number 32 in a file operation.
InnoDB: The error means that another program is using InnoDB's files.
InnoDB: This might be a backup or antivirus software or another instance
InnoDB: of MySQL. Please close it to get rid of this error.
2026-04-05 13:41:19 3e78  InnoDB: Operating system error number 32 in a file operation.
InnoDB: The error means that another program is using InnoDB's files.
InnoDB: This might be a backup or antivirus software or another instance
InnoDB: of MySQL. Please close it to get rid of this error.
2026-04-05 13:41:29 3e78  InnoDB: Operating system error number 32 in a file operation.
InnoDB: The error means that another program is using InnoDB's files.
InnoDB: This might be a backup or antivirus software or another instance
InnoDB: of MySQL. Please close it to get rid of this error.
2026-04-05 13:41:39 3e78  InnoDB: Operating system error number 32 in a file operation.
InnoDB: The error means that another program is using InnoDB's files.
InnoDB: This might be a backup or antivirus software or another instance
InnoDB: of MySQL. Please close it to get rid of this error.
2026-04-05 13:41:49 3e78  InnoDB: Operating system error number 32 in a file operation.
InnoDB: The error means that another program is using InnoDB's files.
InnoDB: This might be a backup or antivirus software or another instance
InnoDB: of MySQL. Please close it to get rid of this error.
2026-04-05 13:41:59 3e78  InnoDB: Operating system error number 32 in a file operation.
InnoDB: The error means that another program is using InnoDB's files.
InnoDB: This might be a backup or antivirus software or another instance
InnoDB: of MySQL. Please close it to get rid of this error.
2026-04-05 13:42:09 3e78  InnoDB: Operating system error number 32 in a file operation.
InnoDB: The error means that another program is using InnoDB's files.
InnoDB: This might be a backup or antivirus software or another instance
InnoDB: of MySQL. Please close it to get rid of this error.
2026-04-05 13:42:19 3e78  InnoDB: Operating system error number 32 in a file operation.
InnoDB: The error means that another program is using InnoDB's files.
InnoDB: This might be a backup or antivirus software or another instance
InnoDB: of MySQL. Please close it to get rid of this error.
2026-04-05 13:42:29 3e78  InnoDB: Operating system error number 32 in a file operation.
InnoDB: The error means that another program is using InnoDB's files.
InnoDB: This might be a backup or antivirus software or another instance
InnoDB: of MySQL. Please close it to get rid of this error.
2026-04-05 13:42:39 3e78  InnoDB: Operating system error number 32 in a file operation.
InnoDB: The error means that another program is using InnoDB's files.
InnoDB: This might be a backup or antivirus software or another instance
InnoDB: of MySQL. Please close it to get rid of this error.
2026-04-05 13:42:49 3e78  InnoDB: Operating system error number 32 in a file operation.
InnoDB: The error means that another program is using InnoDB's files.
InnoDB: This might be a backup or antivirus software or another instance
InnoDB: of MySQL. Please close it to get rid of this error.
2026-04-05 13:42:59 3e78  InnoDB: Operating system error number 32 in a file operation.
InnoDB: The error means that another program is using InnoDB's files.
InnoDB: This might be a backup or antivirus software or another instance
InnoDB: of MySQL. Please close it to get rid of this error.
2026-04-05 13:43:09 3e78  InnoDB: Operating system error number 32 in a file operation.
InnoDB: The error means that another program is using InnoDB's files.
InnoDB: This might be a backup or antivirus software or another instance
InnoDB: of MySQL. Please close it to get rid of this error.
2026-04-05 13:43:19 3e78  InnoDB: Operating system error number 32 in a file operation.
InnoDB: The error means that another program is using InnoDB's files.
InnoDB: This might be a backup or antivirus software or another instance
InnoDB: of MySQL. Please close it to get rid of this error.
2026-04-05 13:43:29 3e78  InnoDB: Operating system error number 32 in a file operation.
InnoDB: The error means that another program is using InnoDB's files.
InnoDB: This might be a backup or antivirus software or another instance
InnoDB: of MySQL. Please close it to get rid of this error.
2026-04-05 13:43:39 3e78  InnoDB: Operating system error number 32 in a file operation.
InnoDB: The error means that another program is using InnoDB's files.
InnoDB: This might be a backup or antivirus software or another instance
InnoDB: of MySQL. Please close it to get rid of this error.
2026-04-05 13:43:49 3e78  InnoDB: Operating system error number 32 in a file operation.
InnoDB: The error means that another program is using InnoDB's files.
InnoDB: This might be a backup or antivirus software or another instance
InnoDB: of MySQL. Please close it to get rid of this error.
2026-04-05 13:43:59 3e78  InnoDB: Operating system error number 32 in a file operation.
InnoDB: The error means that another program is using InnoDB's files.
InnoDB: This might be a backup or antivirus software or another instance
InnoDB: of MySQL. Please close it to get rid of this error.
2026-04-05 13:44:09 3e78  InnoDB: Operating system error number 32 in a file operation.
InnoDB: The error means that another program is using InnoDB's files.
InnoDB: This might be a backup or antivirus software or another instance
InnoDB: of MySQL. Please close it to get rid of this error.
2026-04-05 13:44:19 3e78  InnoDB: Operating system error number 32 in a file operation.
InnoDB: The error means that another program is using InnoDB's files.
InnoDB: This might be a backup or antivirus software or another instance
InnoDB: of MySQL. Please close it to get rid of this error.
2026-04-05 13:44:29 3e78  InnoDB: Operating system error number 32 in a file operation.
InnoDB: The error means that another program is using InnoDB's files.
InnoDB: This might be a backup or antivirus software or another instance
InnoDB: of MySQL. Please close it to get rid of this error.
2026-04-05 13:44:39 3e78  InnoDB: Operating system error number 32 in a file operation.
InnoDB: The error means that another program is using InnoDB's files.
InnoDB: This might be a backup or antivirus software or another instance
InnoDB: of MySQL. Please close it to get rid of this error.
2026-04-05 13:44:49 3e78  InnoDB: Operating system error number 32 in a file operation.
InnoDB: The error means that another program is using InnoDB's files.
InnoDB: This might be a backup or antivirus software or another instance
InnoDB: of MySQL. Please close it to get rid of this error.
2026-04-05 13:44:59 3e78  InnoDB: Operating system error number 32 in a file operation.
InnoDB: The error means that another program is using InnoDB's files.
InnoDB: This might be a backup or antivirus software or another instance
InnoDB: of MySQL. Please close it to get rid of this error.
2026-04-05 13:45:09 3e78  InnoDB: Operating system error number 32 in a file operation.
InnoDB: The error means that another program is using InnoDB's files.
InnoDB: This might be a backup or antivirus software or another instance
InnoDB: of MySQL. Please close it to get rid of this error.
2026-04-05 13:45:19 3e78  InnoDB: Operating system error number 32 in a file operation.
InnoDB: The error means that another program is using InnoDB's files.
InnoDB: This might be a backup or antivirus software or another instance
InnoDB: of MySQL. Please close it to get rid of this error.
2026-04-05 13:45:29 3e78  InnoDB: Operating system error number 32 in a file operation.
InnoDB: The error means that another program is using InnoDB's files.
InnoDB: This might be a backup or antivirus software or another instance
InnoDB: of MySQL. Please close it to get rid of this error.
2026-04-05 13:45:39 3e78  InnoDB: Operating system error number 32 in a file operation.
InnoDB: The error means that another program is using InnoDB's files.
InnoDB: This might be a backup or antivirus software or another instance
InnoDB: of MySQL. Please close it to get rid of this error.
2026-04-05 13:45:49 3e78  InnoDB: Operating system error number 32 in a file operation.
InnoDB: The error means that another program is using InnoDB's files.
InnoDB: This might be a backup or antivirus software or another instance
InnoDB: of MySQL. Please close it to get rid of this error.
2026-04-05 13:45:59 3e78  InnoDB: Operating system error number 32 in a file operation.
InnoDB: The error means that another program is using InnoDB's files.
InnoDB: This might be a backup or antivirus software or another instance
InnoDB: of MySQL. Please close it to get rid of this error.
2026-04-05 13:46:09 3e78  InnoDB: Operating system error number 32 in a file operation.
InnoDB: The error means that another program is using InnoDB's files.
InnoDB: This might be a backup or antivirus software or another instance
InnoDB: of MySQL. Please close it to get rid of this error.
2026-04-05 13:46:19 3e78  InnoDB: Operating system error number 32 in a file operation.
InnoDB: The error means that another program is using InnoDB's files.
InnoDB: This might be a backup or antivirus software or another instance
InnoDB: of MySQL. Please close it to get rid of this error.
2026-04-05 13:46:29 3e78  InnoDB: Operating system error number 32 in a file operation.
InnoDB: The error means that another program is using InnoDB's files.
InnoDB: This might be a backup or antivirus software or another instance
InnoDB: of MySQL. Please close it to get rid of this error.
2026-04-05 13:46:39 3e78  InnoDB: Operating system error number 32 in a file operation.
InnoDB: The error means that another program is using InnoDB's files.
InnoDB: This might be a backup or antivirus software or another instance
InnoDB: of MySQL. Please close it to get rid of this error.
2026-04-05 13:46:50 3e78  InnoDB: Operating system error number 32 in a file operation.
InnoDB: The error means that another program is using InnoDB's files.
InnoDB: This might be a backup or antivirus software or another instance
InnoDB: of MySQL. Please close it to get rid of this error.
2026-04-05 13:47:00 3e78  InnoDB: Operating system error number 32 in a file operation.
InnoDB: The error means that another program is using InnoDB's files.
InnoDB: This might be a backup or antivirus software or another instance
InnoDB: of MySQL. Please close it to get rid of this error.
2026-04-05 13:47:10 3e78  InnoDB: Operating system error number 32 in a file operation.
InnoDB: The error means that another program is using InnoDB's files.
InnoDB: This might be a backup or antivirus software or another instance
InnoDB: of MySQL. Please close it to get rid of this error.
2026-04-05 13:47:20 3e78  InnoDB: Operating system error number 32 in a file operation.
InnoDB: The error means that another program is using InnoDB's files.
InnoDB: This might be a backup or antivirus software or another instance
InnoDB: of MySQL. Please close it to get rid of this error.
2026-04-05 13:47:30 3e78  InnoDB: Operating system error number 32 in a file operation.
InnoDB: The error means that another program is using InnoDB's files.
InnoDB: This might be a backup or antivirus software or another instance
InnoDB: of MySQL. Please close it to get rid of this error.
2026-04-05 13:47:40 3e78  InnoDB: Operating system error number 32 in a file operation.
InnoDB: The error means that another program is using InnoDB's files.
InnoDB: This might be a backup or antivirus software or another instance
InnoDB: of MySQL. Please close it to get rid of this error.
2026-04-05 13:47:50 3e78  InnoDB: Operating system error number 32 in a file operation.
InnoDB: The error means that another program is using InnoDB's files.
InnoDB: This might be a backup or antivirus software or another instance
InnoDB: of MySQL. Please close it to get rid of this error.
2026-04-05 13:48:00 3e78  InnoDB: Operating system error number 32 in a file operation.
InnoDB: The error means that another program is using InnoDB's files.
InnoDB: This might be a backup or antivirus software or another instance
InnoDB: of MySQL. Please close it to get rid of this error.
2026-04-05 13:48:10 3e78  InnoDB: Operating system error number 32 in a file operation.
InnoDB: The error means that another program is using InnoDB's files.
InnoDB: This might be a backup or antivirus software or another instance
InnoDB: of MySQL. Please close it to get rid of this error.
2026-04-05 13:48:20 3e78  InnoDB: Operating system error number 32 in a file operation.
InnoDB: The error means that another program is using InnoDB's files.
InnoDB: This might be a backup or antivirus software or another instance
InnoDB: of MySQL. Please close it to get rid of this error.
2026-04-05 13:48:30 3e78  InnoDB: Operating system error number 32 in a file operation.
InnoDB: The error means that another program is using InnoDB's files.
InnoDB: This might be a backup or antivirus software or another instance
InnoDB: of MySQL. Please close it to get rid of this error.
2026-04-05 13:48:40 3e78  InnoDB: Operating system error number 32 in a file operation.
InnoDB: The error means that another program is using InnoDB's files.
InnoDB: This might be a backup or antivirus software or another instance
InnoDB: of MySQL. Please close it to get rid of this error.
2026-04-05 13:48:50 3e78  InnoDB: Operating system error number 32 in a file operation.
InnoDB: The error means that another program is using InnoDB's files.
InnoDB: This might be a backup or antivirus software or another instance
InnoDB: of MySQL. Please close it to get rid of this error.
2026-04-05 13:49:00 3e78  InnoDB: Operating system error number 32 in a file operation.
InnoDB: The error means that another program is using InnoDB's files.
InnoDB: This might be a backup or antivirus software or another instance
InnoDB: of MySQL. Please close it to get rid of this error.
2026-04-05 13:49:10 3e78  InnoDB: Operating system error number 32 in a file operation.
InnoDB: The error means that another program is using InnoDB's files.
InnoDB: This might be a backup or antivirus software or another instance
InnoDB: of MySQL. Please close it to get rid of this error.
2026-04-05 13:49:20 3e78  InnoDB: Operating system error number 32 in a file operation.
InnoDB: The error means that another program is using InnoDB's files.
InnoDB: This might be a backup or antivirus software or another instance
InnoDB: of MySQL. Please close it to get rid of this error.
2026-04-05 13:49:30 3e78  InnoDB: Operating system error number 32 in a file operation.
InnoDB: The error means that another program is using InnoDB's files.
InnoDB: This might be a backup or antivirus software or another instance
InnoDB: of MySQL. Please close it to get rid of this error.
2026-04-05 13:49:40 3e78  InnoDB: Operating system error number 32 in a file operation.
InnoDB: The error means that another program is using InnoDB's files.
InnoDB: This might be a backup or antivirus software or another instance
InnoDB: of MySQL. Please close it to get rid of this error.
2026-04-05 13:49:50 3e78  InnoDB: Operating system error number 32 in a file operation.
InnoDB: The error means that another program is using InnoDB's files.
InnoDB: This might be a backup or antivirus software or another instance
InnoDB: of MySQL. Please close it to get rid of this error.
2026-04-05 13:50:00 3e78  InnoDB: Operating system error number 32 in a file operation.
InnoDB: The error means that another program is using InnoDB's files.
InnoDB: This might be a backup or antivirus software or another instance
InnoDB: of MySQL. Please close it to get rid of this error.
2026-04-05 13:50:10 3e78  InnoDB: Operating system error number 32 in a file operation.
InnoDB: The error means that another program is using InnoDB's files.
InnoDB: This might be a backup or antivirus software or another instance
InnoDB: of MySQL. Please close it to get rid of this error.
2026-04-05 13:50:20 3e78  InnoDB: Operating system error number 32 in a file operation.
InnoDB: The error means that another program is using InnoDB's files.
InnoDB: This might be a backup or antivirus software or another instance
InnoDB: of MySQL. Please close it to get rid of this error.
2026-04-05 13:50:30 3e78  InnoDB: Operating system error number 32 in a file operation.
InnoDB: The error means that another program is using InnoDB's files.
InnoDB: This might be a backup or antivirus software or another instance
InnoDB: of MySQL. Please close it to get rid of this error.
2026-04-05 13:50:40 3e78  InnoDB: Operating system error number 32 in a file operation.
InnoDB: The error means that another program is using InnoDB's files.
InnoDB: This might be a backup or antivirus software or another instance
InnoDB: of MySQL. Please close it to get rid of this error.
2026-04-05 13:50:50 3e78  InnoDB: Operating system error number 32 in a file operation.
InnoDB: The error means that another program is using InnoDB's files.
InnoDB: This might be a backup or antivirus software or another instance
InnoDB: of MySQL. Please close it to get rid of this error.
2026-04-05 13:51:00 3e78  InnoDB: Operating system error number 32 in a file operation.
InnoDB: The error means that another program is using InnoDB's files.
InnoDB: This might be a backup or antivirus software or another instance
InnoDB: of MySQL. Please close it to get rid of this error.
2026-04-05 13:51:10 3e78  InnoDB: Operating system error number 32 in a file operation.
InnoDB: The error means that another program is using InnoDB's files.
InnoDB: This might be a backup or antivirus software or another instance
InnoDB: of MySQL. Please close it to get rid of this error.
2026-04-05 13:51:20 3e78  InnoDB: Operating system error number 32 in a file operation.
InnoDB: The error means that another program is using InnoDB's files.
InnoDB: This might be a backup or antivirus software or another instance
InnoDB: of MySQL. Please close it to get rid of this error.
2026-04-05 13:51:30 3e78  InnoDB: Operating system error number 32 in a file operation.
InnoDB: The error means that another program is using InnoDB's files.
InnoDB: This might be a backup or antivirus software or another instance
InnoDB: of MySQL. Please close it to get rid of this error.
2026-04-05 13:51:40 3e78  InnoDB: Operating system error number 32 in a file operation.
InnoDB: The error means that another program is using InnoDB's files.
InnoDB: This might be a backup or antivirus software or another instance
InnoDB: of MySQL. Please close it to get rid of this error.
2026-04-05 13:51:50 3e78  InnoDB: Operating system error number 32 in a file operation.
InnoDB: The error means that another program is using InnoDB's files.
InnoDB: This might be a backup or antivirus software or another instance
InnoDB: of MySQL. Please close it to get rid of this error.
2026-04-05 13:52:00 3e78  InnoDB: Operating system error number 32 in a file operation.
InnoDB: The error means that another program is using InnoDB's files.
InnoDB: This might be a backup or antivirus software or another instance
InnoDB: of MySQL. Please close it to get rid of this error.
2026-04-05 13:52:10 3e78  InnoDB: Operating system error number 32 in a file operation.
InnoDB: The error means that another program is using InnoDB's files.
InnoDB: This might be a backup or antivirus software or another instance
InnoDB: of MySQL. Please close it to get rid of this error.
2026-04-05 13:52:20 3e78  InnoDB: Operating system error number 32 in a file operation.
InnoDB: The error means that another program is using InnoDB's files.
InnoDB: This might be a backup or antivirus software or another instance
InnoDB: of MySQL. Please close it to get rid of this error.
2026-04-05 13:52:30 3e78  InnoDB: Operating system error number 32 in a file operation.
InnoDB: The error means that another program is using InnoDB's files.
InnoDB: This might be a backup or antivirus software or another instance
InnoDB: of MySQL. Please close it to get rid of this error.
2026-04-05 13:52:40 3e78  InnoDB: Operating system error number 32 in a file operation.
InnoDB: The error means that another program is using InnoDB's files.
InnoDB: This might be a backup or antivirus software or another instance
InnoDB: of MySQL. Please close it to get rid of this error.
2026-04-05 13:52:50 3e78  InnoDB: Operating system error number 32 in a file operation.
InnoDB: The error means that another program is using InnoDB's files.
InnoDB: This might be a backup or antivirus software or another instance
InnoDB: of MySQL. Please close it to get rid of this error.
2026-04-05 13:53:00 3e78  InnoDB: Operating system error number 32 in a file operation.
InnoDB: The error means that another program is using InnoDB's files.
InnoDB: This might be a backup or antivirus software or another instance
InnoDB: of MySQL. Please close it to get rid of this error.
2026-04-05 13:53:10 3e78  InnoDB: Operating system error number 32 in a file operation.
InnoDB: The error means that another program is using InnoDB's files.
InnoDB: This might be a backup or antivirus software or another instance
InnoDB: of MySQL. Please close it to get rid of this error.
2026-04-05 13:53:20 3e78  InnoDB: Operating system error number 32 in a file operation.
InnoDB: The error means that another program is using InnoDB's files.
InnoDB: This might be a backup or antivirus software or another instance
InnoDB: of MySQL. Please close it to get rid of this error.
2026-04-05 13:53:30 3e78  InnoDB: Operating system error number 32 in a file operation.
InnoDB: The error means that another program is using InnoDB's files.
InnoDB: This might be a backup or antivirus software or another instance
InnoDB: of MySQL. Please close it to get rid of this error.
2026-04-05 13:53:40 3e78  InnoDB: Operating system error number 32 in a file operation.
InnoDB: The error means that another program is using InnoDB's files.
InnoDB: This might be a backup or antivirus software or another instance
InnoDB: of MySQL. Please close it to get rid of this error.
2026-04-05 13:53:50 3e78  InnoDB: Operating system error number 32 in a file operation.
InnoDB: The error means that another program is using InnoDB's files.
InnoDB: This might be a backup or antivirus software or another instance
InnoDB: of MySQL. Please close it to get rid of this error.
2026-04-05 13:54:00 3e78  InnoDB: Operating system error number 32 in a file operation.
InnoDB: The error means that another program is using InnoDB's files.
InnoDB: This might be a backup or antivirus software or another instance
InnoDB: of MySQL. Please close it to get rid of this error.
2026-04-05 13:54:10 3e78  InnoDB: Operating system error number 32 in a file operation.
InnoDB: The error means that another program is using InnoDB's files.
InnoDB: This might be a backup or antivirus software or another instance
InnoDB: of MySQL. Please close it to get rid of this error.
2026-04-05 13:54:20 3e78  InnoDB: Operating system error number 32 in a file operation.
InnoDB: The error means that another program is using InnoDB's files.
InnoDB: This might be a backup or antivirus software or another instance
InnoDB: of MySQL. Please close it to get rid of this error.
2026-04-05 13:54:30 3e78  InnoDB: Operating system error number 32 in a file operation.
InnoDB: The error means that another program is using InnoDB's files.
InnoDB: This might be a backup or antivirus software or another instance
InnoDB: of MySQL. Please close it to get rid of this error.
2026-04-05 13:54:40 3e78  InnoDB: Operating system error number 32 in a file operation.
InnoDB: The error means that another program is using InnoDB's files.
InnoDB: This might be a backup or antivirus software or another instance
InnoDB: of MySQL. Please close it to get rid of this error.
2026-04-05 13:54:50 3e78  InnoDB: Operating system error number 32 in a file operation.
InnoDB: The error means that another program is using InnoDB's files.
InnoDB: This might be a backup or antivirus software or another instance
InnoDB: of MySQL. Please close it to get rid of this error.
2026-04-05 13:55:00 3e78  InnoDB: Operating system error number 32 in a file operation.
InnoDB: The error means that another program is using InnoDB's files.
InnoDB: This might be a backup or antivirus software or another instance
InnoDB: of MySQL. Please close it to get rid of this error.
2026-04-05 13:55:10 3e78  InnoDB: Operating system error number 32 in a file operation.
InnoDB: The error means that another program is using InnoDB's files.
InnoDB: This might be a backup or antivirus software or another instance
InnoDB: of MySQL. Please close it to get rid of this error.
2026-04-05 13:55:20 3e78  InnoDB: Operating system error number 32 in a file operation.
InnoDB: The error means that another program is using InnoDB's files.
InnoDB: This might be a backup or antivirus software or another instance
InnoDB: of MySQL. Please close it to get rid of this error.
2026-04-05 13:55:30 3e78  InnoDB: Operating system error number 32 in a file operation.
InnoDB: The error means that another program is using InnoDB's files.
InnoDB: This might be a backup or antivirus software or another instance
InnoDB: of MySQL. Please close it to get rid of this error.
2026-04-05 13:55:40 3e78  InnoDB: Operating system error number 32 in a file operation.
InnoDB: The error means that another program is using InnoDB's files.
InnoDB: This might be a backup or antivirus software or another instance
InnoDB: of MySQL. Please close it to get rid of this error.
2026-04-05 13:55:50 3e78  InnoDB: Operating system error number 32 in a file operation.
InnoDB: The error means that another program is using InnoDB's files.
InnoDB: This might be a backup or antivirus software or another instance
InnoDB: of MySQL. Please close it to get rid of this error.
2026-04-05 13:56:00 3e78  InnoDB: Operating system error number 32 in a file operation.
InnoDB: The error means that another program is using InnoDB's files.
InnoDB: This might be a backup or antivirus software or another instance
InnoDB: of MySQL. Please close it to get rid of this error.
2026-04-05 13:56:10 3e78  InnoDB: Operating system error number 32 in a file operation.
InnoDB: The error means that another program is using InnoDB's files.
InnoDB: This might be a backup or antivirus software or another instance
InnoDB: of MySQL. Please close it to get rid of this error.
2026-04-05 13:56:20 3e78  InnoDB: Operating system error number 32 in a file operation.
InnoDB: The error means that another program is using InnoDB's files.
InnoDB: This might be a backup or antivirus software or another instance
InnoDB: of MySQL. Please close it to get rid of this error.
2026-04-05 13:56:30 3e78  InnoDB: Operating system error number 32 in a file operation.
InnoDB: The error means that another program is using InnoDB's files.
InnoDB: This might be a backup or antivirus software or another instance
InnoDB: of MySQL. Please close it to get rid of this error.
2026-04-05 13:56:40 3e78  InnoDB: Operating system error number 32 in a file operation.
InnoDB: The error means that another program is using InnoDB's files.
InnoDB: This might be a backup or antivirus software or another instance
InnoDB: of MySQL. Please close it to get rid of this error.
2026-04-05 13:56:50 3e78  InnoDB: Operating system error number 32 in a file operation.
InnoDB: The error means that another program is using InnoDB's files.
InnoDB: This might be a backup or antivirus software or another instance
InnoDB: of MySQL. Please close it to get rid of this error.
2026-04-05 13:57:00 3e78  InnoDB: Operating system error number 32 in a file operation.
InnoDB: The error means that another program is using InnoDB's files.
InnoDB: This might be a backup or antivirus software or another instance
InnoDB: of MySQL. Please close it to get rid of this error.
2026-04-05 13:57:10 3e78  InnoDB: Operating system error number 32 in a file operation.
InnoDB: The error means that another program is using InnoDB's files.
InnoDB: This might be a backup or antivirus software or another instance
InnoDB: of MySQL. Please close it to get rid of this error.
2026-04-05 13:57:20 3e78  InnoDB: Operating system error number 32 in a file operation.
InnoDB: The error means that another program is using InnoDB's files.
InnoDB: This might be a backup or antivirus software or another instance
InnoDB: of MySQL. Please close it to get rid of this error.
2026-04-05 13:57:30 3e78  InnoDB: Operating system error number 32 in a file operation.
InnoDB: The error means that another program is using InnoDB's files.
InnoDB: This might be a backup or antivirus software or another instance
InnoDB: of MySQL. Please close it to get rid of this error.
2026-04-05 13:57:40 3e78  InnoDB: Operating system error number 32 in a file operation.
InnoDB: The error means that another program is using InnoDB's files.
InnoDB: This might be a backup or antivirus software or another instance
InnoDB: of MySQL. Please close it to get rid of this error.
2026-04-05 13:57:50 3e78  InnoDB: Operating system error number 32 in a file operation.
InnoDB: The error means that another program is using InnoDB's files.
InnoDB: This might be a backup or antivirus software or another instance
InnoDB: of MySQL. Please close it to get rid of this error.
2026-04-05 13:58:00 3e78  InnoDB: Operating system error number 32 in a file operation.
InnoDB: The error means that another program is using InnoDB's files.
InnoDB: This might be a backup or antivirus software or another instance
InnoDB: of MySQL. Please close it to get rid of this error.
2026-04-05 13:58:10 3e78  InnoDB: Operating system error number 32 in a file operation.
InnoDB: The error means that another program is using InnoDB's files.
InnoDB: This might be a backup or antivirus software or another instance
InnoDB: of MySQL. Please close it to get rid of this error.
2026-04-05 13:58:20 3e78  InnoDB: Operating system error number 32 in a file operation.
InnoDB: The error means that another program is using InnoDB's files.
InnoDB: This might be a backup or antivirus software or another instance
InnoDB: of MySQL. Please close it to get rid of this error.
2026-04-05 13:58:30 3e78  InnoDB: Operating system error number 32 in a file operation.
InnoDB: The error means that another program is using InnoDB's files.
InnoDB: This might be a backup or antivirus software or another instance
InnoDB: of MySQL. Please close it to get rid of this error.
2026-04-05 13:58:40 3e78  InnoDB: Operating system error number 32 in a file operation.
InnoDB: The error means that another program is using InnoDB's files.
InnoDB: This might be a backup or antivirus software or another instance
InnoDB: of MySQL. Please close it to get rid of this error.
2026-04-05 13:58:50 3e78  InnoDB: Operating system error number 32 in a file operation.
InnoDB: The error means that another program is using InnoDB's files.
InnoDB: This might be a backup or antivirus software or another instance
InnoDB: of MySQL. Please close it to get rid of this error.
2026-04-05 13:59:00 3e78  InnoDB: Operating system error number 32 in a file operation.
InnoDB: The error means that another program is using InnoDB's files.
InnoDB: This might be a backup or antivirus software or another instance
InnoDB: of MySQL. Please close it to get rid of this error.
2026-04-05 13:59:10 3e78  InnoDB: Operating system error number 32 in a file operation.
InnoDB: The error means that another program is using InnoDB's files.
InnoDB: This might be a backup or antivirus software or another instance
InnoDB: of MySQL. Please close it to get rid of this error.
2026-04-05 13:59:20 3e78  InnoDB: Operating system error number 32 in a file operation.
InnoDB: The error means that another program is using InnoDB's files.
InnoDB: This might be a backup or antivirus software or another instance
InnoDB: of MySQL. Please close it to get rid of this error.
2026-04-05 13:59:30 3e78  InnoDB: Operating system error number 32 in a file operation.
InnoDB: The error means that another program is using InnoDB's files.
InnoDB: This might be a backup or antivirus software or another instance
InnoDB: of MySQL. Please close it to get rid of this error.
2026-04-05 13:59:40 3e78  InnoDB: Operating system error number 32 in a file operation.
InnoDB: The error means that another program is using InnoDB's files.
InnoDB: This might be a backup or antivirus software or another instance
InnoDB: of MySQL. Please close it to get rid of this error.
2026-04-05 13:59:50 3e78  InnoDB: Operating system error number 32 in a file operation.
InnoDB: The error means that another program is using InnoDB's files.
InnoDB: This might be a backup or antivirus software or another instance
InnoDB: of MySQL. Please close it to get rid of this error.
2026-04-05 14:00:00 3e78  InnoDB: Operating system error number 32 in a file operation.
InnoDB: The error means that another program is using InnoDB's files.
InnoDB: This might be a backup or antivirus software or another instance
InnoDB: of MySQL. Please close it to get rid of this error.
2026-04-05 14:00:10 3e78  InnoDB: Operating system error number 32 in a file operation.
InnoDB: The error means that another program is using InnoDB's files.
InnoDB: This might be a backup or antivirus software or another instance
InnoDB: of MySQL. Please close it to get rid of this error.
2026-04-05 14:00:20 3e78  InnoDB: Operating system error number 32 in a file operation.
InnoDB: The error means that another program is using InnoDB's files.
InnoDB: This might be a backup or antivirus software or another instance
InnoDB: of MySQL. Please close it to get rid of this error.
2026-04-05 14:00:30 3e78  InnoDB: Operating system error number 32 in a file operation.
InnoDB: The error means that another program is using InnoDB's files.
InnoDB: This might be a backup or antivirus software or another instance
InnoDB: of MySQL. Please close it to get rid of this error.
2026-04-05 14:00:40 3e78  InnoDB: Operating system error number 32 in a file operation.
InnoDB: The error means that another program is using InnoDB's files.
InnoDB: This might be a backup or antivirus software or another instance
InnoDB: of MySQL. Please close it to get rid of this error.
2026-04-05 14:00:50 3e78  InnoDB: Operating system error number 32 in a file operation.
InnoDB: The error means that another program is using InnoDB's files.
InnoDB: This might be a backup or antivirus software or another instance
InnoDB: of MySQL. Please close it to get rid of this error.
2026-04-05 14:01:00 3e78  InnoDB: Operating system error number 32 in a file operation.
InnoDB: The error means that another program is using InnoDB's files.
InnoDB: This might be a backup or antivirus software or another instance
InnoDB: of MySQL. Please close it to get rid of this error.
2026-04-05 14:01:10 3e78  InnoDB: Operating system error number 32 in a file operation.
InnoDB: The error means that another program is using InnoDB's files.
InnoDB: This might be a backup or antivirus software or another instance
InnoDB: of MySQL. Please close it to get rid of this error.
2026-04-05 14:01:20 3e78  InnoDB: Operating system error number 32 in a file operation.
InnoDB: The error means that another program is using InnoDB's files.
InnoDB: This might be a backup or antivirus software or another instance
InnoDB: of MySQL. Please close it to get rid of this error.
2026-04-05 14:01:30 3e78  InnoDB: Operating system error number 32 in a file operation.
InnoDB: The error means that another program is using InnoDB's files.
InnoDB: This might be a backup or antivirus software or another instance
InnoDB: of MySQL. Please close it to get rid of this error.
2026-04-05 14:01:40 3e78  InnoDB: Operating system error number 32 in a file operation.
InnoDB: The error means that another program is using InnoDB's files.
InnoDB: This might be a backup or antivirus software or another instance
InnoDB: of MySQL. Please close it to get rid of this error.
2026-04-05 14:01:50 3e78  InnoDB: Operating system error number 32 in a file operation.
InnoDB: The error means that another program is using InnoDB's files.
InnoDB: This might be a backup or antivirus software or another instance
InnoDB: of MySQL. Please close it to get rid of this error.
2026-04-05 14:02:00 3e78  InnoDB: Operating system error number 32 in a file operation.
InnoDB: The error means that another program is using InnoDB's files.
InnoDB: This might be a backup or antivirus software or another instance
InnoDB: of MySQL. Please close it to get rid of this error.
2026-04-05 14:02:10 3e78  InnoDB: Operating system error number 32 in a file operation.
InnoDB: The error means that another program is using InnoDB's files.
InnoDB: This might be a backup or antivirus software or another instance
InnoDB: of MySQL. Please close it to get rid of this error.
2026-04-05 14:02:20 3e78  InnoDB: Operating system error number 32 in a file operation.
InnoDB: The error means that another program is using InnoDB's files.
InnoDB: This might be a backup or antivirus software or another instance
InnoDB: of MySQL. Please close it to get rid of this error.
2026-04-05 14:02:30 3e78  InnoDB: Operating system error number 32 in a file operation.
InnoDB: The error means that another program is using InnoDB's files.
InnoDB: This might be a backup or antivirus software or another instance
InnoDB: of MySQL. Please close it to get rid of this error.
2026-04-05 14:02:40 3e78  InnoDB: Operating system error number 32 in a file operation.
InnoDB: The error means that another program is using InnoDB's files.
InnoDB: This might be a backup or antivirus software or another instance
InnoDB: of MySQL. Please close it to get rid of this error.
2026-04-05 14:02:50 3e78  InnoDB: Operating system error number 32 in a file operation.
InnoDB: The error means that another program is using InnoDB's files.
InnoDB: This might be a backup or antivirus software or another instance
InnoDB: of MySQL. Please close it to get rid of this error.
2026-04-05 14:03:00 3e78  InnoDB: Operating system error number 32 in a file operation.
InnoDB: The error means that another program is using InnoDB's files.
InnoDB: This might be a backup or antivirus software or another instance
InnoDB: of MySQL. Please close it to get rid of this error.
2026-04-05 14:03:11 3e78  InnoDB: Operating system error number 32 in a file operation.
InnoDB: The error means that another program is using InnoDB's files.
InnoDB: This might be a backup or antivirus software or another instance
InnoDB: of MySQL. Please close it to get rid of this error.
2026-04-05 14:03:21 3e78  InnoDB: Operating system error number 32 in a file operation.
InnoDB: The error means that another program is using InnoDB's files.
InnoDB: This might be a backup or antivirus software or another instance
InnoDB: of MySQL. Please close it to get rid of this error.
2026-04-05 14:03:31 3e78  InnoDB: Operating system error number 32 in a file operation.
InnoDB: The error means that another program is using InnoDB's files.
InnoDB: This might be a backup or antivirus software or another instance
InnoDB: of MySQL. Please close it to get rid of this error.
2026-04-05 14:03:41 3e78  InnoDB: Operating system error number 32 in a file operation.
InnoDB: The error means that another program is using InnoDB's files.
InnoDB: This might be a backup or antivirus software or another instance
InnoDB: of MySQL. Please close it to get rid of this error.
2026-04-05 14:03:51 3e78  InnoDB: Operating system error number 32 in a file operation.
InnoDB: The error means that another program is using InnoDB's files.
InnoDB: This might be a backup or antivirus software or another instance
InnoDB: of MySQL. Please close it to get rid of this error.
2026-04-05 14:04:01 3e78  InnoDB: Operating system error number 32 in a file operation.
InnoDB: The error means that another program is using InnoDB's files.
InnoDB: This might be a backup or antivirus software or another instance
InnoDB: of MySQL. Please close it to get rid of this error.
2026-04-05 14:04:11 3e78  InnoDB: Operating system error number 32 in a file operation.
InnoDB: The error means that another program is using InnoDB's files.
InnoDB: This might be a backup or antivirus software or another instance
InnoDB: of MySQL. Please close it to get rid of this error.
2026-04-05 14:04:21 3e78  InnoDB: Operating system error number 32 in a file operation.
InnoDB: The error means that another program is using InnoDB's files.
InnoDB: This might be a backup or antivirus software or another instance
InnoDB: of MySQL. Please close it to get rid of this error.
2026-04-05 14:04:31 3e78  InnoDB: Operating system error number 32 in a file operation.
InnoDB: The error means that another program is using InnoDB's files.
InnoDB: This might be a backup or antivirus software or another instance
InnoDB: of MySQL. Please close it to get rid of this error.
2026-04-05 14:04:41 3e78  InnoDB: Operating system error number 32 in a file operation.
InnoDB: The error means that another program is using InnoDB's files.
InnoDB: This might be a backup or antivirus software or another instance
InnoDB: of MySQL. Please close it to get rid of this error.
2026-04-05 14:04:51 3e78  InnoDB: Operating system error number 32 in a file operation.
InnoDB: The error means that another program is using InnoDB's files.
InnoDB: This might be a backup or antivirus software or another instance
InnoDB: of MySQL. Please close it to get rid of this error.
2026-04-05 14:05:01 3e78  InnoDB: Operating system error number 32 in a file operation.
InnoDB: The error means that another program is using InnoDB's files.
InnoDB: This might be a backup or antivirus software or another instance
InnoDB: of MySQL. Please close it to get rid of this error.
2026-04-05 14:05:11 3e78  InnoDB: Operating system error number 32 in a file operation.
InnoDB: The error means that another program is using InnoDB's files.
InnoDB: This might be a backup or antivirus software or another instance
InnoDB: of MySQL. Please close it to get rid of this error.
2026-04-05 14:05:21 3e78  InnoDB: Operating system error number 32 in a file operation.
InnoDB: The error means that another program is using InnoDB's files.
InnoDB: This might be a backup or antivirus software or another instance
InnoDB: of MySQL. Please close it to get rid of this error.
2026-04-05 14:05:31 3e78  InnoDB: Operating system error number 32 in a file operation.
InnoDB: The error means that another program is using InnoDB's files.
InnoDB: This might be a backup or antivirus software or another instance
InnoDB: of MySQL. Please close it to get rid of this error.
2026-04-05 14:05:41 3e78  InnoDB: Operating system error number 32 in a file operation.
InnoDB: The error means that another program is using InnoDB's files.
InnoDB: This might be a backup or antivirus software or another instance
InnoDB: of MySQL. Please close it to get rid of this error.
2026-04-05 14:05:51 3e78  InnoDB: Operating system error number 32 in a file operation.
InnoDB: The error means that another program is using InnoDB's files.
InnoDB: This might be a backup or antivirus software or another instance
InnoDB: of MySQL. Please close it to get rid of this error.
2026-04-05 14:06:01 3e78  InnoDB: Operating system error number 32 in a file operation.
InnoDB: The error means that another program is using InnoDB's files.
InnoDB: This might be a backup or antivirus software or another instance
InnoDB: of MySQL. Please close it to get rid of this error.
2026-04-05 14:06:11 3e78  InnoDB: Operating system error number 32 in a file operation.
InnoDB: The error means that another program is using InnoDB's files.
InnoDB: This might be a backup or antivirus software or another instance
InnoDB: of MySQL. Please close it to get rid of this error.
2026-04-05 14:06:21 3e78  InnoDB: Operating system error number 32 in a file operation.
InnoDB: The error means that another program is using InnoDB's files.
InnoDB: This might be a backup or antivirus software or another instance
InnoDB: of MySQL. Please close it to get rid of this error.
2026-04-05 14:06:31 3e78  InnoDB: Operating system error number 32 in a file operation.
InnoDB: The error means that another program is using InnoDB's files.
InnoDB: This might be a backup or antivirus software or another instance
InnoDB: of MySQL. Please close it to get rid of this error.
2026-04-05 14:06:41 3e78  InnoDB: Operating system error number 32 in a file operation.
InnoDB: The error means that another program is using InnoDB's files.
InnoDB: This might be a backup or antivirus software or another instance
InnoDB: of MySQL. Please close it to get rid of this error.
2026-04-05 14:06:51 3e78  InnoDB: Operating system error number 32 in a file operation.
InnoDB: The error means that another program is using InnoDB's files.
InnoDB: This might be a backup or antivirus software or another instance
InnoDB: of MySQL. Please close it to get rid of this error.
2026-04-05 14:07:01 3e78  InnoDB: Operating system error number 32 in a file operation.
InnoDB: The error means that another program is using InnoDB's files.
InnoDB: This might be a backup or antivirus software or another instance
InnoDB: of MySQL. Please close it to get rid of this error.
2026-04-05 14:07:11 3e78  InnoDB: Operating system error number 32 in a file operation.
InnoDB: The error means that another program is using InnoDB's files.
InnoDB: This might be a backup or antivirus software or another instance
InnoDB: of MySQL. Please close it to get rid of this error.
2026-04-05 14:07:21 3e78  InnoDB: Operating system error number 32 in a file operation.
InnoDB: The error means that another program is using InnoDB's files.
InnoDB: This might be a backup or antivirus software or another instance
InnoDB: of MySQL. Please close it to get rid of this error.
2026-04-05 14:07:31 3e78  InnoDB: Operating system error number 32 in a file operation.
InnoDB: The error means that another program is using InnoDB's files.
InnoDB: This might be a backup or antivirus software or another instance
InnoDB: of MySQL. Please close it to get rid of this error.
2026-04-05 14:07:41 3e78  InnoDB: Operating system error number 32 in a file operation.
InnoDB: The error means that another program is using InnoDB's files.
InnoDB: This might be a backup or antivirus software or another instance
InnoDB: of MySQL. Please close it to get rid of this error.
2026-04-05 14:07:51 3e78  InnoDB: Operating system error number 32 in a file operation.
InnoDB: The error means that another program is using InnoDB's files.
InnoDB: This might be a backup or antivirus software or another instance
InnoDB: of MySQL. Please close it to get rid of this error.
2026-04-05 14:08:01 3e78  InnoDB: Operating system error number 32 in a file operation.
InnoDB: The error means that another program is using InnoDB's files.
InnoDB: This might be a backup or antivirus software or another instance
InnoDB: of MySQL. Please close it to get rid of this error.
2026-04-05 14:08:11 3e78  InnoDB: Operating system error number 32 in a file operation.
InnoDB: The error means that another program is using InnoDB's files.
InnoDB: This might be a backup or antivirus software or another instance
InnoDB: of MySQL. Please close it to get rid of this error.
2026-04-05 14:08:21 3e78  InnoDB: Operating system error number 32 in a file operation.
InnoDB: The error means that another program is using InnoDB's files.
InnoDB: This might be a backup or antivirus software or another instance
InnoDB: of MySQL. Please close it to get rid of this error.
2026-04-05 14:08:31 3e78  InnoDB: Operating system error number 32 in a file operation.
InnoDB: The error means that another program is using InnoDB's files.
InnoDB: This might be a backup or antivirus software or another instance
InnoDB: of MySQL. Please close it to get rid of this error.
2026-04-05 14:08:41 3e78  InnoDB: Operating system error number 32 in a file operation.
InnoDB: The error means that another program is using InnoDB's files.
InnoDB: This might be a backup or antivirus software or another instance
InnoDB: of MySQL. Please close it to get rid of this error.
2026-04-05 14:08:51 3e78  InnoDB: Operating system error number 32 in a file operation.
InnoDB: The error means that another program is using InnoDB's files.
InnoDB: This might be a backup or antivirus software or another instance
InnoDB: of MySQL. Please close it to get rid of this error.
2026-04-05 14:09:01 3e78  InnoDB: Operating system error number 32 in a file operation.
InnoDB: The error means that another program is using InnoDB's files.
InnoDB: This might be a backup or antivirus software or another instance
InnoDB: of MySQL. Please close it to get rid of this error.
2026-04-05 14:09:11 3e78  InnoDB: Operating system error number 32 in a file operation.
InnoDB: The error means that another program is using InnoDB's files.
InnoDB: This might be a backup or antivirus software or another instance
InnoDB: of MySQL. Please close it to get rid of this error.
2026-04-05 14:09:21 3e78  InnoDB: Operating system error number 32 in a file operation.
InnoDB: The error means that another program is using InnoDB's files.
InnoDB: This might be a backup or antivirus software or another instance
InnoDB: of MySQL. Please close it to get rid of this error.
2026-04-05 14:09:31 3e78  InnoDB: Operating system error number 32 in a file operation.
InnoDB: The error means that another program is using InnoDB's files.
InnoDB: This might be a backup or antivirus software or another instance
InnoDB: of MySQL. Please close it to get rid of this error.
2026-04-05 14:09:41 3e78  InnoDB: Operating system error number 32 in a file operation.
InnoDB: The error means that another program is using InnoDB's files.
InnoDB: This might be a backup or antivirus software or another instance
InnoDB: of MySQL. Please close it to get rid of this error.
2026-04-05 14:09:51 3e78  InnoDB: Operating system error number 32 in a file operation.
InnoDB: The error means that another program is using InnoDB's files.
InnoDB: This might be a backup or antivirus software or another instance
InnoDB: of MySQL. Please close it to get rid of this error.
2026-04-05 14:10:01 3e78  InnoDB: Operating system error number 32 in a file operation.
InnoDB: The error means that another program is using InnoDB's files.
InnoDB: This might be a backup or antivirus software or another instance
InnoDB: of MySQL. Please close it to get rid of this error.
2026-04-05 14:10:11 3e78  InnoDB: Operating system error number 32 in a file operation.
InnoDB: The error means that another program is using InnoDB's files.
InnoDB: This might be a backup or antivirus software or another instance
InnoDB: of MySQL. Please close it to get rid of this error.
2026-04-05 14:10:21 3e78  InnoDB: Operating system error number 32 in a file operation.
InnoDB: The error means that another program is using InnoDB's files.
InnoDB: This might be a backup or antivirus software or another instance
InnoDB: of MySQL. Please close it to get rid of this error.
2026-04-05 14:10:31 3e78  InnoDB: Operating system error number 32 in a file operation.
InnoDB: The error means that another program is using InnoDB's files.
InnoDB: This might be a backup or antivirus software or another instance
InnoDB: of MySQL. Please close it to get rid of this error.
2026-04-05 14:10:41 3e78  InnoDB: Operating system error number 32 in a file operation.
InnoDB: The error means that another program is using InnoDB's files.
InnoDB: This might be a backup or antivirus software or another instance
InnoDB: of MySQL. Please close it to get rid of this error.
2026-04-05 14:10:51 3e78  InnoDB: Operating system error number 32 in a file operation.
InnoDB: The error means that another program is using InnoDB's files.
InnoDB: This might be a backup or antivirus software or another instance
InnoDB: of MySQL. Please close it to get rid of this error.
2026-04-05 14:11:01 3e78  InnoDB: Operating system error number 32 in a file operation.
InnoDB: The error means that another program is using InnoDB's files.
InnoDB: This might be a backup or antivirus software or another instance
InnoDB: of MySQL. Please close it to get rid of this error.
2026-04-05 14:11:11 3e78  InnoDB: Operating system error number 32 in a file operation.
InnoDB: The error means that another program is using InnoDB's files.
InnoDB: This might be a backup or antivirus software or another instance
InnoDB: of MySQL. Please close it to get rid of this error.
2026-04-05 14:11:21 3e78  InnoDB: Operating system error number 32 in a file operation.
InnoDB: The error means that another program is using InnoDB's files.
InnoDB: This might be a backup or antivirus software or another instance
InnoDB: of MySQL. Please close it to get rid of this error.
2026-04-05 14:11:31 3e78  InnoDB: Operating system error number 32 in a file operation.
InnoDB: The error means that another program is using InnoDB's files.
InnoDB: This might be a backup or antivirus software or another instance
InnoDB: of MySQL. Please close it to get rid of this error.
2026-04-05 14:11:41 3e78  InnoDB: Operating system error number 32 in a file operation.
InnoDB: The error means that another program is using InnoDB's files.
InnoDB: This might be a backup or antivirus software or another instance
InnoDB: of MySQL. Please close it to get rid of this error.
2026-04-05 14:11:51 3e78  InnoDB: Operating system error number 32 in a file operation.
InnoDB: The error means that another program is using InnoDB's files.
InnoDB: This might be a backup or antivirus software or another instance
InnoDB: of MySQL. Please close it to get rid of this error.
2026-04-05 14:12:01 3e78  InnoDB: Operating system error number 32 in a file operation.
InnoDB: The error means that another program is using InnoDB's files.
InnoDB: This might be a backup or antivirus software or another instance
InnoDB: of MySQL. Please close it to get rid of this error.
2026-04-05 14:12:11 3e78  InnoDB: Operating system error number 32 in a file operation.
InnoDB: The error means that another program is using InnoDB's files.
InnoDB: This might be a backup or antivirus software or another instance
InnoDB: of MySQL. Please close it to get rid of this error.
2026-04-05 14:12:21 3e78  InnoDB: Operating system error number 32 in a file operation.
InnoDB: The error means that another program is using InnoDB's files.
InnoDB: This might be a backup or antivirus software or another instance
InnoDB: of MySQL. Please close it to get rid of this error.
2026-04-05 14:12:31 3e78  InnoDB: Operating system error number 32 in a file operation.
InnoDB: The error means that another program is using InnoDB's files.
InnoDB: This might be a backup or antivirus software or another instance
InnoDB: of MySQL. Please close it to get rid of this error.
2026-04-05 14:12:41 3e78  InnoDB: Operating system error number 32 in a file operation.
InnoDB: The error means that another program is using InnoDB's files.
InnoDB: This might be a backup or antivirus software or another instance
InnoDB: of MySQL. Please close it to get rid of this error.
2026-04-05 14:12:51 3e78  InnoDB: Operating system error number 32 in a file operation.
InnoDB: The error means that another program is using InnoDB's files.
InnoDB: This might be a backup or antivirus software or another instance
InnoDB: of MySQL. Please close it to get rid of this error.
2026-04-05 14:13:01 3e78  InnoDB: Operating system error number 32 in a file operation.
InnoDB: The error means that another program is using InnoDB's files.
InnoDB: This might be a backup or antivirus software or another instance
InnoDB: of MySQL. Please close it to get rid of this error.
2026-04-05 14:13:11 3e78  InnoDB: Operating system error number 32 in a file operation.
InnoDB: The error means that another program is using InnoDB's files.
InnoDB: This might be a backup or antivirus software or another instance
InnoDB: of MySQL. Please close it to get rid of this error.
2026-04-05 14:13:21 3e78  InnoDB: Operating system error number 32 in a file operation.
InnoDB: The error means that another program is using InnoDB's files.
InnoDB: This might be a backup or antivirus software or another instance
InnoDB: of MySQL. Please close it to get rid of this error.
2026-04-05 14:13:31 3e78  InnoDB: Operating system error number 32 in a file operation.
InnoDB: The error means that another program is using InnoDB's files.
InnoDB: This might be a backup or antivirus software or another instance
InnoDB: of MySQL. Please close it to get rid of this error.
2026-04-05 14:13:41 3e78  InnoDB: Operating system error number 32 in a file operation.
InnoDB: The error means that another program is using InnoDB's files.
InnoDB: This might be a backup or antivirus software or another instance
InnoDB: of MySQL. Please close it to get rid of this error.
2026-04-05 14:13:51 3e78  InnoDB: Operating system error number 32 in a file operation.
InnoDB: The error means that another program is using InnoDB's files.
InnoDB: This might be a backup or antivirus software or another instance
InnoDB: of MySQL. Please close it to get rid of this error.
2026-04-05 14:14:01 3e78  InnoDB: Operating system error number 32 in a file operation.
InnoDB: The error means that another program is using InnoDB's files.
InnoDB: This might be a backup or antivirus software or another instance
InnoDB: of MySQL. Please close it to get rid of this error.
2026-04-05 14:14:11 3e78  InnoDB: Operating system error number 32 in a file operation.
InnoDB: The error means that another program is using InnoDB's files.
InnoDB: This might be a backup or antivirus software or another instance
InnoDB: of MySQL. Please close it to get rid of this error.
2026-04-05 14:14:21 3e78  InnoDB: Operating system error number 32 in a file operation.
InnoDB: The error means that another program is using InnoDB's files.
InnoDB: This might be a backup or antivirus software or another instance
InnoDB: of MySQL. Please close it to get rid of this error.
2026-04-05 14:14:31 3e78  InnoDB: Operating system error number 32 in a file operation.
InnoDB: The error means that another program is using InnoDB's files.
InnoDB: This might be a backup or antivirus software or another instance
InnoDB: of MySQL. Please close it to get rid of this error.
2026-04-05 14:14:41 3e78  InnoDB: Operating system error number 32 in a file operation.
InnoDB: The error means that another program is using InnoDB's files.
InnoDB: This might be a backup or antivirus software or another instance
InnoDB: of MySQL. Please close it to get rid of this error.
2026-04-05 14:14:51 3e78  InnoDB: Operating system error number 32 in a file operation.
InnoDB: The error means that another program is using InnoDB's files.
InnoDB: This might be a backup or antivirus software or another instance
InnoDB: of MySQL. Please close it to get rid of this error.
2026-04-05 14:15:01 3e78  InnoDB: Operating system error number 32 in a file operation.
InnoDB: The error means that another program is using InnoDB's files.
InnoDB: This might be a backup or antivirus software or another instance
InnoDB: of MySQL. Please close it to get rid of this error.
2026-04-05 14:15:11 3e78  InnoDB: Operating system error number 32 in a file operation.
InnoDB: The error means that another program is using InnoDB's files.
InnoDB: This might be a backup or antivirus software or another instance
InnoDB: of MySQL. Please close it to get rid of this error.
2026-04-05 14:15:21 3e78  InnoDB: Operating system error number 32 in a file operation.
InnoDB: The error means that another program is using InnoDB's files.
InnoDB: This might be a backup or antivirus software or another instance
InnoDB: of MySQL. Please close it to get rid of this error.
2026-04-05 14:15:31 3e78  InnoDB: Operating system error number 32 in a file operation.
InnoDB: The error means that another program is using InnoDB's files.
InnoDB: This might be a backup or antivirus software or another instance
InnoDB: of MySQL. Please close it to get rid of this error.
2026-04-05 14:15:41 3e78  InnoDB: Operating system error number 32 in a file operation.
InnoDB: The error means that another program is using InnoDB's files.
InnoDB: This might be a backup or antivirus software or another instance
InnoDB: of MySQL. Please close it to get rid of this error.
2026-04-05 14:15:51 3e78  InnoDB: Operating system error number 32 in a file operation.
InnoDB: The error means that another program is using InnoDB's files.
InnoDB: This might be a backup or antivirus software or another instance
InnoDB: of MySQL. Please close it to get rid of this error.
2026-04-05 14:16:01 3e78  InnoDB: Operating system error number 32 in a file operation.
InnoDB: The error means that another program is using InnoDB's files.
InnoDB: This might be a backup or antivirus software or another instance
InnoDB: of MySQL. Please close it to get rid of this error.
2026-04-05 14:16:11 3e78  InnoDB: Operating system error number 32 in a file operation.
InnoDB: The error means that another program is using InnoDB's files.
InnoDB: This might be a backup or antivirus software or another instance
InnoDB: of MySQL. Please close it to get rid of this error.
2026-04-05 14:16:21 3e78  InnoDB: Operating system error number 32 in a file operation.
InnoDB: The error means that another program is using InnoDB's files.
InnoDB: This might be a backup or antivirus software or another instance
InnoDB: of MySQL. Please close it to get rid of this error.
2026-04-05 14:16:31 3e78  InnoDB: Operating system error number 32 in a file operation.
InnoDB: The error means that another program is using InnoDB's files.
InnoDB: This might be a backup or antivirus software or another instance
InnoDB: of MySQL. Please close it to get rid of this error.
2026-04-05 14:16:41 3e78  InnoDB: Operating system error number 32 in a file operation.
InnoDB: The error means that another program is using InnoDB's files.
InnoDB: This might be a backup or antivirus software or another instance
InnoDB: of MySQL. Please close it to get rid of this error.
2026-04-05 14:16:51 3e78  InnoDB: Operating system error number 32 in a file operation.
InnoDB: The error means that another program is using InnoDB's files.
InnoDB: This might be a backup or antivirus software or another instance
InnoDB: of MySQL. Please close it to get rid of this error.
2026-04-05 14:17:01 3e78  InnoDB: Operating system error number 32 in a file operation.
InnoDB: The error means that another program is using InnoDB's files.
InnoDB: This might be a backup or antivirus software or another instance
InnoDB: of MySQL. Please close it to get rid of this error.
2026-04-05 14:17:11 3e78  InnoDB: Operating system error number 32 in a file operation.
InnoDB: The error means that another program is using InnoDB's files.
InnoDB: This might be a backup or antivirus software or another instance
InnoDB: of MySQL. Please close it to get rid of this error.
2026-04-05 14:17:21 3e78  InnoDB: Operating system error number 32 in a file operation.
InnoDB: The error means that another program is using InnoDB's files.
InnoDB: This might be a backup or antivirus software or another instance
InnoDB: of MySQL. Please close it to get rid of this error.
2026-04-05 14:17:31 3e78  InnoDB: Operating system error number 32 in a file operation.
InnoDB: The error means that another program is using InnoDB's files.
InnoDB: This might be a backup or antivirus software or another instance
InnoDB: of MySQL. Please close it to get rid of this error.
2026-04-05 14:17:41 3e78  InnoDB: Operating system error number 32 in a file operation.
InnoDB: The error means that another program is using InnoDB's files.
InnoDB: This might be a backup or antivirus software or another instance
InnoDB: of MySQL. Please close it to get rid of this error.
2026-04-05 14:17:51 3e78  InnoDB: Operating system error number 32 in a file operation.
InnoDB: The error means that another program is using InnoDB's files.
InnoDB: This might be a backup or antivirus software or another instance
InnoDB: of MySQL. Please close it to get rid of this error.
2026-04-05 14:18:01 3e78  InnoDB: Operating system error number 32 in a file operation.
InnoDB: The error means that another program is using InnoDB's files.
InnoDB: This might be a backup or antivirus software or another instance
InnoDB: of MySQL. Please close it to get rid of this error.
2026-04-05 14:18:11 3e78  InnoDB: Operating system error number 32 in a file operation.
InnoDB: The error means that another program is using InnoDB's files.
InnoDB: This might be a backup or antivirus software or another instance
InnoDB: of MySQL. Please close it to get rid of this error.
2026-04-05 14:18:21 3e78  InnoDB: Operating system error number 32 in a file operation.
InnoDB: The error means that another program is using InnoDB's files.
InnoDB: This might be a backup or antivirus software or another instance
InnoDB: of MySQL. Please close it to get rid of this error.
2026-04-05 14:18:31 3e78  InnoDB: Operating system error number 32 in a file operation.
InnoDB: The error means that another program is using InnoDB's files.
InnoDB: This might be a backup or antivirus software or another instance
InnoDB: of MySQL. Please close it to get rid of this error.
2026-04-05 14:18:41 3e78  InnoDB: Operating system error number 32 in a file operation.
InnoDB: The error means that another program is using InnoDB's files.
InnoDB: This might be a backup or antivirus software or another instance
InnoDB: of MySQL. Please close it to get rid of this error.
2026-04-05 14:18:51 3e78  InnoDB: Operating system error number 32 in a file operation.
InnoDB: The error means that another program is using InnoDB's files.
InnoDB: This might be a backup or antivirus software or another instance
InnoDB: of MySQL. Please close it to get rid of this error.
2026-04-05 14:19:01 3e78  InnoDB: Operating system error number 32 in a file operation.
InnoDB: The error means that another program is using InnoDB's files.
InnoDB: This might be a backup or antivirus software or another instance
InnoDB: of MySQL. Please close it to get rid of this error.
2026-04-05 14:19:11 3e78  InnoDB: Operating system error number 32 in a file operation.
InnoDB: The error means that another program is using InnoDB's files.
InnoDB: This might be a backup or antivirus software or another instance
InnoDB: of MySQL. Please close it to get rid of this error.
2026-04-05 14:19:21 3e78  InnoDB: Operating system error number 32 in a file operation.
InnoDB: The error means that another program is using InnoDB's files.
InnoDB: This might be a backup or antivirus software or another instance
InnoDB: of MySQL. Please close it to get rid of this error.
2026-04-05 14:19:32 3e78  InnoDB: Operating system error number 32 in a file operation.
InnoDB: The error means that another program is using InnoDB's files.
InnoDB: This might be a backup or antivirus software or another instance
InnoDB: of MySQL. Please close it to get rid of this error.
2026-04-05 14:19:42 3e78  InnoDB: Operating system error number 32 in a file operation.
InnoDB: The error means that another program is using InnoDB's files.
InnoDB: This might be a backup or antivirus software or another instance
InnoDB: of MySQL. Please close it to get rid of this error.
2026-04-05 14:19:52 3e78  InnoDB: Operating system error number 32 in a file operation.
InnoDB: The error means that another program is using InnoDB's files.
InnoDB: This might be a backup or antivirus software or another instance
InnoDB: of MySQL. Please close it to get rid of this error.
2026-04-05 14:20:02 3e78  InnoDB: Operating system error number 32 in a file operation.
InnoDB: The error means that another program is using InnoDB's files.
InnoDB: This might be a backup or antivirus software or another instance
InnoDB: of MySQL. Please close it to get rid of this error.
2026-04-05 14:20:12 3e78  InnoDB: Operating system error number 32 in a file operation.
InnoDB: The error means that another program is using InnoDB's files.
InnoDB: This might be a backup or antivirus software or another instance
InnoDB: of MySQL. Please close it to get rid of this error.
2026-04-05 14:20:22 3e78  InnoDB: Operating system error number 32 in a file operation.
InnoDB: The error means that another program is using InnoDB's files.
InnoDB: This might be a backup or antivirus software or another instance
InnoDB: of MySQL. Please close it to get rid of this error.
2026-04-05 14:20:32 3e78  InnoDB: Operating system error number 32 in a file operation.
InnoDB: The error means that another program is using InnoDB's files.
InnoDB: This might be a backup or antivirus software or another instance
InnoDB: of MySQL. Please close it to get rid of this error.
2026-04-05 14:20:42 3e78  InnoDB: Operating system error number 32 in a file operation.
InnoDB: The error means that another program is using InnoDB's files.
InnoDB: This might be a backup or antivirus software or another instance
InnoDB: of MySQL. Please close it to get rid of this error.
2026-04-05 14:20:52 3e78  InnoDB: Operating system error number 32 in a file operation.
InnoDB: The error means that another program is using InnoDB's files.
InnoDB: This might be a backup or antivirus software or another instance
InnoDB: of MySQL. Please close it to get rid of this error.
2026-04-05 14:21:02 3e78  InnoDB: Operating system error number 32 in a file operation.
InnoDB: The error means that another program is using InnoDB's files.
InnoDB: This might be a backup or antivirus software or another instance
InnoDB: of MySQL. Please close it to get rid of this error.
2026-04-05 14:21:12 3e78  InnoDB: Operating system error number 32 in a file operation.
InnoDB: The error means that another program is using InnoDB's files.
InnoDB: This might be a backup or antivirus software or another instance
InnoDB: of MySQL. Please close it to get rid of this error.
2026-04-05 14:21:22 3e78  InnoDB: Operating system error number 32 in a file operation.
InnoDB: The error means that another program is using InnoDB's files.
InnoDB: This might be a backup or antivirus software or another instance
InnoDB: of MySQL. Please close it to get rid of this error.
2026-04-05 14:21:32 3e78  InnoDB: Operating system error number 32 in a file operation.
InnoDB: The error means that another program is using InnoDB's files.
InnoDB: This might be a backup or antivirus software or another instance
InnoDB: of MySQL. Please close it to get rid of this error.
2026-04-05 14:21:42 3e78  InnoDB: Operating system error number 32 in a file operation.
InnoDB: The error means that another program is using InnoDB's files.
InnoDB: This might be a backup or antivirus software or another instance
InnoDB: of MySQL. Please close it to get rid of this error.
2026-04-05 14:21:52 3e78  InnoDB: Operating system error number 32 in a file operation.
InnoDB: The error means that another program is using InnoDB's files.
InnoDB: This might be a backup or antivirus software or another instance
InnoDB: of MySQL. Please close it to get rid of this error.
2026-04-05 14:22:02 3e78  InnoDB: Operating system error number 32 in a file operation.
InnoDB: The error means that another program is using InnoDB's files.
InnoDB: This might be a backup or antivirus software or another instance
InnoDB: of MySQL. Please close it to get rid of this error.
2026-04-05 14:22:12 3e78  InnoDB: Operating system error number 32 in a file operation.
InnoDB: The error means that another program is using InnoDB's files.
InnoDB: This might be a backup or antivirus software or another instance
InnoDB: of MySQL. Please close it to get rid of this error.
2026-04-05 14:22:22 3e78  InnoDB: Operating system error number 32 in a file operation.
InnoDB: The error means that another program is using InnoDB's files.
InnoDB: This might be a backup or antivirus software or another instance
InnoDB: of MySQL. Please close it to get rid of this error.
2026-04-05 14:22:32 3e78  InnoDB: Operating system error number 32 in a file operation.
InnoDB: The error means that another program is using InnoDB's files.
InnoDB: This might be a backup or antivirus software or another instance
InnoDB: of MySQL. Please close it to get rid of this error.
2026-04-05 14:22:42 3e78  InnoDB: Operating system error number 32 in a file operation.
InnoDB: The error means that another program is using InnoDB's files.
InnoDB: This might be a backup or antivirus software or another instance
InnoDB: of MySQL. Please close it to get rid of this error.
2026-04-05 14:22:52 3e78  InnoDB: Operating system error number 32 in a file operation.
InnoDB: The error means that another program is using InnoDB's files.
InnoDB: This might be a backup or antivirus software or another instance
InnoDB: of MySQL. Please close it to get rid of this error.
2026-04-05 14:23:02 3e78  InnoDB: Operating system error number 32 in a file operation.
InnoDB: The error means that another program is using InnoDB's files.
InnoDB: This might be a backup or antivirus software or another instance
InnoDB: of MySQL. Please close it to get rid of this error.
2026-04-05 14:23:12 3e78  InnoDB: Operating system error number 32 in a file operation.
InnoDB: The error means that another program is using InnoDB's files.
InnoDB: This might be a backup or antivirus software or another instance
InnoDB: of MySQL. Please close it to get rid of this error.
2026-04-05 14:23:22 3e78  InnoDB: Operating system error number 32 in a file operation.
InnoDB: The error means that another program is using InnoDB's files.
InnoDB: This might be a backup or antivirus software or another instance
InnoDB: of MySQL. Please close it to get rid of this error.
2026-04-05 14:23:32 3e78  InnoDB: Operating system error number 32 in a file operation.
InnoDB: The error means that another program is using InnoDB's files.
InnoDB: This might be a backup or antivirus software or another instance
InnoDB: of MySQL. Please close it to get rid of this error.
2026-04-05 14:23:42 3e78  InnoDB: Operating system error number 32 in a file operation.
InnoDB: The error means that another program is using InnoDB's files.
InnoDB: This might be a backup or antivirus software or another instance
InnoDB: of MySQL. Please close it to get rid of this error.
2026-04-05 14:23:52 3e78  InnoDB: Operating system error number 32 in a file operation.
InnoDB: The error means that another program is using InnoDB's files.
InnoDB: This might be a backup or antivirus software or another instance
InnoDB: of MySQL. Please close it to get rid of this error.
2026-04-05 14:24:02 3e78  InnoDB: Operating system error number 32 in a file operation.
InnoDB: The error means that another program is using InnoDB's files.
InnoDB: This might be a backup or antivirus software or another instance
InnoDB: of MySQL. Please close it to get rid of this error.
2026-04-05 14:24:12 3e78  InnoDB: Operating system error number 32 in a file operation.
InnoDB: The error means that another program is using InnoDB's files.
InnoDB: This might be a backup or antivirus software or another instance
InnoDB: of MySQL. Please close it to get rid of this error.
2026-04-05 14:24:22 3e78  InnoDB: Operating system error number 32 in a file operation.
InnoDB: The error means that another program is using InnoDB's files.
InnoDB: This might be a backup or antivirus software or another instance
InnoDB: of MySQL. Please close it to get rid of this error.
2026-04-05 14:24:32 3e78  InnoDB: Operating system error number 32 in a file operation.
InnoDB: The error means that another program is using InnoDB's files.
InnoDB: This might be a backup or antivirus software or another instance
InnoDB: of MySQL. Please close it to get rid of this error.
2026-04-05 14:24:42 3e78  InnoDB: Operating system error number 32 in a file operation.
InnoDB: The error means that another program is using InnoDB's files.
InnoDB: This might be a backup or antivirus software or another instance
InnoDB: of MySQL. Please close it to get rid of this error.
2026-04-05 14:24:52 3e78  InnoDB: Operating system error number 32 in a file operation.
InnoDB: The error means that another program is using InnoDB's files.
InnoDB: This might be a backup or antivirus software or another instance
InnoDB: of MySQL. Please close it to get rid of this error.
2026-04-05 14:25:02 3e78  InnoDB: Operating system error number 32 in a file operation.
InnoDB: The error means that another program is using InnoDB's files.
InnoDB: This might be a backup or antivirus software or another instance
InnoDB: of MySQL. Please close it to get rid of this error.
2026-04-05 14:25:12 3e78  InnoDB: Operating system error number 32 in a file operation.
InnoDB: The error means that another program is using InnoDB's files.
InnoDB: This might be a backup or antivirus software or another instance
InnoDB: of MySQL. Please close it to get rid of this error.
2026-04-05 14:25:22 3e78  InnoDB: Operating system error number 32 in a file operation.
InnoDB: The error means that another program is using InnoDB's files.
InnoDB: This might be a backup or antivirus software or another instance
InnoDB: of MySQL. Please close it to get rid of this error.
2026-04-05 14:25:32 3e78  InnoDB: Operating system error number 32 in a file operation.
InnoDB: The error means that another program is using InnoDB's files.
InnoDB: This might be a backup or antivirus software or another instance
InnoDB: of MySQL. Please close it to get rid of this error.
2026-04-05 14:25:42 3e78  InnoDB: Operating system error number 32 in a file operation.
InnoDB: The error means that another program is using InnoDB's files.
InnoDB: This might be a backup or antivirus software or another instance
InnoDB: of MySQL. Please close it to get rid of this error.
2026-04-05 14:25:52 3e78  InnoDB: Operating system error number 32 in a file operation.
InnoDB: The error means that another program is using InnoDB's files.
InnoDB: This might be a backup or antivirus software or another instance
InnoDB: of MySQL. Please close it to get rid of this error.
2026-04-05 14:26:02 3e78  InnoDB: Operating system error number 32 in a file operation.
InnoDB: The error means that another program is using InnoDB's files.
InnoDB: This might be a backup or antivirus software or another instance
InnoDB: of MySQL. Please close it to get rid of this error.
2026-04-05 14:26:12 3e78  InnoDB: Operating system error number 32 in a file operation.
InnoDB: The error means that another program is using InnoDB's files.
InnoDB: This might be a backup or antivirus software or another instance
InnoDB: of MySQL. Please close it to get rid of this error.
2026-04-05 14:26:22 3e78  InnoDB: Operating system error number 32 in a file operation.
InnoDB: The error means that another program is using InnoDB's files.
InnoDB: This might be a backup or antivirus software or another instance
InnoDB: of MySQL. Please close it to get rid of this error.
2026-04-05 14:26:32 3e78  InnoDB: Operating system error number 32 in a file operation.
InnoDB: The error means that another program is using InnoDB's files.
InnoDB: This might be a backup or antivirus software or another instance
InnoDB: of MySQL. Please close it to get rid of this error.
2026-04-05 14:26:42 3e78  InnoDB: Operating system error number 32 in a file operation.
InnoDB: The error means that another program is using InnoDB's files.
InnoDB: This might be a backup or antivirus software or another instance
InnoDB: of MySQL. Please close it to get rid of this error.
2026-04-05 14:26:52 3e78  InnoDB: Operating system error number 32 in a file operation.
InnoDB: The error means that another program is using InnoDB's files.
InnoDB: This might be a backup or antivirus software or another instance
InnoDB: of MySQL. Please close it to get rid of this error.
2026-04-05 14:27:02 3e78  InnoDB: Operating system error number 32 in a file operation.
InnoDB: The error means that another program is using InnoDB's files.
InnoDB: This might be a backup or antivirus software or another instance
InnoDB: of MySQL. Please close it to get rid of this error.
2026-04-05 14:27:12 3e78  InnoDB: Operating system error number 32 in a file operation.
InnoDB: The error means that another program is using InnoDB's files.
InnoDB: This might be a backup or antivirus software or another instance
InnoDB: of MySQL. Please close it to get rid of this error.
2026-04-05 14:27:22 3e78  InnoDB: Operating system error number 32 in a file operation.
InnoDB: The error means that another program is using InnoDB's files.
InnoDB: This might be a backup or antivirus software or another instance
InnoDB: of MySQL. Please close it to get rid of this error.
2026-04-05 14:27:32 3e78  InnoDB: Operating system error number 32 in a file operation.
InnoDB: The error means that another program is using InnoDB's files.
InnoDB: This might be a backup or antivirus software or another instance
InnoDB: of MySQL. Please close it to get rid of this error.
2026-04-05 14:27:42 3e78  InnoDB: Operating system error number 32 in a file operation.
InnoDB: The error means that another program is using InnoDB's files.
InnoDB: This might be a backup or antivirus software or another instance
InnoDB: of MySQL. Please close it to get rid of this error.
2026-04-05 14:27:52 3e78  InnoDB: Operating system error number 32 in a file operation.
InnoDB: The error means that another program is using InnoDB's files.
InnoDB: This might be a backup or antivirus software or another instance
InnoDB: of MySQL. Please close it to get rid of this error.
2026-04-05 14:28:02 3e78  InnoDB: Operating system error number 32 in a file operation.
InnoDB: The error means that another program is using InnoDB's files.
InnoDB: This might be a backup or antivirus software or another instance
InnoDB: of MySQL. Please close it to get rid of this error.
2026-04-05 14:28:12 3e78  InnoDB: Operating system error number 32 in a file operation.
InnoDB: The error means that another program is using InnoDB's files.
InnoDB: This might be a backup or antivirus software or another instance
InnoDB: of MySQL. Please close it to get rid of this error.
2026-04-05 14:28:22 3e78  InnoDB: Operating system error number 32 in a file operation.
InnoDB: The error means that another program is using InnoDB's files.
InnoDB: This might be a backup or antivirus software or another instance
InnoDB: of MySQL. Please close it to get rid of this error.
2026-04-05 14:28:32 3e78  InnoDB: Operating system error number 32 in a file operation.
InnoDB: The error means that another program is using InnoDB's files.
InnoDB: This might be a backup or antivirus software or another instance
InnoDB: of MySQL. Please close it to get rid of this error.
2026-04-05 14:28:42 3e78  InnoDB: Operating system error number 32 in a file operation.
InnoDB: The error means that another program is using InnoDB's files.
InnoDB: This might be a backup or antivirus software or another instance
InnoDB: of MySQL. Please close it to get rid of this error.
2026-04-05 14:28:52 3e78  InnoDB: Operating system error number 32 in a file operation.
InnoDB: The error means that another program is using InnoDB's files.
InnoDB: This might be a backup or antivirus software or another instance
InnoDB: of MySQL. Please close it to get rid of this error.
2026-04-05 14:29:02 3e78  InnoDB: Operating system error number 32 in a file operation.
InnoDB: The error means that another program is using InnoDB's files.
InnoDB: This might be a backup or antivirus software or another instance
InnoDB: of MySQL. Please close it to get rid of this error.
2026-04-05 14:29:12 3e78  InnoDB: Operating system error number 32 in a file operation.
InnoDB: The error means that another program is using InnoDB's files.
InnoDB: This might be a backup or antivirus software or another instance
InnoDB: of MySQL. Please close it to get rid of this error.
2026-04-05 14:29:22 3e78  InnoDB: Operating system error number 32 in a file operation.
InnoDB: The error means that another program is using InnoDB's files.
InnoDB: This might be a backup or antivirus software or another instance
InnoDB: of MySQL. Please close it to get rid of this error.
2026-04-05 14:29:32 3e78  InnoDB: Operating system error number 32 in a file operation.
InnoDB: The error means that another program is using InnoDB's files.
InnoDB: This might be a backup or antivirus software or another instance
InnoDB: of MySQL. Please close it to get rid of this error.
2026-04-05 14:29:42 3e78  InnoDB: Operating system error number 32 in a file operation.
InnoDB: The error means that another program is using InnoDB's files.
InnoDB: This might be a backup or antivirus software or another instance
InnoDB: of MySQL. Please close it to get rid of this error.
2026-04-05 14:29:52 3e78  InnoDB: Operating system error number 32 in a file operation.
InnoDB: The error means that another program is using InnoDB's files.
InnoDB: This might be a backup or antivirus software or another instance
InnoDB: of MySQL. Please close it to get rid of this error.
2026-04-05 14:30:02 3e78  InnoDB: Operating system error number 32 in a file operation.
InnoDB: The error means that another program is using InnoDB's files.
InnoDB: This might be a backup or antivirus software or another instance
InnoDB: of MySQL. Please close it to get rid of this error.
2026-04-05 14:30:12 3e78  InnoDB: Operating system error number 32 in a file operation.
InnoDB: The error means that another program is using InnoDB's files.
InnoDB: This might be a backup or antivirus software or another instance
InnoDB: of MySQL. Please close it to get rid of this error.
2026-04-05 14:30:22 3e78  InnoDB: Operating system error number 32 in a file operation.
InnoDB: The error means that another program is using InnoDB's files.
InnoDB: This might be a backup or antivirus software or another instance
InnoDB: of MySQL. Please close it to get rid of this error.
2026-04-05 14:30:32 3e78  InnoDB: Operating system error number 32 in a file operation.
InnoDB: The error means that another program is using InnoDB's files.
InnoDB: This might be a backup or antivirus software or another instance
InnoDB: of MySQL. Please close it to get rid of this error.
2026-04-05 14:30:42 3e78  InnoDB: Operating system error number 32 in a file operation.
InnoDB: The error means that another program is using InnoDB's files.
InnoDB: This might be a backup or antivirus software or another instance
InnoDB: of MySQL. Please close it to get rid of this error.
2026-04-05 14:30:52 3e78  InnoDB: Operating system error number 32 in a file operation.
InnoDB: The error means that another program is using InnoDB's files.
InnoDB: This might be a backup or antivirus software or another instance
InnoDB: of MySQL. Please close it to get rid of this error.
2026-04-05 14:31:02 3e78  InnoDB: Operating system error number 32 in a file operation.
InnoDB: The error means that another program is using InnoDB's files.
InnoDB: This might be a backup or antivirus software or another instance
InnoDB: of MySQL. Please close it to get rid of this error.
2026-04-05 14:31:12 3e78  InnoDB: Operating system error number 32 in a file operation.
InnoDB: The error means that another program is using InnoDB's files.
InnoDB: This might be a backup or antivirus software or another instance
InnoDB: of MySQL. Please close it to get rid of this error.
2026-04-05 14:31:22 3e78  InnoDB: Operating system error number 32 in a file operation.
InnoDB: The error means that another program is using InnoDB's files.
InnoDB: This might be a backup or antivirus software or another instance
InnoDB: of MySQL. Please close it to get rid of this error.
2026-04-05 14:31:32 3e78  InnoDB: Operating system error number 32 in a file operation.
InnoDB: The error means that another program is using InnoDB's files.
InnoDB: This might be a backup or antivirus software or another instance
InnoDB: of MySQL. Please close it to get rid of this error.
2026-04-05 14:31:42 3e78  InnoDB: Operating system error number 32 in a file operation.
InnoDB: The error means that another program is using InnoDB's files.
InnoDB: This might be a backup or antivirus software or another instance
InnoDB: of MySQL. Please close it to get rid of this error.
2026-04-05 14:31:52 3e78  InnoDB: Operating system error number 32 in a file operation.
InnoDB: The error means that another program is using InnoDB's files.
InnoDB: This might be a backup or antivirus software or another instance
InnoDB: of MySQL. Please close it to get rid of this error.
2026-04-05 14:32:02 3e78  InnoDB: Operating system error number 32 in a file operation.
InnoDB: The error means that another program is using InnoDB's files.
InnoDB: This might be a backup or antivirus software or another instance
InnoDB: of MySQL. Please close it to get rid of this error.
2026-04-05 14:32:12 3e78  InnoDB: Operating system error number 32 in a file operation.
InnoDB: The error means that another program is using InnoDB's files.
InnoDB: This might be a backup or antivirus software or another instance
InnoDB: of MySQL. Please close it to get rid of this error.
2026-04-05 14:32:22 3e78  InnoDB: Operating system error number 32 in a file operation.
InnoDB: The error means that another program is using InnoDB's files.
InnoDB: This might be a backup or antivirus software or another instance
InnoDB: of MySQL. Please close it to get rid of this error.
2026-04-05 14:32:32 3e78  InnoDB: Operating system error number 32 in a file operation.
InnoDB: The error means that another program is using InnoDB's files.
InnoDB: This might be a backup or antivirus software or another instance
InnoDB: of MySQL. Please close it to get rid of this error.
2026-04-05 14:32:42 3e78  InnoDB: Operating system error number 32 in a file operation.
InnoDB: The error means that another program is using InnoDB's files.
InnoDB: This might be a backup or antivirus software or another instance
InnoDB: of MySQL. Please close it to get rid of this error.
2026-04-05 14:32:52 3e78  InnoDB: Operating system error number 32 in a file operation.
InnoDB: The error means that another program is using InnoDB's files.
InnoDB: This might be a backup or antivirus software or another instance
InnoDB: of MySQL. Please close it to get rid of this error.
2026-04-05 14:33:02 3e78  InnoDB: Operating system error number 32 in a file operation.
InnoDB: The error means that another program is using InnoDB's files.
InnoDB: This might be a backup or antivirus software or another instance
InnoDB: of MySQL. Please close it to get rid of this error.
2026-04-05 14:33:12 3e78  InnoDB: Operating system error number 32 in a file operation.
InnoDB: The error means that another program is using InnoDB's files.
InnoDB: This might be a backup or antivirus software or another instance
InnoDB: of MySQL. Please close it to get rid of this error.
2026-04-05 14:33:22 3e78  InnoDB: Operating system error number 32 in a file operation.
InnoDB: The error means that another program is using InnoDB's files.
InnoDB: This might be a backup or antivirus software or another instance
InnoDB: of MySQL. Please close it to get rid of this error.
2026-04-05 14:33:32 3e78  InnoDB: Operating system error number 32 in a file operation.
InnoDB: The error means that another program is using InnoDB's files.
InnoDB: This might be a backup or antivirus software or another instance
InnoDB: of MySQL. Please close it to get rid of this error.
2026-04-05 14:33:42 3e78  InnoDB: Operating system error number 32 in a file operation.
InnoDB: The error means that another program is using InnoDB's files.
InnoDB: This might be a backup or antivirus software or another instance
InnoDB: of MySQL. Please close it to get rid of this error.
2026-04-05 14:33:52 3e78  InnoDB: Operating system error number 32 in a file operation.
InnoDB: The error means that another program is using InnoDB's files.
InnoDB: This might be a backup or antivirus software or another instance
InnoDB: of MySQL. Please close it to get rid of this error.
2026-04-05 14:34:02 3e78  InnoDB: Operating system error number 32 in a file operation.
InnoDB: The error means that another program is using InnoDB's files.
InnoDB: This might be a backup or antivirus software or another instance
InnoDB: of MySQL. Please close it to get rid of this error.
2026-04-05 14:34:12 3e78  InnoDB: Operating system error number 32 in a file operation.
InnoDB: The error means that another program is using InnoDB's files.
InnoDB: This might be a backup or antivirus software or another instance
InnoDB: of MySQL. Please close it to get rid of this error.
2026-04-05 14:34:22 3e78  InnoDB: Operating system error number 32 in a file operation.
InnoDB: The error means that another program is using InnoDB's files.
InnoDB: This might be a backup or antivirus software or another instance
InnoDB: of MySQL. Please close it to get rid of this error.
2026-04-05 14:34:32 3e78  InnoDB: Operating system error number 32 in a file operation.
InnoDB: The error means that another program is using InnoDB's files.
InnoDB: This might be a backup or antivirus software or another instance
InnoDB: of MySQL. Please close it to get rid of this error.
2026-04-05 14:34:42 3e78  InnoDB: Operating system error number 32 in a file operation.
InnoDB: The error means that another program is using InnoDB's files.
InnoDB: This might be a backup or antivirus software or another instance
InnoDB: of MySQL. Please close it to get rid of this error.
2026-04-05 14:34:52 3e78  InnoDB: Operating system error number 32 in a file operation.
InnoDB: The error means that another program is using InnoDB's files.
InnoDB: This might be a backup or antivirus software or another instance
InnoDB: of MySQL. Please close it to get rid of this error.
2026-04-05 14:35:03 3e78  InnoDB: Operating system error number 32 in a file operation.
InnoDB: The error means that another program is using InnoDB's files.
InnoDB: This might be a backup or antivirus software or another instance
InnoDB: of MySQL. Please close it to get rid of this error.
2026-04-05 14:35:13 3e78  InnoDB: Operating system error number 32 in a file operation.
InnoDB: The error means that another program is using InnoDB's files.
InnoDB: This might be a backup or antivirus software or another instance
InnoDB: of MySQL. Please close it to get rid of this error.
2026-04-05 14:35:23 3e78  InnoDB: Operating system error number 32 in a file operation.
InnoDB: The error means that another program is using InnoDB's files.
InnoDB: This might be a backup or antivirus software or another instance
InnoDB: of MySQL. Please close it to get rid of this error.
2026-04-05 14:35:33 3e78  InnoDB: Operating system error number 32 in a file operation.
InnoDB: The error means that another program is using InnoDB's files.
InnoDB: This might be a backup or antivirus software or another instance
InnoDB: of MySQL. Please close it to get rid of this error.
2026-04-05 14:35:43 3e78  InnoDB: Operating system error number 32 in a file operation.
InnoDB: The error means that another program is using InnoDB's files.
InnoDB: This might be a backup or antivirus software or another instance
InnoDB: of MySQL. Please close it to get rid of this error.
2026-04-05 14:35:53 3e78  InnoDB: Operating system error number 32 in a file operation.
InnoDB: The error means that another program is using InnoDB's files.
InnoDB: This might be a backup or antivirus software or another instance
InnoDB: of MySQL. Please close it to get rid of this error.
2026-04-05 14:36:03 3e78  InnoDB: Operating system error number 32 in a file operation.
InnoDB: The error means that another program is using InnoDB's files.
InnoDB: This might be a backup or antivirus software or another instance
InnoDB: of MySQL. Please close it to get rid of this error.
2026-04-05 14:36:13 3e78  InnoDB: Operating system error number 32 in a file operation.
InnoDB: The error means that another program is using InnoDB's files.
InnoDB: This might be a backup or antivirus software or another instance
InnoDB: of MySQL. Please close it to get rid of this error.
2026-04-05 14:36:23 3e78  InnoDB: Operating system error number 32 in a file operation.
InnoDB: The error means that another program is using InnoDB's files.
InnoDB: This might be a backup or antivirus software or another instance
InnoDB: of MySQL. Please close it to get rid of this error.
2026-04-05 14:36:33 3e78  InnoDB: Operating system error number 32 in a file operation.
InnoDB: The error means that another program is using InnoDB's files.
InnoDB: This might be a backup or antivirus software or another instance
InnoDB: of MySQL. Please close it to get rid of this error.
2026-04-05 14:36:43 3e78  InnoDB: Operating system error number 32 in a file operation.
InnoDB: The error means that another program is using InnoDB's files.
InnoDB: This might be a backup or antivirus software or another instance
InnoDB: of MySQL. Please close it to get rid of this error.
2026-04-05 14:36:53 3e78  InnoDB: Operating system error number 32 in a file operation.
InnoDB: The error means that another program is using InnoDB's files.
InnoDB: This might be a backup or antivirus software or another instance
InnoDB: of MySQL. Please close it to get rid of this error.
2026-04-05 14:37:03 3e78  InnoDB: Operating system error number 32 in a file operation.
InnoDB: The error means that another program is using InnoDB's files.
InnoDB: This might be a backup or antivirus software or another instance
InnoDB: of MySQL. Please close it to get rid of this error.
2026-04-05 14:37:13 3e78  InnoDB: Operating system error number 32 in a file operation.
InnoDB: The error means that another program is using InnoDB's files.
InnoDB: This might be a backup or antivirus software or another instance
InnoDB: of MySQL. Please close it to get rid of this error.
2026-04-05 14:37:23 3e78  InnoDB: Operating system error number 32 in a file operation.
InnoDB: The error means that another program is using InnoDB's files.
InnoDB: This might be a backup or antivirus software or another instance
InnoDB: of MySQL. Please close it to get rid of this error.
2026-04-05 14:37:33 3e78  InnoDB: Operating system error number 32 in a file operation.
InnoDB: The error means that another program is using InnoDB's files.
InnoDB: This might be a backup or antivirus software or another instance
InnoDB: of MySQL. Please close it to get rid of this error.
2026-04-05 14:37:43 3e78  InnoDB: Operating system error number 32 in a file operation.
InnoDB: The error means that another program is using InnoDB's files.
InnoDB: This might be a backup or antivirus software or another instance
InnoDB: of MySQL. Please close it to get rid of this error.
2026-04-05 14:37:53 3e78  InnoDB: Operating system error number 32 in a file operation.
InnoDB: The error means that another program is using InnoDB's files.
InnoDB: This might be a backup or antivirus software or another instance
InnoDB: of MySQL. Please close it to get rid of this error.
2026-04-05 14:38:03 3e78  InnoDB: Operating system error number 32 in a file operation.
InnoDB: The error means that another program is using InnoDB's files.
InnoDB: This might be a backup or antivirus software or another instance
InnoDB: of MySQL. Please close it to get rid of this error.
2026-04-05 14:38:13 3e78  InnoDB: Operating system error number 32 in a file operation.
InnoDB: The error means that another program is using InnoDB's files.
InnoDB: This might be a backup or antivirus software or another instance
InnoDB: of MySQL. Please close it to get rid of this error.
2026-04-05 14:38:23 3e78  InnoDB: Operating system error number 32 in a file operation.
InnoDB: The error means that another program is using InnoDB's files.
InnoDB: This might be a backup or antivirus software or another instance
InnoDB: of MySQL. Please close it to get rid of this error.
2026-04-05 14:38:33 3e78  InnoDB: Operating system error number 32 in a file operation.
InnoDB: The error means that another program is using InnoDB's files.
InnoDB: This might be a backup or antivirus software or another instance
InnoDB: of MySQL. Please close it to get rid of this error.
2026-04-05 14:38:43 3e78  InnoDB: Operating system error number 32 in a file operation.
InnoDB: The error means that another program is using InnoDB's files.
InnoDB: This might be a backup or antivirus software or another instance
InnoDB: of MySQL. Please close it to get rid of this error.
2026-04-05 14:38:53 3e78  InnoDB: Operating system error number 32 in a file operation.
InnoDB: The error means that another program is using InnoDB's files.
InnoDB: This might be a backup or antivirus software or another instance
InnoDB: of MySQL. Please close it to get rid of this error.
2026-04-05 14:39:03 3e78  InnoDB: Operating system error number 32 in a file operation.
InnoDB: The error means that another program is using InnoDB's files.
InnoDB: This might be a backup or antivirus software or another instance
InnoDB: of MySQL. Please close it to get rid of this error.
2026-04-05 14:39:13 3e78  InnoDB: Operating system error number 32 in a file operation.
InnoDB: The error means that another program is using InnoDB's files.
InnoDB: This might be a backup or antivirus software or another instance
InnoDB: of MySQL. Please close it to get rid of this error.
2026-04-05 14:39:23 3e78  InnoDB: Operating system error number 32 in a file operation.
InnoDB: The error means that another program is using InnoDB's files.
InnoDB: This might be a backup or antivirus software or another instance
InnoDB: of MySQL. Please close it to get rid of this error.
2026-04-05 14:39:33 3e78  InnoDB: Operating system error number 32 in a file operation.
InnoDB: The error means that another program is using InnoDB's files.
InnoDB: This might be a backup or antivirus software or another instance
InnoDB: of MySQL. Please close it to get rid of this error.
2026-04-05 14:39:43 3e78  InnoDB: Operating system error number 32 in a file operation.
InnoDB: The error means that another program is using InnoDB's files.
InnoDB: This might be a backup or antivirus software or another instance
InnoDB: of MySQL. Please close it to get rid of this error.
2026-04-05 14:39:53 3e78  InnoDB: Operating system error number 32 in a file operation.
InnoDB: The error means that another program is using InnoDB's files.
InnoDB: This might be a backup or antivirus software or another instance
InnoDB: of MySQL. Please close it to get rid of this error.
2026-04-05 14:40:03 3e78  InnoDB: Operating system error number 32 in a file operation.
InnoDB: The error means that another program is using InnoDB's files.
InnoDB: This might be a backup or antivirus software or another instance
InnoDB: of MySQL. Please close it to get rid of this error.
2026-04-05 14:40:13 3e78  InnoDB: Operating system error number 32 in a file operation.
InnoDB: The error means that another program is using InnoDB's files.
InnoDB: This might be a backup or antivirus software or another instance
InnoDB: of MySQL. Please close it to get rid of this error.
2026-04-05 14:40:23 3e78  InnoDB: Operating system error number 32 in a file operation.
InnoDB: The error means that another program is using InnoDB's files.
InnoDB: This might be a backup or antivirus software or another instance
InnoDB: of MySQL. Please close it to get rid of this error.
2026-04-05 14:40:33 3e78  InnoDB: Operating system error number 32 in a file operation.
InnoDB: The error means that another program is using InnoDB's files.
InnoDB: This might be a backup or antivirus software or another instance
InnoDB: of MySQL. Please close it to get rid of this error.
2026-04-05 14:40:43 3e78  InnoDB: Operating system error number 32 in a file operation.
InnoDB: The error means that another program is using InnoDB's files.
InnoDB: This might be a backup or antivirus software or another instance
InnoDB: of MySQL. Please close it to get rid of this error.
2026-04-05 14:40:53 3e78  InnoDB: Operating system error number 32 in a file operation.
InnoDB: The error means that another program is using InnoDB's files.
InnoDB: This might be a backup or antivirus software or another instance
InnoDB: of MySQL. Please close it to get rid of this error.
2026-04-05 14:41:03 3e78  InnoDB: Operating system error number 32 in a file operation.
InnoDB: The error means that another program is using InnoDB's files.
InnoDB: This might be a backup or antivirus software or another instance
InnoDB: of MySQL. Please close it to get rid of this error.
2026-04-05 14:41:13 3e78  InnoDB: Operating system error number 32 in a file operation.
InnoDB: The error means that another program is using InnoDB's files.
InnoDB: This might be a backup or antivirus software or another instance
InnoDB: of MySQL. Please close it to get rid of this error.
2026-04-05 14:41:23 3e78  InnoDB: Operating system error number 32 in a file operation.
InnoDB: The error means that another program is using InnoDB's files.
InnoDB: This might be a backup or antivirus software or another instance
InnoDB: of MySQL. Please close it to get rid of this error.
2026-04-05 14:41:33 3e78  InnoDB: Operating system error number 32 in a file operation.
InnoDB: The error means that another program is using InnoDB's files.
InnoDB: This might be a backup or antivirus software or another instance
InnoDB: of MySQL. Please close it to get rid of this error.
2026-04-05 14:41:43 3e78  InnoDB: Operating system error number 32 in a file operation.
InnoDB: The error means that another program is using InnoDB's files.
InnoDB: This might be a backup or antivirus software or another instance
InnoDB: of MySQL. Please close it to get rid of this error.
2026-04-05 14:41:53 3e78  InnoDB: Operating system error number 32 in a file operation.
InnoDB: The error means that another program is using InnoDB's files.
InnoDB: This might be a backup or antivirus software or another instance
InnoDB: of MySQL. Please close it to get rid of this error.
2026-04-05 14:42:03 3e78  InnoDB: Operating system error number 32 in a file operation.
InnoDB: The error means that another program is using InnoDB's files.
InnoDB: This might be a backup or antivirus software or another instance
InnoDB: of MySQL. Please close it to get rid of this error.
2026-04-05 14:42:13 3e78  InnoDB: Operating system error number 32 in a file operation.
InnoDB: The error means that another program is using InnoDB's files.
InnoDB: This might be a backup or antivirus software or another instance
InnoDB: of MySQL. Please close it to get rid of this error.
2026-04-05 14:42:23 3e78  InnoDB: Operating system error number 32 in a file operation.
InnoDB: The error means that another program is using InnoDB's files.
InnoDB: This might be a backup or antivirus software or another instance
InnoDB: of MySQL. Please close it to get rid of this error.
2026-04-05 14:42:33 3e78  InnoDB: Operating system error number 32 in a file operation.
InnoDB: The error means that another program is using InnoDB's files.
InnoDB: This might be a backup or antivirus software or another instance
InnoDB: of MySQL. Please close it to get rid of this error.
2026-04-05 14:42:43 3e78  InnoDB: Operating system error number 32 in a file operation.
InnoDB: The error means that another program is using InnoDB's files.
InnoDB: This might be a backup or antivirus software or another instance
InnoDB: of MySQL. Please close it to get rid of this error.
2026-04-05 14:42:53 3e78  InnoDB: Operating system error number 32 in a file operation.
InnoDB: The error means that another program is using InnoDB's files.
InnoDB: This might be a backup or antivirus software or another instance
InnoDB: of MySQL. Please close it to get rid of this error.
2026-04-05 14:43:03 3e78  InnoDB: Operating system error number 32 in a file operation.
InnoDB: The error means that another program is using InnoDB's files.
InnoDB: This might be a backup or antivirus software or another instance
InnoDB: of MySQL. Please close it to get rid of this error.
2026-04-05 14:43:13 3e78  InnoDB: Operating system error number 32 in a file operation.
InnoDB: The error means that another program is using InnoDB's files.
InnoDB: This might be a backup or antivirus software or another instance
InnoDB: of MySQL. Please close it to get rid of this error.
2026-04-05 14:43:23 3e78  InnoDB: Operating system error number 32 in a file operation.
InnoDB: The error means that another program is using InnoDB's files.
InnoDB: This might be a backup or antivirus software or another instance
InnoDB: of MySQL. Please close it to get rid of this error.
2026-04-05 14:43:33 3e78  InnoDB: Operating system error number 32 in a file operation.
InnoDB: The error means that another program is using InnoDB's files.
InnoDB: This might be a backup or antivirus software or another instance
InnoDB: of MySQL. Please close it to get rid of this error.
2026-04-05 14:43:43 3e78  InnoDB: Operating system error number 32 in a file operation.
InnoDB: The error means that another program is using InnoDB's files.
InnoDB: This might be a backup or antivirus software or another instance
InnoDB: of MySQL. Please close it to get rid of this error.
2026-04-05 14:43:53 3e78  InnoDB: Operating system error number 32 in a file operation.
InnoDB: The error means that another program is using InnoDB's files.
InnoDB: This might be a backup or antivirus software or another instance
InnoDB: of MySQL. Please close it to get rid of this error.
2026-04-05 14:44:03 3e78  InnoDB: Operating system error number 32 in a file operation.
InnoDB: The error means that another program is using InnoDB's files.
InnoDB: This might be a backup or antivirus software or another instance
InnoDB: of MySQL. Please close it to get rid of this error.
2026-04-05 14:44:13 3e78  InnoDB: Operating system error number 32 in a file operation.
InnoDB: The error means that another program is using InnoDB's files.
InnoDB: This might be a backup or antivirus software or another instance
InnoDB: of MySQL. Please close it to get rid of this error.
2026-04-05 14:44:23 3e78  InnoDB: Operating system error number 32 in a file operation.
InnoDB: The error means that another program is using InnoDB's files.
InnoDB: This might be a backup or antivirus software or another instance
InnoDB: of MySQL. Please close it to get rid of this error.
2026-04-05 14:44:33 3e78  InnoDB: Operating system error number 32 in a file operation.
InnoDB: The error means that another program is using InnoDB's files.
InnoDB: This might be a backup or antivirus software or another instance
InnoDB: of MySQL. Please close it to get rid of this error.
2026-04-05 14:44:43 3e78  InnoDB: Operating system error number 32 in a file operation.
InnoDB: The error means that another program is using InnoDB's files.
InnoDB: This might be a backup or antivirus software or another instance
InnoDB: of MySQL. Please close it to get rid of this error.
2026-04-05 14:44:53 3e78  InnoDB: Operating system error number 32 in a file operation.
InnoDB: The error means that another program is using InnoDB's files.
InnoDB: This might be a backup or antivirus software or another instance
InnoDB: of MySQL. Please close it to get rid of this error.
2026-04-05 14:45:03 3e78  InnoDB: Operating system error number 32 in a file operation.
InnoDB: The error means that another program is using InnoDB's files.
InnoDB: This might be a backup or antivirus software or another instance
InnoDB: of MySQL. Please close it to get rid of this error.
2026-04-05 14:45:13 3e78  InnoDB: Operating system error number 32 in a file operation.
InnoDB: The error means that another program is using InnoDB's files.
InnoDB: This might be a backup or antivirus software or another instance
InnoDB: of MySQL. Please close it to get rid of this error.
2026-04-05 14:45:23 3e78  InnoDB: Operating system error number 32 in a file operation.
InnoDB: The error means that another program is using InnoDB's files.
InnoDB: This might be a backup or antivirus software or another instance
InnoDB: of MySQL. Please close it to get rid of this error.
2026-04-05 14:45:33 3e78  InnoDB: Operating system error number 32 in a file operation.
InnoDB: The error means that another program is using InnoDB's files.
InnoDB: This might be a backup or antivirus software or another instance
InnoDB: of MySQL. Please close it to get rid of this error.
2026-04-05 14:45:43 3e78  InnoDB: Operating system error number 32 in a file operation.
InnoDB: The error means that another program is using InnoDB's files.
InnoDB: This might be a backup or antivirus software or another instance
InnoDB: of MySQL. Please close it to get rid of this error.
2026-04-05 14:45:53 3e78  InnoDB: Operating system error number 32 in a file operation.
InnoDB: The error means that another program is using InnoDB's files.
InnoDB: This might be a backup or antivirus software or another instance
InnoDB: of MySQL. Please close it to get rid of this error.
2026-04-05 14:46:03 3e78  InnoDB: Operating system error number 32 in a file operation.
InnoDB: The error means that another program is using InnoDB's files.
InnoDB: This might be a backup or antivirus software or another instance
InnoDB: of MySQL. Please close it to get rid of this error.
2026-04-05 14:46:13 3e78  InnoDB: Operating system error number 32 in a file operation.
InnoDB: The error means that another program is using InnoDB's files.
InnoDB: This might be a backup or antivirus software or another instance
InnoDB: of MySQL. Please close it to get rid of this error.
2026-04-05 14:46:23 3e78  InnoDB: Operating system error number 32 in a file operation.
InnoDB: The error means that another program is using InnoDB's files.
InnoDB: This might be a backup or antivirus software or another instance
InnoDB: of MySQL. Please close it to get rid of this error.
2026-04-05 14:46:33 3e78  InnoDB: Operating system error number 32 in a file operation.
InnoDB: The error means that another program is using InnoDB's files.
InnoDB: This might be a backup or antivirus software or another instance
InnoDB: of MySQL. Please close it to get rid of this error.
2026-04-05 14:46:43 3e78  InnoDB: Operating system error number 32 in a file operation.
InnoDB: The error means that another program is using InnoDB's files.
InnoDB: This might be a backup or antivirus software or another instance
InnoDB: of MySQL. Please close it to get rid of this error.
2026-04-05 14:46:53 3e78  InnoDB: Operating system error number 32 in a file operation.
InnoDB: The error means that another program is using InnoDB's files.
InnoDB: This might be a backup or antivirus software or another instance
InnoDB: of MySQL. Please close it to get rid of this error.
2026-04-05 14:47:03 3e78  InnoDB: Operating system error number 32 in a file operation.
InnoDB: The error means that another program is using InnoDB's files.
InnoDB: This might be a backup or antivirus software or another instance
InnoDB: of MySQL. Please close it to get rid of this error.
2026-04-05 14:47:13 3e78  InnoDB: Operating system error number 32 in a file operation.
InnoDB: The error means that another program is using InnoDB's files.
InnoDB: This might be a backup or antivirus software or another instance
InnoDB: of MySQL. Please close it to get rid of this error.
2026-04-05 14:47:23 3e78  InnoDB: Operating system error number 32 in a file operation.
InnoDB: The error means that another program is using InnoDB's files.
InnoDB: This might be a backup or antivirus software or another instance
InnoDB: of MySQL. Please close it to get rid of this error.
2026-04-05 14:47:33 3e78  InnoDB: Operating system error number 32 in a file operation.
InnoDB: The error means that another program is using InnoDB's files.
InnoDB: This might be a backup or antivirus software or another instance
InnoDB: of MySQL. Please close it to get rid of this error.
2026-04-05 14:47:43 3e78  InnoDB: Operating system error number 32 in a file operation.
InnoDB: The error means that another program is using InnoDB's files.
InnoDB: This might be a backup or antivirus software or another instance
InnoDB: of MySQL. Please close it to get rid of this error.
2026-04-05 14:47:53 3e78  InnoDB: Operating system error number 32 in a file operation.
InnoDB: The error means that another program is using InnoDB's files.
InnoDB: This might be a backup or antivirus software or another instance
InnoDB: of MySQL. Please close it to get rid of this error.
2026-04-05 14:48:03 3e78  InnoDB: Operating system error number 32 in a file operation.
InnoDB: The error means that another program is using InnoDB's files.
InnoDB: This might be a backup or antivirus software or another instance
InnoDB: of MySQL. Please close it to get rid of this error.
2026-04-05 14:48:13 3e78  InnoDB: Operating system error number 32 in a file operation.
InnoDB: The error means that another program is using InnoDB's files.
InnoDB: This might be a backup or antivirus software or another instance
InnoDB: of MySQL. Please close it to get rid of this error.
2026-04-05 14:48:23 3e78  InnoDB: Operating system error number 32 in a file operation.
InnoDB: The error means that another program is using InnoDB's files.
InnoDB: This might be a backup or antivirus software or another instance
InnoDB: of MySQL. Please close it to get rid of this error.
2026-04-05 14:48:33 3e78  InnoDB: Operating system error number 32 in a file operation.
InnoDB: The error means that another program is using InnoDB's files.
InnoDB: This might be a backup or antivirus software or another instance
InnoDB: of MySQL. Please close it to get rid of this error.
2026-04-05 14:48:43 3e78  InnoDB: Operating system error number 32 in a file operation.
InnoDB: The error means that another program is using InnoDB's files.
InnoDB: This might be a backup or antivirus software or another instance
InnoDB: of MySQL. Please close it to get rid of this error.
2026-04-05 14:48:53 3e78  InnoDB: Operating system error number 32 in a file operation.
InnoDB: The error means that another program is using InnoDB's files.
InnoDB: This might be a backup or antivirus software or another instance
InnoDB: of MySQL. Please close it to get rid of this error.
2026-04-05 14:49:03 3e78  InnoDB: Operating system error number 32 in a file operation.
InnoDB: The error means that another program is using InnoDB's files.
InnoDB: This might be a backup or antivirus software or another instance
InnoDB: of MySQL. Please close it to get rid of this error.
2026-04-05 14:49:13 3e78  InnoDB: Operating system error number 32 in a file operation.
InnoDB: The error means that another program is using InnoDB's files.
InnoDB: This might be a backup or antivirus software or another instance
InnoDB: of MySQL. Please close it to get rid of this error.
2026-04-05 14:49:23 3e78  InnoDB: Operating system error number 32 in a file operation.
InnoDB: The error means that another program is using InnoDB's files.
InnoDB: This might be a backup or antivirus software or another instance
InnoDB: of MySQL. Please close it to get rid of this error.
2026-04-05 14:49:33 3e78  InnoDB: Operating system error number 32 in a file operation.
InnoDB: The error means that another program is using InnoDB's files.
InnoDB: This might be a backup or antivirus software or another instance
InnoDB: of MySQL. Please close it to get rid of this error.
2026-04-05 14:49:43 3e78  InnoDB: Operating system error number 32 in a file operation.
InnoDB: The error means that another program is using InnoDB's files.
InnoDB: This might be a backup or antivirus software or another instance
InnoDB: of MySQL. Please close it to get rid of this error.
2026-04-05 14:49:53 3e78  InnoDB: Operating system error number 32 in a file operation.
InnoDB: The error means that another program is using InnoDB's files.
InnoDB: This might be a backup or antivirus software or another instance
InnoDB: of MySQL. Please close it to get rid of this error.
2026-04-05 14:50:03 3e78  InnoDB: Operating system error number 32 in a file operation.
InnoDB: The error means that another program is using InnoDB's files.
InnoDB: This might be a backup or antivirus software or another instance
InnoDB: of MySQL. Please close it to get rid of this error.
2026-04-05 14:50:14 3e78  InnoDB: Operating system error number 32 in a file operation.
InnoDB: The error means that another program is using InnoDB's files.
InnoDB: This might be a backup or antivirus software or another instance
InnoDB: of MySQL. Please close it to get rid of this error.
2026-04-05 14:50:24 3e78  InnoDB: Operating system error number 32 in a file operation.
InnoDB: The error means that another program is using InnoDB's files.
InnoDB: This might be a backup or antivirus software or another instance
InnoDB: of MySQL. Please close it to get rid of this error.
2026-04-05 14:50:34 3e78  InnoDB: Operating system error number 32 in a file operation.
InnoDB: The error means that another program is using InnoDB's files.
InnoDB: This might be a backup or antivirus software or another instance
InnoDB: of MySQL. Please close it to get rid of this error.
2026-04-05 14:50:44 3e78  InnoDB: Operating system error number 32 in a file operation.
InnoDB: The error means that another program is using InnoDB's files.
InnoDB: This might be a backup or antivirus software or another instance
InnoDB: of MySQL. Please close it to get rid of this error.
2026-04-05 14:50:54 3e78  InnoDB: Operating system error number 32 in a file operation.
InnoDB: The error means that another program is using InnoDB's files.
InnoDB: This might be a backup or antivirus software or another instance
InnoDB: of MySQL. Please close it to get rid of this error.
2026-04-05 14:51:04 3e78  InnoDB: Operating system error number 32 in a file operation.
InnoDB: The error means that another program is using InnoDB's files.
InnoDB: This might be a backup or antivirus software or another instance
InnoDB: of MySQL. Please close it to get rid of this error.
2026-04-05 14:51:14 3e78  InnoDB: Operating system error number 32 in a file operation.
InnoDB: The error means that another program is using InnoDB's files.
InnoDB: This might be a backup or antivirus software or another instance
InnoDB: of MySQL. Please close it to get rid of this error.
2026-04-05 14:51:24 3e78  InnoDB: Operating system error number 32 in a file operation.
InnoDB: The error means that another program is using InnoDB's files.
InnoDB: This might be a backup or antivirus software or another instance
InnoDB: of MySQL. Please close it to get rid of this error.
2026-04-05 14:51:34 3e78  InnoDB: Operating system error number 32 in a file operation.
InnoDB: The error means that another program is using InnoDB's files.
InnoDB: This might be a backup or antivirus software or another instance
InnoDB: of MySQL. Please close it to get rid of this error.
2026-04-05 14:51:44 3e78  InnoDB: Operating system error number 32 in a file operation.
InnoDB: The error means that another program is using InnoDB's files.
InnoDB: This might be a backup or antivirus software or another instance
InnoDB: of MySQL. Please close it to get rid of this error.
2026-04-05 14:51:54 3e78  InnoDB: Operating system error number 32 in a file operation.
InnoDB: The error means that another program is using InnoDB's files.
InnoDB: This might be a backup or antivirus software or another instance
InnoDB: of MySQL. Please close it to get rid of this error.
2026-04-05 14:52:04 3e78  InnoDB: Operating system error number 32 in a file operation.
InnoDB: The error means that another program is using InnoDB's files.
InnoDB: This might be a backup or antivirus software or another instance
InnoDB: of MySQL. Please close it to get rid of this error.
2026-04-05 14:52:14 3e78  InnoDB: Operating system error number 32 in a file operation.
InnoDB: The error means that another program is using InnoDB's files.
InnoDB: This might be a backup or antivirus software or another instance
InnoDB: of MySQL. Please close it to get rid of this error.
2026-04-05 14:52:24 3e78  InnoDB: Operating system error number 32 in a file operation.
InnoDB: The error means that another program is using InnoDB's files.
InnoDB: This might be a backup or antivirus software or another instance
InnoDB: of MySQL. Please close it to get rid of this error.
2026-04-05 14:52:34 3e78  InnoDB: Operating system error number 32 in a file operation.
InnoDB: The error means that another program is using InnoDB's files.
InnoDB: This might be a backup or antivirus software or another instance
InnoDB: of MySQL. Please close it to get rid of this error.
2026-04-05 14:52:44 3e78  InnoDB: Operating system error number 32 in a file operation.
InnoDB: The error means that another program is using InnoDB's files.
InnoDB: This might be a backup or antivirus software or another instance
InnoDB: of MySQL. Please close it to get rid of this error.
2026-04-05 14:52:54 3e78  InnoDB: Operating system error number 32 in a file operation.
InnoDB: The error means that another program is using InnoDB's files.
InnoDB: This might be a backup or antivirus software or another instance
InnoDB: of MySQL. Please close it to get rid of this error.
2026-04-05 14:53:04 3e78  InnoDB: Operating system error number 32 in a file operation.
InnoDB: The error means that another program is using InnoDB's files.
InnoDB: This might be a backup or antivirus software or another instance
InnoDB: of MySQL. Please close it to get rid of this error.
2026-04-05 14:53:14 3e78  InnoDB: Operating system error number 32 in a file operation.
InnoDB: The error means that another program is using InnoDB's files.
InnoDB: This might be a backup or antivirus software or another instance
InnoDB: of MySQL. Please close it to get rid of this error.
2026-04-05 14:53:24 3e78  InnoDB: Operating system error number 32 in a file operation.
InnoDB: The error means that another program is using InnoDB's files.
InnoDB: This might be a backup or antivirus software or another instance
InnoDB: of MySQL. Please close it to get rid of this error.
2026-04-05 14:53:34 3e78  InnoDB: Operating system error number 32 in a file operation.
InnoDB: The error means that another program is using InnoDB's files.
InnoDB: This might be a backup or antivirus software or another instance
InnoDB: of MySQL. Please close it to get rid of this error.
2026-04-05 14:53:44 3e78  InnoDB: Operating system error number 32 in a file operation.
InnoDB: The error means that another program is using InnoDB's files.
InnoDB: This might be a backup or antivirus software or another instance
InnoDB: of MySQL. Please close it to get rid of this error.
2026-04-05 14:53:54 3e78  InnoDB: Operating system error number 32 in a file operation.
InnoDB: The error means that another program is using InnoDB's files.
InnoDB: This might be a backup or antivirus software or another instance
InnoDB: of MySQL. Please close it to get rid of this error.
2026-04-05 14:54:04 3e78  InnoDB: Operating system error number 32 in a file operation.
InnoDB: The error means that another program is using InnoDB's files.
InnoDB: This might be a backup or antivirus software or another instance
InnoDB: of MySQL. Please close it to get rid of this error.
2026-04-05 14:54:14 3e78  InnoDB: Operating system error number 32 in a file operation.
InnoDB: The error means that another program is using InnoDB's files.
InnoDB: This might be a backup or antivirus software or another instance
InnoDB: of MySQL. Please close it to get rid of this error.
2026-04-05 14:54:24 3e78  InnoDB: Operating system error number 32 in a file operation.
InnoDB: The error means that another program is using InnoDB's files.
InnoDB: This might be a backup or antivirus software or another instance
InnoDB: of MySQL. Please close it to get rid of this error.
2026-04-05 14:54:34 3e78  InnoDB: Operating system error number 32 in a file operation.
InnoDB: The error means that another program is using InnoDB's files.
InnoDB: This might be a backup or antivirus software or another instance
InnoDB: of MySQL. Please close it to get rid of this error.
2026-04-05 14:54:44 3e78  InnoDB: Operating system error number 32 in a file operation.
InnoDB: The error means that another program is using InnoDB's files.
InnoDB: This might be a backup or antivirus software or another instance
InnoDB: of MySQL. Please close it to get rid of this error.
2026-04-05 14:54:54 3e78  InnoDB: Operating system error number 32 in a file operation.
InnoDB: The error means that another program is using InnoDB's files.
InnoDB: This might be a backup or antivirus software or another instance
InnoDB: of MySQL. Please close it to get rid of this error.
2026-04-05 14:55:04 3e78  InnoDB: Operating system error number 32 in a file operation.
InnoDB: The error means that another program is using InnoDB's files.
InnoDB: This might be a backup or antivirus software or another instance
InnoDB: of MySQL. Please close it to get rid of this error.
2026-04-05 14:55:14 3e78  InnoDB: Operating system error number 32 in a file operation.
InnoDB: The error means that another program is using InnoDB's files.
InnoDB: This might be a backup or antivirus software or another instance
InnoDB: of MySQL. Please close it to get rid of this error.
2026-04-05 14:55:24 3e78  InnoDB: Operating system error number 32 in a file operation.
InnoDB: The error means that another program is using InnoDB's files.
InnoDB: This might be a backup or antivirus software or another instance
InnoDB: of MySQL. Please close it to get rid of this error.
2026-04-05 14:55:34 3e78  InnoDB: Operating system error number 32 in a file operation.
InnoDB: The error means that another program is using InnoDB's files.
InnoDB: This might be a backup or antivirus software or another instance
InnoDB: of MySQL. Please close it to get rid of this error.
2026-04-05 14:55:44 3e78  InnoDB: Operating system error number 32 in a file operation.
InnoDB: The error means that another program is using InnoDB's files.
InnoDB: This might be a backup or antivirus software or another instance
InnoDB: of MySQL. Please close it to get rid of this error.
2026-04-05 14:55:54 3e78  InnoDB: Operating system error number 32 in a file operation.
InnoDB: The error means that another program is using InnoDB's files.
InnoDB: This might be a backup or antivirus software or another instance
InnoDB: of MySQL. Please close it to get rid of this error.
2026-04-05 14:56:04 3e78  InnoDB: Operating system error number 32 in a file operation.
InnoDB: The error means that another program is using InnoDB's files.
InnoDB: This might be a backup or antivirus software or another instance
InnoDB: of MySQL. Please close it to get rid of this error.
2026-04-05 14:56:14 3e78  InnoDB: Operating system error number 32 in a file operation.
InnoDB: The error means that another program is using InnoDB's files.
InnoDB: This might be a backup or antivirus software or another instance
InnoDB: of MySQL. Please close it to get rid of this error.
2026-04-05 14:56:24 3e78  InnoDB: Operating system error number 32 in a file operation.
InnoDB: The error means that another program is using InnoDB's files.
InnoDB: This might be a backup or antivirus software or another instance
InnoDB: of MySQL. Please close it to get rid of this error.
2026-04-05 14:56:34 3e78  InnoDB: Operating system error number 32 in a file operation.
InnoDB: The error means that another program is using InnoDB's files.
InnoDB: This might be a backup or antivirus software or another instance
InnoDB: of MySQL. Please close it to get rid of this error.
2026-04-05 14:56:44 3e78  InnoDB: Operating system error number 32 in a file operation.
InnoDB: The error means that another program is using InnoDB's files.
InnoDB: This might be a backup or antivirus software or another instance
InnoDB: of MySQL. Please close it to get rid of this error.
2026-04-05 14:56:54 3e78  InnoDB: Operating system error number 32 in a file operation.
InnoDB: The error means that another program is using InnoDB's files.
InnoDB: This might be a backup or antivirus software or another instance
InnoDB: of MySQL. Please close it to get rid of this error.
2026-04-05 14:57:04 3e78  InnoDB: Operating system error number 32 in a file operation.
InnoDB: The error means that another program is using InnoDB's files.
InnoDB: This might be a backup or antivirus software or another instance
InnoDB: of MySQL. Please close it to get rid of this error.
2026-04-05 14:57:14 3e78  InnoDB: Operating system error number 32 in a file operation.
InnoDB: The error means that another program is using InnoDB's files.
InnoDB: This might be a backup or antivirus software or another instance
InnoDB: of MySQL. Please close it to get rid of this error.
2026-04-05 14:57:24 3e78  InnoDB: Operating system error number 32 in a file operation.
InnoDB: The error means that another program is using InnoDB's files.
InnoDB: This might be a backup or antivirus software or another instance
InnoDB: of MySQL. Please close it to get rid of this error.
2026-04-05 14:57:34 3e78  InnoDB: Operating system error number 32 in a file operation.
InnoDB: The error means that another program is using InnoDB's files.
InnoDB: This might be a backup or antivirus software or another instance
InnoDB: of MySQL. Please close it to get rid of this error.
2026-04-05 14:57:44 3e78  InnoDB: Operating system error number 32 in a file operation.
InnoDB: The error means that another program is using InnoDB's files.
InnoDB: This might be a backup or antivirus software or another instance
InnoDB: of MySQL. Please close it to get rid of this error.
2026-04-05 14:57:54 3e78  InnoDB: Operating system error number 32 in a file operation.
InnoDB: The error means that another program is using InnoDB's files.
InnoDB: This might be a backup or antivirus software or another instance
InnoDB: of MySQL. Please close it to get rid of this error.
2026-04-05 14:58:04 3e78  InnoDB: Operating system error number 32 in a file operation.
InnoDB: The error means that another program is using InnoDB's files.
InnoDB: This might be a backup or antivirus software or another instance
InnoDB: of MySQL. Please close it to get rid of this error.
2026-04-05 14:58:14 3e78  InnoDB: Operating system error number 32 in a file operation.
InnoDB: The error means that another program is using InnoDB's files.
InnoDB: This might be a backup or antivirus software or another instance
InnoDB: of MySQL. Please close it to get rid of this error.
2026-04-05 14:58:24 3e78  InnoDB: Operating system error number 32 in a file operation.
InnoDB: The error means that another program is using InnoDB's files.
InnoDB: This might be a backup or antivirus software or another instance
InnoDB: of MySQL. Please close it to get rid of this error.
2026-04-05 14:58:34 3e78  InnoDB: Operating system error number 32 in a file operation.
InnoDB: The error means that another program is using InnoDB's files.
InnoDB: This might be a backup or antivirus software or another instance
InnoDB: of MySQL. Please close it to get rid of this error.
2026-04-05 14:58:44 3e78  InnoDB: Operating system error number 32 in a file operation.
InnoDB: The error means that another program is using InnoDB's files.
InnoDB: This might be a backup or antivirus software or another instance
InnoDB: of MySQL. Please close it to get rid of this error.
2026-04-05 14:58:54 3e78  InnoDB: Operating system error number 32 in a file operation.
InnoDB: The error means that another program is using InnoDB's files.
InnoDB: This might be a backup or antivirus software or another instance
InnoDB: of MySQL. Please close it to get rid of this error.
2026-04-05 14:59:04 3e78  InnoDB: Operating system error number 32 in a file operation.
InnoDB: The error means that another program is using InnoDB's files.
InnoDB: This might be a backup or antivirus software or another instance
InnoDB: of MySQL. Please close it to get rid of this error.
2026-04-05 14:59:14 3e78  InnoDB: Operating system error number 32 in a file operation.
InnoDB: The error means that another program is using InnoDB's files.
InnoDB: This might be a backup or antivirus software or another instance
InnoDB: of MySQL. Please close it to get rid of this error.
2026-04-05 14:59:24 3e78  InnoDB: Operating system error number 32 in a file operation.
InnoDB: The error means that another program is using InnoDB's files.
InnoDB: This might be a backup or antivirus software or another instance
InnoDB: of MySQL. Please close it to get rid of this error.
2026-04-05 14:59:34 3e78  InnoDB: Operating system error number 32 in a file operation.
InnoDB: The error means that another program is using InnoDB's files.
InnoDB: This might be a backup or antivirus software or another instance
InnoDB: of MySQL. Please close it to get rid of this error.
2026-04-05 14:59:44 3e78  InnoDB: Operating system error number 32 in a file operation.
InnoDB: The error means that another program is using InnoDB's files.
InnoDB: This might be a backup or antivirus software or another instance
InnoDB: of MySQL. Please close it to get rid of this error.
2026-04-05 14:59:54 3e78  InnoDB: Operating system error number 32 in a file operation.
InnoDB: The error means that another program is using InnoDB's files.
InnoDB: This might be a backup or antivirus software or another instance
InnoDB: of MySQL. Please close it to get rid of this error.
2026-04-05 15:00:04 3e78  InnoDB: Operating system error number 32 in a file operation.
InnoDB: The error means that another program is using InnoDB's files.
InnoDB: This might be a backup or antivirus software or another instance
InnoDB: of MySQL. Please close it to get rid of this error.
2026-04-05 15:00:14 3e78  InnoDB: Operating system error number 32 in a file operation.
InnoDB: The error means that another program is using InnoDB's files.
InnoDB: This might be a backup or antivirus software or another instance
InnoDB: of MySQL. Please close it to get rid of this error.
2026-04-05 15:00:24 3e78  InnoDB: Operating system error number 32 in a file operation.
InnoDB: The error means that another program is using InnoDB's files.
InnoDB: This might be a backup or antivirus software or another instance
InnoDB: of MySQL. Please close it to get rid of this error.
2026-04-05 15:00:34 3e78  InnoDB: Operating system error number 32 in a file operation.
InnoDB: The error means that another program is using InnoDB's files.
InnoDB: This might be a backup or antivirus software or another instance
InnoDB: of MySQL. Please close it to get rid of this error.
2026-04-05 15:00:44 3e78  InnoDB: Operating system error number 32 in a file operation.
InnoDB: The error means that another program is using InnoDB's files.
InnoDB: This might be a backup or antivirus software or another instance
InnoDB: of MySQL. Please close it to get rid of this error.
2026-04-05 15:00:54 3e78  InnoDB: Operating system error number 32 in a file operation.
InnoDB: The error means that another program is using InnoDB's files.
InnoDB: This might be a backup or antivirus software or another instance
InnoDB: of MySQL. Please close it to get rid of this error.
2026-04-05 15:01:04 3e78  InnoDB: Operating system error number 32 in a file operation.
InnoDB: The error means that another program is using InnoDB's files.
InnoDB: This might be a backup or antivirus software or another instance
InnoDB: of MySQL. Please close it to get rid of this error.
2026-04-05 15:01:14 3e78  InnoDB: Operating system error number 32 in a file operation.
InnoDB: The error means that another program is using InnoDB's files.
InnoDB: This might be a backup or antivirus software or another instance
InnoDB: of MySQL. Please close it to get rid of this error.
2026-04-05 15:01:24 3e78  InnoDB: Operating system error number 32 in a file operation.
InnoDB: The error means that another program is using InnoDB's files.
InnoDB: This might be a backup or antivirus software or another instance
InnoDB: of MySQL. Please close it to get rid of this error.
2026-04-05 15:01:34 3e78  InnoDB: Operating system error number 32 in a file operation.
InnoDB: The error means that another program is using InnoDB's files.
InnoDB: This might be a backup or antivirus software or another instance
InnoDB: of MySQL. Please close it to get rid of this error.
2026-04-05 15:01:44 3e78  InnoDB: Operating system error number 32 in a file operation.
InnoDB: The error means that another program is using InnoDB's files.
InnoDB: This might be a backup or antivirus software or another instance
InnoDB: of MySQL. Please close it to get rid of this error.
2026-04-05 15:01:54 3e78  InnoDB: Operating system error number 32 in a file operation.
InnoDB: The error means that another program is using InnoDB's files.
InnoDB: This might be a backup or antivirus software or another instance
InnoDB: of MySQL. Please close it to get rid of this error.
2026-04-05 15:02:04 3e78  InnoDB: Operating system error number 32 in a file operation.
InnoDB: The error means that another program is using InnoDB's files.
InnoDB: This might be a backup or antivirus software or another instance
InnoDB: of MySQL. Please close it to get rid of this error.
2026-04-05 15:02:14 3e78  InnoDB: Operating system error number 32 in a file operation.
InnoDB: The error means that another program is using InnoDB's files.
InnoDB: This might be a backup or antivirus software or another instance
InnoDB: of MySQL. Please close it to get rid of this error.
2026-04-05 15:02:24 3e78  InnoDB: Operating system error number 32 in a file operation.
InnoDB: The error means that another program is using InnoDB's files.
InnoDB: This might be a backup or antivirus software or another instance
InnoDB: of MySQL. Please close it to get rid of this error.
2026-04-05 15:02:34 3e78  InnoDB: Operating system error number 32 in a file operation.
InnoDB: The error means that another program is using InnoDB's files.
InnoDB: This might be a backup or antivirus software or another instance
InnoDB: of MySQL. Please close it to get rid of this error.
2026-04-05 15:02:44 3e78  InnoDB: Operating system error number 32 in a file operation.
InnoDB: The error means that another program is using InnoDB's files.
InnoDB: This might be a backup or antivirus software or another instance
InnoDB: of MySQL. Please close it to get rid of this error.
2026-04-05 15:02:54 3e78  InnoDB: Operating system error number 32 in a file operation.
InnoDB: The error means that another program is using InnoDB's files.
InnoDB: This might be a backup or antivirus software or another instance
InnoDB: of MySQL. Please close it to get rid of this error.
2026-04-05 15:03:04 3e78  InnoDB: Operating system error number 32 in a file operation.
InnoDB: The error means that another program is using InnoDB's files.
InnoDB: This might be a backup or antivirus software or another instance
InnoDB: of MySQL. Please close it to get rid of this error.
2026-04-05 15:03:14 3e78  InnoDB: Operating system error number 32 in a file operation.
InnoDB: The error means that another program is using InnoDB's files.
InnoDB: This might be a backup or antivirus software or another instance
InnoDB: of MySQL. Please close it to get rid of this error.
2026-04-05 15:03:24 3e78  InnoDB: Operating system error number 32 in a file operation.
InnoDB: The error means that another program is using InnoDB's files.
InnoDB: This might be a backup or antivirus software or another instance
InnoDB: of MySQL. Please close it to get rid of this error.
2026-04-05 15:03:34 3e78  InnoDB: Operating system error number 32 in a file operation.
InnoDB: The error means that another program is using InnoDB's files.
InnoDB: This might be a backup or antivirus software or another instance
InnoDB: of MySQL. Please close it to get rid of this error.
2026-04-05 15:03:44 3e78  InnoDB: Operating system error number 32 in a file operation.
InnoDB: The error means that another program is using InnoDB's files.
InnoDB: This might be a backup or antivirus software or another instance
InnoDB: of MySQL. Please close it to get rid of this error.
2026-04-05 15:03:54 3e78  InnoDB: Operating system error number 32 in a file operation.
InnoDB: The error means that another program is using InnoDB's files.
InnoDB: This might be a backup or antivirus software or another instance
InnoDB: of MySQL. Please close it to get rid of this error.
2026-04-05 15:04:04 3e78  InnoDB: Operating system error number 32 in a file operation.
InnoDB: The error means that another program is using InnoDB's files.
InnoDB: This might be a backup or antivirus software or another instance
InnoDB: of MySQL. Please close it to get rid of this error.
2026-04-05 15:04:14 3e78  InnoDB: Operating system error number 32 in a file operation.
InnoDB: The error means that another program is using InnoDB's files.
InnoDB: This might be a backup or antivirus software or another instance
InnoDB: of MySQL. Please close it to get rid of this error.
2026-04-05 15:04:24 3e78  InnoDB: Operating system error number 32 in a file operation.
InnoDB: The error means that another program is using InnoDB's files.
InnoDB: This might be a backup or antivirus software or another instance
InnoDB: of MySQL. Please close it to get rid of this error.
2026-04-05 15:04:34 3e78  InnoDB: Operating system error number 32 in a file operation.
InnoDB: The error means that another program is using InnoDB's files.
InnoDB: This might be a backup or antivirus software or another instance
InnoDB: of MySQL. Please close it to get rid of this error.
2026-04-05 15:04:44 3e78  InnoDB: Operating system error number 32 in a file operation.
InnoDB: The error means that another program is using InnoDB's files.
InnoDB: This might be a backup or antivirus software or another instance
InnoDB: of MySQL. Please close it to get rid of this error.
2026-04-05 15:04:54 3e78  InnoDB: Operating system error number 32 in a file operation.
InnoDB: The error means that another program is using InnoDB's files.
InnoDB: This might be a backup or antivirus software or another instance
InnoDB: of MySQL. Please close it to get rid of this error.
2026-04-05 15:05:04 3e78  InnoDB: Operating system error number 32 in a file operation.
InnoDB: The error means that another program is using InnoDB's files.
InnoDB: This might be a backup or antivirus software or another instance
InnoDB: of MySQL. Please close it to get rid of this error.
2026-04-05 15:05:14 3e78  InnoDB: Operating system error number 32 in a file operation.
InnoDB: The error means that another program is using InnoDB's files.
InnoDB: This might be a backup or antivirus software or another instance
InnoDB: of MySQL. Please close it to get rid of this error.
2026-04-05 15:05:24 3e78  InnoDB: Operating system error number 32 in a file operation.
InnoDB: The error means that another program is using InnoDB's files.
InnoDB: This might be a backup or antivirus software or another instance
InnoDB: of MySQL. Please close it to get rid of this error.
2026-04-05 15:05:34 3e78  InnoDB: Operating system error number 32 in a file operation.
InnoDB: The error means that another program is using InnoDB's files.
InnoDB: This might be a backup or antivirus software or another instance
InnoDB: of MySQL. Please close it to get rid of this error.
2026-04-05 15:05:44 3e78  InnoDB: Operating system error number 32 in a file operation.
InnoDB: The error means that another program is using InnoDB's files.
InnoDB: This might be a backup or antivirus software or another instance
InnoDB: of MySQL. Please close it to get rid of this error.
2026-04-05 15:05:54 3e78  InnoDB: Operating system error number 32 in a file operation.
InnoDB: The error means that another program is using InnoDB's files.
InnoDB: This might be a backup or antivirus software or another instance
InnoDB: of MySQL. Please close it to get rid of this error.
2026-04-05 15:06:04 3e78  InnoDB: Operating system error number 32 in a file operation.
InnoDB: The error means that another program is using InnoDB's files.
InnoDB: This might be a backup or antivirus software or another instance
InnoDB: of MySQL. Please close it to get rid of this error.
2026-04-05 15:06:14 3e78  InnoDB: Operating system error number 32 in a file operation.
InnoDB: The error means that another program is using InnoDB's files.
InnoDB: This might be a backup or antivirus software or another instance
InnoDB: of MySQL. Please close it to get rid of this error.
2026-04-05 15:06:24 3e78  InnoDB: Operating system error number 32 in a file operation.
InnoDB: The error means that another program is using InnoDB's files.
InnoDB: This might be a backup or antivirus software or another instance
InnoDB: of MySQL. Please close it to get rid of this error.
2026-04-05 15:06:35 3e78  InnoDB: Operating system error number 32 in a file operation.
InnoDB: The error means that another program is using InnoDB's files.
InnoDB: This might be a backup or antivirus software or another instance
InnoDB: of MySQL. Please close it to get rid of this error.
2026-04-05 15:06:45 3e78  InnoDB: Operating system error number 32 in a file operation.
InnoDB: The error means that another program is using InnoDB's files.
InnoDB: This might be a backup or antivirus software or another instance
InnoDB: of MySQL. Please close it to get rid of this error.
2026-04-05 15:06:55 3e78  InnoDB: Operating system error number 32 in a file operation.
InnoDB: The error means that another program is using InnoDB's files.
InnoDB: This might be a backup or antivirus software or another instance
InnoDB: of MySQL. Please close it to get rid of this error.
2026-04-05 15:07:05 3e78  InnoDB: Operating system error number 32 in a file operation.
InnoDB: The error means that another program is using InnoDB's files.
InnoDB: This might be a backup or antivirus software or another instance
InnoDB: of MySQL. Please close it to get rid of this error.
2026-04-05 15:07:15 3e78  InnoDB: Operating system error number 32 in a file operation.
InnoDB: The error means that another program is using InnoDB's files.
InnoDB: This might be a backup or antivirus software or another instance
InnoDB: of MySQL. Please close it to get rid of this error.
2026-04-05 15:07:25 3e78  InnoDB: Operating system error number 32 in a file operation.
InnoDB: The error means that another program is using InnoDB's files.
InnoDB: This might be a backup or antivirus software or another instance
InnoDB: of MySQL. Please close it to get rid of this error.
2026-04-05 15:07:35 3e78  InnoDB: Operating system error number 32 in a file operation.
InnoDB: The error means that another program is using InnoDB's files.
InnoDB: This might be a backup or antivirus software or another instance
InnoDB: of MySQL. Please close it to get rid of this error.
2026-04-05 15:07:45 3e78  InnoDB: Operating system error number 32 in a file operation.
InnoDB: The error means that another program is using InnoDB's files.
InnoDB: This might be a backup or antivirus software or another instance
InnoDB: of MySQL. Please close it to get rid of this error.
2026-04-05 15:07:55 3e78  InnoDB: Operating system error number 32 in a file operation.
InnoDB: The error means that another program is using InnoDB's files.
InnoDB: This might be a backup or antivirus software or another instance
InnoDB: of MySQL. Please close it to get rid of this error.
2026-04-05 15:08:05 3e78  InnoDB: Operating system error number 32 in a file operation.
InnoDB: The error means that another program is using InnoDB's files.
InnoDB: This might be a backup or antivirus software or another instance
InnoDB: of MySQL. Please close it to get rid of this error.
2026-04-05 15:08:15 3e78  InnoDB: Operating system error number 32 in a file operation.
InnoDB: The error means that another program is using InnoDB's files.
InnoDB: This might be a backup or antivirus software or another instance
InnoDB: of MySQL. Please close it to get rid of this error.
2026-04-05 15:08:25 3e78  InnoDB: Operating system error number 32 in a file operation.
InnoDB: The error means that another program is using InnoDB's files.
InnoDB: This might be a backup or antivirus software or another instance
InnoDB: of MySQL. Please close it to get rid of this error.
2026-04-05 15:08:35 3e78  InnoDB: Operating system error number 32 in a file operation.
InnoDB: The error means that another program is using InnoDB's files.
InnoDB: This might be a backup or antivirus software or another instance
InnoDB: of MySQL. Please close it to get rid of this error.
2026-04-05 15:08:45 3e78  InnoDB: Operating system error number 32 in a file operation.
InnoDB: The error means that another program is using InnoDB's files.
InnoDB: This might be a backup or antivirus software or another instance
InnoDB: of MySQL. Please close it to get rid of this error.
2026-04-05 15:08:55 3e78  InnoDB: Operating system error number 32 in a file operation.
InnoDB: The error means that another program is using InnoDB's files.
InnoDB: This might be a backup or antivirus software or another instance
InnoDB: of MySQL. Please close it to get rid of this error.
2026-04-05 15:09:05 3e78  InnoDB: Operating system error number 32 in a file operation.
InnoDB: The error means that another program is using InnoDB's files.
InnoDB: This might be a backup or antivirus software or another instance
InnoDB: of MySQL. Please close it to get rid of this error.
2026-04-05 15:09:15 3e78  InnoDB: Operating system error number 32 in a file operation.
InnoDB: The error means that another program is using InnoDB's files.
InnoDB: This might be a backup or antivirus software or another instance
InnoDB: of MySQL. Please close it to get rid of this error.
2026-04-05 15:09:25 3e78  InnoDB: Operating system error number 32 in a file operation.
InnoDB: The error means that another program is using InnoDB's files.
InnoDB: This might be a backup or antivirus software or another instance
InnoDB: of MySQL. Please close it to get rid of this error.
2026-04-05 15:09:35 3e78  InnoDB: Operating system error number 32 in a file operation.
InnoDB: The error means that another program is using InnoDB's files.
InnoDB: This might be a backup or antivirus software or another instance
InnoDB: of MySQL. Please close it to get rid of this error.
2026-04-05 15:09:45 3e78  InnoDB: Operating system error number 32 in a file operation.
InnoDB: The error means that another program is using InnoDB's files.
InnoDB: This might be a backup or antivirus software or another instance
InnoDB: of MySQL. Please close it to get rid of this error.
2026-04-05 15:09:55 3e78  InnoDB: Operating system error number 32 in a file operation.
InnoDB: The error means that another program is using InnoDB's files.
InnoDB: This might be a backup or antivirus software or another instance
InnoDB: of MySQL. Please close it to get rid of this error.
2026-04-05 15:10:05 3e78  InnoDB: Operating system error number 32 in a file operation.
InnoDB: The error means that another program is using InnoDB's files.
InnoDB: This might be a backup or antivirus software or another instance
InnoDB: of MySQL. Please close it to get rid of this error.
2026-04-05 15:10:15 3e78  InnoDB: Operating system error number 32 in a file operation.
InnoDB: The error means that another program is using InnoDB's files.
InnoDB: This might be a backup or antivirus software or another instance
InnoDB: of MySQL. Please close it to get rid of this error.
2026-04-05 15:10:25 3e78  InnoDB: Operating system error number 32 in a file operation.
InnoDB: The error means that another program is using InnoDB's files.
InnoDB: This might be a backup or antivirus software or another instance
InnoDB: of MySQL. Please close it to get rid of this error.
2026-04-05 15:10:35 3e78  InnoDB: Operating system error number 32 in a file operation.
InnoDB: The error means that another program is using InnoDB's files.
InnoDB: This might be a backup or antivirus software or another instance
InnoDB: of MySQL. Please close it to get rid of this error.
2026-04-05 15:10:45 3e78  InnoDB: Operating system error number 32 in a file operation.
InnoDB: The error means that another program is using InnoDB's files.
InnoDB: This might be a backup or antivirus software or another instance
InnoDB: of MySQL. Please close it to get rid of this error.
2026-04-05 15:10:55 3e78  InnoDB: Operating system error number 32 in a file operation.
InnoDB: The error means that another program is using InnoDB's files.
InnoDB: This might be a backup or antivirus software or another instance
InnoDB: of MySQL. Please close it to get rid of this error.
2026-04-05 15:11:05 3e78  InnoDB: Operating system error number 32 in a file operation.
InnoDB: The error means that another program is using InnoDB's files.
InnoDB: This might be a backup or antivirus software or another instance
InnoDB: of MySQL. Please close it to get rid of this error.
2026-04-05 15:11:15 3e78  InnoDB: Operating system error number 32 in a file operation.
InnoDB: The error means that another program is using InnoDB's files.
InnoDB: This might be a backup or antivirus software or another instance
InnoDB: of MySQL. Please close it to get rid of this error.
2026-04-05 15:11:25 3e78  InnoDB: Operating system error number 32 in a file operation.
InnoDB: The error means that another program is using InnoDB's files.
InnoDB: This might be a backup or antivirus software or another instance
InnoDB: of MySQL. Please close it to get rid of this error.
2026-04-05 15:11:35 3e78  InnoDB: Operating system error number 32 in a file operation.
InnoDB: The error means that another program is using InnoDB's files.
InnoDB: This might be a backup or antivirus software or another instance
InnoDB: of MySQL. Please close it to get rid of this error.
2026-04-05 15:11:45 3e78  InnoDB: Operating system error number 32 in a file operation.
InnoDB: The error means that another program is using InnoDB's files.
InnoDB: This might be a backup or antivirus software or another instance
InnoDB: of MySQL. Please close it to get rid of this error.
2026-04-05 15:11:55 3e78  InnoDB: Operating system error number 32 in a file operation.
InnoDB: The error means that another program is using InnoDB's files.
InnoDB: This might be a backup or antivirus software or another instance
InnoDB: of MySQL. Please close it to get rid of this error.
2026-04-05 15:12:05 3e78  InnoDB: Operating system error number 32 in a file operation.
InnoDB: The error means that another program is using InnoDB's files.
InnoDB: This might be a backup or antivirus software or another instance
InnoDB: of MySQL. Please close it to get rid of this error.
2026-04-05 15:12:15 3e78  InnoDB: Operating system error number 32 in a file operation.
InnoDB: The error means that another program is using InnoDB's files.
InnoDB: This might be a backup or antivirus software or another instance
InnoDB: of MySQL. Please close it to get rid of this error.
2026-04-05 15:12:25 3e78  InnoDB: Operating system error number 32 in a file operation.
InnoDB: The error means that another program is using InnoDB's files.
InnoDB: This might be a backup or antivirus software or another instance
InnoDB: of MySQL. Please close it to get rid of this error.
2026-04-05 15:12:35 3e78  InnoDB: Operating system error number 32 in a file operation.
InnoDB: The error means that another program is using InnoDB's files.
InnoDB: This might be a backup or antivirus software or another instance
InnoDB: of MySQL. Please close it to get rid of this error.
2026-04-05 15:12:45 3e78  InnoDB: Operating system error number 32 in a file operation.
InnoDB: The error means that another program is using InnoDB's files.
InnoDB: This might be a backup or antivirus software or another instance
InnoDB: of MySQL. Please close it to get rid of this error.
2026-04-05 15:12:55 3e78  InnoDB: Operating system error number 32 in a file operation.
InnoDB: The error means that another program is using InnoDB's files.
InnoDB: This might be a backup or antivirus software or another instance
InnoDB: of MySQL. Please close it to get rid of this error.
2026-04-05 15:13:05 3e78  InnoDB: Operating system error number 32 in a file operation.
InnoDB: The error means that another program is using InnoDB's files.
InnoDB: This might be a backup or antivirus software or another instance
InnoDB: of MySQL. Please close it to get rid of this error.
2026-04-05 15:13:15 3e78  InnoDB: Operating system error number 32 in a file operation.
InnoDB: The error means that another program is using InnoDB's files.
InnoDB: This might be a backup or antivirus software or another instance
InnoDB: of MySQL. Please close it to get rid of this error.
2026-04-05 15:13:25 3e78  InnoDB: Operating system error number 32 in a file operation.
InnoDB: The error means that another program is using InnoDB's files.
InnoDB: This might be a backup or antivirus software or another instance
InnoDB: of MySQL. Please close it to get rid of this error.
2026-04-05 15:13:35 3e78  InnoDB: Operating system error number 32 in a file operation.
InnoDB: The error means that another program is using InnoDB's files.
InnoDB: This might be a backup or antivirus software or another instance
InnoDB: of MySQL. Please close it to get rid of this error.
2026-04-05 15:13:45 3e78  InnoDB: Operating system error number 32 in a file operation.
InnoDB: The error means that another program is using InnoDB's files.
InnoDB: This might be a backup or antivirus software or another instance
InnoDB: of MySQL. Please close it to get rid of this error.
2026-04-05 15:13:55 3e78  InnoDB: Operating system error number 32 in a file operation.
InnoDB: The error means that another program is using InnoDB's files.
InnoDB: This might be a backup or antivirus software or another instance
InnoDB: of MySQL. Please close it to get rid of this error.
2026-04-05 15:14:05 3e78  InnoDB: Operating system error number 32 in a file operation.
InnoDB: The error means that another program is using InnoDB's files.
InnoDB: This might be a backup or antivirus software or another instance
InnoDB: of MySQL. Please close it to get rid of this error.
2026-04-05 15:14:15 3e78  InnoDB: Operating system error number 32 in a file operation.
InnoDB: The error means that another program is using InnoDB's files.
InnoDB: This might be a backup or antivirus software or another instance
InnoDB: of MySQL. Please close it to get rid of this error.
2026-04-05 15:14:25 3e78  InnoDB: Operating system error number 32 in a file operation.
InnoDB: The error means that another program is using InnoDB's files.
InnoDB: This might be a backup or antivirus software or another instance
InnoDB: of MySQL. Please close it to get rid of this error.
2026-04-05 15:14:35 3e78  InnoDB: Operating system error number 32 in a file operation.
InnoDB: The error means that another program is using InnoDB's files.
InnoDB: This might be a backup or antivirus software or another instance
InnoDB: of MySQL. Please close it to get rid of this error.
2026-04-05 15:14:45 3e78  InnoDB: Operating system error number 32 in a file operation.
InnoDB: The error means that another program is using InnoDB's files.
InnoDB: This might be a backup or antivirus software or another instance
InnoDB: of MySQL. Please close it to get rid of this error.
2026-04-05 15:14:55 3e78  InnoDB: Operating system error number 32 in a file operation.
InnoDB: The error means that another program is using InnoDB's files.
InnoDB: This might be a backup or antivirus software or another instance
InnoDB: of MySQL. Please close it to get rid of this error.
2026-04-05 15:15:05 3e78  InnoDB: Operating system error number 32 in a file operation.
InnoDB: The error means that another program is using InnoDB's files.
InnoDB: This might be a backup or antivirus software or another instance
InnoDB: of MySQL. Please close it to get rid of this error.
2026-04-05 15:15:15 3e78  InnoDB: Operating system error number 32 in a file operation.
InnoDB: The error means that another program is using InnoDB's files.
InnoDB: This might be a backup or antivirus software or another instance
InnoDB: of MySQL. Please close it to get rid of this error.
2026-04-05 15:15:25 3e78  InnoDB: Operating system error number 32 in a file operation.
InnoDB: The error means that another program is using InnoDB's files.
InnoDB: This might be a backup or antivirus software or another instance
InnoDB: of MySQL. Please close it to get rid of this error.
2026-04-05 15:15:35 3e78  InnoDB: Operating system error number 32 in a file operation.
InnoDB: The error means that another program is using InnoDB's files.
InnoDB: This might be a backup or antivirus software or another instance
InnoDB: of MySQL. Please close it to get rid of this error.
2026-04-05 15:15:45 3e78  InnoDB: Operating system error number 32 in a file operation.
InnoDB: The error means that another program is using InnoDB's files.
InnoDB: This might be a backup or antivirus software or another instance
InnoDB: of MySQL. Please close it to get rid of this error.
2026-04-05 15:15:55 3e78  InnoDB: Operating system error number 32 in a file operation.
InnoDB: The error means that another program is using InnoDB's files.
InnoDB: This might be a backup or antivirus software or another instance
InnoDB: of MySQL. Please close it to get rid of this error.
2026-04-05 15:16:05 3e78  InnoDB: Operating system error number 32 in a file operation.
InnoDB: The error means that another program is using InnoDB's files.
InnoDB: This might be a backup or antivirus software or another instance
InnoDB: of MySQL. Please close it to get rid of this error.
2026-04-05 15:16:15 3e78  InnoDB: Operating system error number 32 in a file operation.
InnoDB: The error means that another program is using InnoDB's files.
InnoDB: This might be a backup or antivirus software or another instance
InnoDB: of MySQL. Please close it to get rid of this error.
2026-04-05 15:16:25 3e78  InnoDB: Operating system error number 32 in a file operation.
InnoDB: The error means that another program is using InnoDB's files.
InnoDB: This might be a backup or antivirus software or another instance
InnoDB: of MySQL. Please close it to get rid of this error.
2026-04-05 15:16:35 3e78  InnoDB: Operating system error number 32 in a file operation.
InnoDB: The error means that another program is using InnoDB's files.
InnoDB: This might be a backup or antivirus software or another instance
InnoDB: of MySQL. Please close it to get rid of this error.
2026-04-05 15:16:45 3e78  InnoDB: Operating system error number 32 in a file operation.
InnoDB: The error means that another program is using InnoDB's files.
InnoDB: This might be a backup or antivirus software or another instance
InnoDB: of MySQL. Please close it to get rid of this error.
2026-04-05 15:16:55 3e78  InnoDB: Operating system error number 32 in a file operation.
InnoDB: The error means that another program is using InnoDB's files.
InnoDB: This might be a backup or antivirus software or another instance
InnoDB: of MySQL. Please close it to get rid of this error.
2026-04-05 15:17:05 3e78  InnoDB: Operating system error number 32 in a file operation.
InnoDB: The error means that another program is using InnoDB's files.
InnoDB: This might be a backup or antivirus software or another instance
InnoDB: of MySQL. Please close it to get rid of this error.
2026-04-05 15:17:15 3e78  InnoDB: Operating system error number 32 in a file operation.
InnoDB: The error means that another program is using InnoDB's files.
InnoDB: This might be a backup or antivirus software or another instance
InnoDB: of MySQL. Please close it to get rid of this error.
2026-04-05 15:17:25 3e78  InnoDB: Operating system error number 32 in a file operation.
InnoDB: The error means that another program is using InnoDB's files.
InnoDB: This might be a backup or antivirus software or another instance
InnoDB: of MySQL. Please close it to get rid of this error.
2026-04-05 15:17:35 3e78  InnoDB: Operating system error number 32 in a file operation.
InnoDB: The error means that another program is using InnoDB's files.
InnoDB: This might be a backup or antivirus software or another instance
InnoDB: of MySQL. Please close it to get rid of this error.
2026-04-05 15:17:45 3e78  InnoDB: Operating system error number 32 in a file operation.
InnoDB: The error means that another program is using InnoDB's files.
InnoDB: This might be a backup or antivirus software or another instance
InnoDB: of MySQL. Please close it to get rid of this error.
2026-04-05 15:17:55 3e78  InnoDB: Operating system error number 32 in a file operation.
InnoDB: The error means that another program is using InnoDB's files.
InnoDB: This might be a backup or antivirus software or another instance
InnoDB: of MySQL. Please close it to get rid of this error.
2026-04-05 15:18:05 3e78  InnoDB: Operating system error number 32 in a file operation.
InnoDB: The error means that another program is using InnoDB's files.
InnoDB: This might be a backup or antivirus software or another instance
InnoDB: of MySQL. Please close it to get rid of this error.
2026-04-05 15:18:15 3e78  InnoDB: Operating system error number 32 in a file operation.
InnoDB: The error means that another program is using InnoDB's files.
InnoDB: This might be a backup or antivirus software or another instance
InnoDB: of MySQL. Please close it to get rid of this error.
2026-04-05 15:18:25 3e78  InnoDB: Operating system error number 32 in a file operation.
InnoDB: The error means that another program is using InnoDB's files.
InnoDB: This might be a backup or antivirus software or another instance
InnoDB: of MySQL. Please close it to get rid of this error.
2026-04-05 15:18:35 3e78  InnoDB: Operating system error number 32 in a file operation.
InnoDB: The error means that another program is using InnoDB's files.
InnoDB: This might be a backup or antivirus software or another instance
InnoDB: of MySQL. Please close it to get rid of this error.
2026-04-05 15:18:45 3e78  InnoDB: Operating system error number 32 in a file operation.
InnoDB: The error means that another program is using InnoDB's files.
InnoDB: This might be a backup or antivirus software or another instance
InnoDB: of MySQL. Please close it to get rid of this error.
2026-04-05 15:18:55 3e78  InnoDB: Operating system error number 32 in a file operation.
InnoDB: The error means that another program is using InnoDB's files.
InnoDB: This might be a backup or antivirus software or another instance
InnoDB: of MySQL. Please close it to get rid of this error.
2026-04-05 15:19:05 3e78  InnoDB: Operating system error number 32 in a file operation.
InnoDB: The error means that another program is using InnoDB's files.
InnoDB: This might be a backup or antivirus software or another instance
InnoDB: of MySQL. Please close it to get rid of this error.
2026-04-05 15:19:15 3e78  InnoDB: Operating system error number 32 in a file operation.
InnoDB: The error means that another program is using InnoDB's files.
InnoDB: This might be a backup or antivirus software or another instance
InnoDB: of MySQL. Please close it to get rid of this error.
2026-04-05 15:19:25 3e78  InnoDB: Operating system error number 32 in a file operation.
InnoDB: The error means that another program is using InnoDB's files.
InnoDB: This might be a backup or antivirus software or another instance
InnoDB: of MySQL. Please close it to get rid of this error.
2026-04-05 15:19:35 3e78  InnoDB: Operating system error number 32 in a file operation.
InnoDB: The error means that another program is using InnoDB's files.
InnoDB: This might be a backup or antivirus software or another instance
InnoDB: of MySQL. Please close it to get rid of this error.
2026-04-05 15:19:45 3e78  InnoDB: Operating system error number 32 in a file operation.
InnoDB: The error means that another program is using InnoDB's files.
InnoDB: This might be a backup or antivirus software or another instance
InnoDB: of MySQL. Please close it to get rid of this error.
2026-04-05 15:19:55 3e78  InnoDB: Operating system error number 32 in a file operation.
InnoDB: The error means that another program is using InnoDB's files.
InnoDB: This might be a backup or antivirus software or another instance
InnoDB: of MySQL. Please close it to get rid of this error.
2026-04-05 15:20:05 3e78  InnoDB: Operating system error number 32 in a file operation.
InnoDB: The error means that another program is using InnoDB's files.
InnoDB: This might be a backup or antivirus software or another instance
InnoDB: of MySQL. Please close it to get rid of this error.
2026-04-05 15:20:15 3e78  InnoDB: Operating system error number 32 in a file operation.
InnoDB: The error means that another program is using InnoDB's files.
InnoDB: This might be a backup or antivirus software or another instance
InnoDB: of MySQL. Please close it to get rid of this error.
2026-04-05 15:20:25 3e78  InnoDB: Operating system error number 32 in a file operation.
InnoDB: The error means that another program is using InnoDB's files.
InnoDB: This might be a backup or antivirus software or another instance
InnoDB: of MySQL. Please close it to get rid of this error.
2026-04-05 15:20:35 3e78  InnoDB: Operating system error number 32 in a file operation.
InnoDB: The error means that another program is using InnoDB's files.
InnoDB: This might be a backup or antivirus software or another instance
InnoDB: of MySQL. Please close it to get rid of this error.
2026-04-05 15:20:45 3e78  InnoDB: Operating system error number 32 in a file operation.
InnoDB: The error means that another program is using InnoDB's files.
InnoDB: This might be a backup or antivirus software or another instance
InnoDB: of MySQL. Please close it to get rid of this error.
2026-04-05 15:20:55 3e78  InnoDB: Operating system error number 32 in a file operation.
InnoDB: The error means that another program is using InnoDB's files.
InnoDB: This might be a backup or antivirus software or another instance
InnoDB: of MySQL. Please close it to get rid of this error.
2026-04-05 15:21:05 3e78  InnoDB: Operating system error number 32 in a file operation.
InnoDB: The error means that another program is using InnoDB's files.
InnoDB: This might be a backup or antivirus software or another instance
InnoDB: of MySQL. Please close it to get rid of this error.
2026-04-05 15:21:15 3e78  InnoDB: Operating system error number 32 in a file operation.
InnoDB: The error means that another program is using InnoDB's files.
InnoDB: This might be a backup or antivirus software or another instance
InnoDB: of MySQL. Please close it to get rid of this error.
2026-04-05 15:21:25 3e78  InnoDB: Operating system error number 32 in a file operation.
InnoDB: The error means that another program is using InnoDB's files.
InnoDB: This might be a backup or antivirus software or another instance
InnoDB: of MySQL. Please close it to get rid of this error.
2026-04-05 15:21:35 3e78  InnoDB: Operating system error number 32 in a file operation.
InnoDB: The error means that another program is using InnoDB's files.
InnoDB: This might be a backup or antivirus software or another instance
InnoDB: of MySQL. Please close it to get rid of this error.
2026-04-05 15:21:45 3e78  InnoDB: Operating system error number 32 in a file operation.
InnoDB: The error means that another program is using InnoDB's files.
InnoDB: This might be a backup or antivirus software or another instance
InnoDB: of MySQL. Please close it to get rid of this error.
2026-04-05 15:21:55 3e78  InnoDB: Operating system error number 32 in a file operation.
InnoDB: The error means that another program is using InnoDB's files.
InnoDB: This might be a backup or antivirus software or another instance
InnoDB: of MySQL. Please close it to get rid of this error.
2026-04-05 15:22:05 3e78  InnoDB: Operating system error number 32 in a file operation.
InnoDB: The error means that another program is using InnoDB's files.
InnoDB: This might be a backup or antivirus software or another instance
InnoDB: of MySQL. Please close it to get rid of this error.
2026-04-05 15:22:15 3e78  InnoDB: Operating system error number 32 in a file operation.
InnoDB: The error means that another program is using InnoDB's files.
InnoDB: This might be a backup or antivirus software or another instance
InnoDB: of MySQL. Please close it to get rid of this error.
2026-04-05 15:22:25 3e78  InnoDB: Operating system error number 32 in a file operation.
InnoDB: The error means that another program is using InnoDB's files.
InnoDB: This might be a backup or antivirus software or another instance
InnoDB: of MySQL. Please close it to get rid of this error.
2026-04-05 15:22:35 3e78  InnoDB: Operating system error number 32 in a file operation.
InnoDB: The error means that another program is using InnoDB's files.
InnoDB: This might be a backup or antivirus software or another instance
InnoDB: of MySQL. Please close it to get rid of this error.
2026-04-05 15:22:45 3e78  InnoDB: Operating system error number 32 in a file operation.
InnoDB: The error means that another program is using InnoDB's files.
InnoDB: This might be a backup or antivirus software or another instance
InnoDB: of MySQL. Please close it to get rid of this error.
2026-04-05 15:22:55 3e78  InnoDB: Operating system error number 32 in a file operation.
InnoDB: The error means that another program is using InnoDB's files.
InnoDB: This might be a backup or antivirus software or another instance
InnoDB: of MySQL. Please close it to get rid of this error.
2026-04-05 15:23:05 3e78  InnoDB: Operating system error number 32 in a file operation.
InnoDB: The error means that another program is using InnoDB's files.
InnoDB: This might be a backup or antivirus software or another instance
InnoDB: of MySQL. Please close it to get rid of this error.
2026-04-05 15:23:15 3e78  InnoDB: Operating system error number 32 in a file operation.
InnoDB: The error means that another program is using InnoDB's files.
InnoDB: This might be a backup or antivirus software or another instance
InnoDB: of MySQL. Please close it to get rid of this error.
2026-04-05 15:23:26 3e78  InnoDB: Operating system error number 32 in a file operation.
InnoDB: The error means that another program is using InnoDB's files.
InnoDB: This might be a backup or antivirus software or another instance
InnoDB: of MySQL. Please close it to get rid of this error.
2026-04-05 15:23:36 3e78  InnoDB: Operating system error number 32 in a file operation.
InnoDB: The error means that another program is using InnoDB's files.
InnoDB: This might be a backup or antivirus software or another instance
InnoDB: of MySQL. Please close it to get rid of this error.
2026-04-05 15:23:46 3e78  InnoDB: Operating system error number 32 in a file operation.
InnoDB: The error means that another program is using InnoDB's files.
InnoDB: This might be a backup or antivirus software or another instance
InnoDB: of MySQL. Please close it to get rid of this error.
2026-04-05 15:23:56 3e78  InnoDB: Operating system error number 32 in a file operation.
InnoDB: The error means that another program is using InnoDB's files.
InnoDB: This might be a backup or antivirus software or another instance
InnoDB: of MySQL. Please close it to get rid of this error.
2026-04-05 15:24:06 3e78  InnoDB: Operating system error number 32 in a file operation.
InnoDB: The error means that another program is using InnoDB's files.
InnoDB: This might be a backup or antivirus software or another instance
InnoDB: of MySQL. Please close it to get rid of this error.
2026-04-05 15:24:16 3e78  InnoDB: Operating system error number 32 in a file operation.
InnoDB: The error means that another program is using InnoDB's files.
InnoDB: This might be a backup or antivirus software or another instance
InnoDB: of MySQL. Please close it to get rid of this error.
2026-04-05 15:24:26 3e78  InnoDB: Operating system error number 32 in a file operation.
InnoDB: The error means that another program is using InnoDB's files.
InnoDB: This might be a backup or antivirus software or another instance
InnoDB: of MySQL. Please close it to get rid of this error.
2026-04-05 15:24:36 3e78  InnoDB: Operating system error number 32 in a file operation.
InnoDB: The error means that another program is using InnoDB's files.
InnoDB: This might be a backup or antivirus software or another instance
InnoDB: of MySQL. Please close it to get rid of this error.
2026-04-05 15:24:46 3e78  InnoDB: Operating system error number 32 in a file operation.
InnoDB: The error means that another program is using InnoDB's files.
InnoDB: This might be a backup or antivirus software or another instance
InnoDB: of MySQL. Please close it to get rid of this error.
2026-04-05 15:24:56 3e78  InnoDB: Operating system error number 32 in a file operation.
InnoDB: The error means that another program is using InnoDB's files.
InnoDB: This might be a backup or antivirus software or another instance
InnoDB: of MySQL. Please close it to get rid of this error.
2026-04-05 15:25:06 3e78  InnoDB: Operating system error number 32 in a file operation.
InnoDB: The error means that another program is using InnoDB's files.
InnoDB: This might be a backup or antivirus software or another instance
InnoDB: of MySQL. Please close it to get rid of this error.
2026-04-05 15:25:16 3e78  InnoDB: Operating system error number 32 in a file operation.
InnoDB: The error means that another program is using InnoDB's files.
InnoDB: This might be a backup or antivirus software or another instance
InnoDB: of MySQL. Please close it to get rid of this error.
2026-04-05 15:25:26 3e78  InnoDB: Operating system error number 32 in a file operation.
InnoDB: The error means that another program is using InnoDB's files.
InnoDB: This might be a backup or antivirus software or another instance
InnoDB: of MySQL. Please close it to get rid of this error.
2026-04-05 15:25:36 3e78  InnoDB: Operating system error number 32 in a file operation.
InnoDB: The error means that another program is using InnoDB's files.
InnoDB: This might be a backup or antivirus software or another instance
InnoDB: of MySQL. Please close it to get rid of this error.
2026-04-05 15:25:46 3e78  InnoDB: Operating system error number 32 in a file operation.
InnoDB: The error means that another program is using InnoDB's files.
InnoDB: This might be a backup or antivirus software or another instance
InnoDB: of MySQL. Please close it to get rid of this error.
2026-04-05 15:25:56 3e78  InnoDB: Operating system error number 32 in a file operation.
InnoDB: The error means that another program is using InnoDB's files.
InnoDB: This might be a backup or antivirus software or another instance
InnoDB: of MySQL. Please close it to get rid of this error.
2026-04-05 15:26:06 3e78  InnoDB: Operating system error number 32 in a file operation.
InnoDB: The error means that another program is using InnoDB's files.
InnoDB: This might be a backup or antivirus software or another instance
InnoDB: of MySQL. Please close it to get rid of this error.
2026-04-05 15:26:16 3e78  InnoDB: Operating system error number 32 in a file operation.
InnoDB: The error means that another program is using InnoDB's files.
InnoDB: This might be a backup or antivirus software or another instance
InnoDB: of MySQL. Please close it to get rid of this error.
2026-04-05 15:26:26 3e78  InnoDB: Operating system error number 32 in a file operation.
InnoDB: The error means that another program is using InnoDB's files.
InnoDB: This might be a backup or antivirus software or another instance
InnoDB: of MySQL. Please close it to get rid of this error.
2026-04-05 15:26:36 3e78  InnoDB: Operating system error number 32 in a file operation.
InnoDB: The error means that another program is using InnoDB's files.
InnoDB: This might be a backup or antivirus software or another instance
InnoDB: of MySQL. Please close it to get rid of this error.
2026-04-05 15:26:46 3e78  InnoDB: Operating system error number 32 in a file operation.
InnoDB: The error means that another program is using InnoDB's files.
InnoDB: This might be a backup or antivirus software or another instance
InnoDB: of MySQL. Please close it to get rid of this error.
2026-04-05 15:26:56 3e78  InnoDB: Operating system error number 32 in a file operation.
InnoDB: The error means that another program is using InnoDB's files.
InnoDB: This might be a backup or antivirus software or another instance
InnoDB: of MySQL. Please close it to get rid of this error.
2026-04-05 15:27:06 3e78  InnoDB: Operating system error number 32 in a file operation.
InnoDB: The error means that another program is using InnoDB's files.
InnoDB: This might be a backup or antivirus software or another instance
InnoDB: of MySQL. Please close it to get rid of this error.
2026-04-05 15:27:16 3e78  InnoDB: Operating system error number 32 in a file operation.
InnoDB: The error means that another program is using InnoDB's files.
InnoDB: This might be a backup or antivirus software or another instance
InnoDB: of MySQL. Please close it to get rid of this error.
2026-04-05 15:27:26 3e78  InnoDB: Operating system error number 32 in a file operation.
InnoDB: The error means that another program is using InnoDB's files.
InnoDB: This might be a backup or antivirus software or another instance
InnoDB: of MySQL. Please close it to get rid of this error.
2026-04-05 15:27:36 3e78  InnoDB: Operating system error number 32 in a file operation.
InnoDB: The error means that another program is using InnoDB's files.
InnoDB: This might be a backup or antivirus software or another instance
InnoDB: of MySQL. Please close it to get rid of this error.
2026-04-05 15:27:46 3e78  InnoDB: Operating system error number 32 in a file operation.
InnoDB: The error means that another program is using InnoDB's files.
InnoDB: This might be a backup or antivirus software or another instance
InnoDB: of MySQL. Please close it to get rid of this error.
2026-04-05 15:27:56 3e78  InnoDB: Operating system error number 32 in a file operation.
InnoDB: The error means that another program is using InnoDB's files.
InnoDB: This might be a backup or antivirus software or another instance
InnoDB: of MySQL. Please close it to get rid of this error.
2026-04-05 15:28:06 3e78  InnoDB: Operating system error number 32 in a file operation.
InnoDB: The error means that another program is using InnoDB's files.
InnoDB: This might be a backup or antivirus software or another instance
InnoDB: of MySQL. Please close it to get rid of this error.
2026-04-05 15:28:16 3e78  InnoDB: Operating system error number 32 in a file operation.
InnoDB: The error means that another program is using InnoDB's files.
InnoDB: This might be a backup or antivirus software or another instance
InnoDB: of MySQL. Please close it to get rid of this error.
2026-04-05 15:28:26 3e78  InnoDB: Operating system error number 32 in a file operation.
InnoDB: The error means that another program is using InnoDB's files.
InnoDB: This might be a backup or antivirus software or another instance
InnoDB: of MySQL. Please close it to get rid of this error.
2026-04-05 15:28:36 3e78  InnoDB: Operating system error number 32 in a file operation.
InnoDB: The error means that another program is using InnoDB's files.
InnoDB: This might be a backup or antivirus software or another instance
InnoDB: of MySQL. Please close it to get rid of this error.
2026-04-05 15:28:46 3e78  InnoDB: Operating system error number 32 in a file operation.
InnoDB: The error means that another program is using InnoDB's files.
InnoDB: This might be a backup or antivirus software or another instance
InnoDB: of MySQL. Please close it to get rid of this error.
2026-04-05 15:28:56 3e78  InnoDB: Operating system error number 32 in a file operation.
InnoDB: The error means that another program is using InnoDB's files.
InnoDB: This might be a backup or antivirus software or another instance
InnoDB: of MySQL. Please close it to get rid of this error.
2026-04-05 15:29:06 3e78  InnoDB: Operating system error number 32 in a file operation.
InnoDB: The error means that another program is using InnoDB's files.
InnoDB: This might be a backup or antivirus software or another instance
InnoDB: of MySQL. Please close it to get rid of this error.
2026-04-05 15:29:16 3e78  InnoDB: Operating system error number 32 in a file operation.
InnoDB: The error means that another program is using InnoDB's files.
InnoDB: This might be a backup or antivirus software or another instance
InnoDB: of MySQL. Please close it to get rid of this error.
2026-04-05 15:29:26 3e78  InnoDB: Operating system error number 32 in a file operation.
InnoDB: The error means that another program is using InnoDB's files.
InnoDB: This might be a backup or antivirus software or another instance
InnoDB: of MySQL. Please close it to get rid of this error.
2026-04-05 15:29:36 3e78  InnoDB: Operating system error number 32 in a file operation.
InnoDB: The error means that another program is using InnoDB's files.
InnoDB: This might be a backup or antivirus software or another instance
InnoDB: of MySQL. Please close it to get rid of this error.
2026-04-05 15:29:46 3e78  InnoDB: Operating system error number 32 in a file operation.
InnoDB: The error means that another program is using InnoDB's files.
InnoDB: This might be a backup or antivirus software or another instance
InnoDB: of MySQL. Please close it to get rid of this error.
2026-04-05 15:29:56 3e78  InnoDB: Operating system error number 32 in a file operation.
InnoDB: The error means that another program is using InnoDB's files.
InnoDB: This might be a backup or antivirus software or another instance
InnoDB: of MySQL. Please close it to get rid of this error.
2026-04-05 15:30:06 3e78  InnoDB: Operating system error number 32 in a file operation.
InnoDB: The error means that another program is using InnoDB's files.
InnoDB: This might be a backup or antivirus software or another instance
InnoDB: of MySQL. Please close it to get rid of this error.
2026-04-05 15:30:16 3e78  InnoDB: Operating system error number 32 in a file operation.
InnoDB: The error means that another program is using InnoDB's files.
InnoDB: This might be a backup or antivirus software or another instance
InnoDB: of MySQL. Please close it to get rid of this error.
2026-04-05 15:30:26 3e78  InnoDB: Operating system error number 32 in a file operation.
InnoDB: The error means that another program is using InnoDB's files.
InnoDB: This might be a backup or antivirus software or another instance
InnoDB: of MySQL. Please close it to get rid of this error.
2026-04-05 15:30:36 3e78  InnoDB: Operating system error number 32 in a file operation.
InnoDB: The error means that another program is using InnoDB's files.
InnoDB: This might be a backup or antivirus software or another instance
InnoDB: of MySQL. Please close it to get rid of this error.
2026-04-05 15:30:46 3e78  InnoDB: Operating system error number 32 in a file operation.
InnoDB: The error means that another program is using InnoDB's files.
InnoDB: This might be a backup or antivirus software or another instance
InnoDB: of MySQL. Please close it to get rid of this error.
2026-04-05 15:30:56 3e78  InnoDB: Operating system error number 32 in a file operation.
InnoDB: The error means that another program is using InnoDB's files.
InnoDB: This might be a backup or antivirus software or another instance
InnoDB: of MySQL. Please close it to get rid of this error.
2026-04-05 15:31:06 3e78  InnoDB: Operating system error number 32 in a file operation.
InnoDB: The error means that another program is using InnoDB's files.
InnoDB: This might be a backup or antivirus software or another instance
InnoDB: of MySQL. Please close it to get rid of this error.
2026-04-05 15:31:16 3e78  InnoDB: Operating system error number 32 in a file operation.
InnoDB: The error means that another program is using InnoDB's files.
InnoDB: This might be a backup or antivirus software or another instance
InnoDB: of MySQL. Please close it to get rid of this error.
2026-04-05 15:31:26 3e78  InnoDB: Operating system error number 32 in a file operation.
InnoDB: The error means that another program is using InnoDB's files.
InnoDB: This might be a backup or antivirus software or another instance
InnoDB: of MySQL. Please close it to get rid of this error.
2026-04-05 15:31:36 3e78  InnoDB: Operating system error number 32 in a file operation.
InnoDB: The error means that another program is using InnoDB's files.
InnoDB: This might be a backup or antivirus software or another instance
InnoDB: of MySQL. Please close it to get rid of this error.
2026-04-05 15:31:46 3e78  InnoDB: Operating system error number 32 in a file operation.
InnoDB: The error means that another program is using InnoDB's files.
InnoDB: This might be a backup or antivirus software or another instance
InnoDB: of MySQL. Please close it to get rid of this error.
2026-04-05 15:31:56 3e78  InnoDB: Operating system error number 32 in a file operation.
InnoDB: The error means that another program is using InnoDB's files.
InnoDB: This might be a backup or antivirus software or another instance
InnoDB: of MySQL. Please close it to get rid of this error.
2026-04-05 15:32:06 3e78  InnoDB: Operating system error number 32 in a file operation.
InnoDB: The error means that another program is using InnoDB's files.
InnoDB: This might be a backup or antivirus software or another instance
InnoDB: of MySQL. Please close it to get rid of this error.
2026-04-05 15:32:16 3e78  InnoDB: Operating system error number 32 in a file operation.
InnoDB: The error means that another program is using InnoDB's files.
InnoDB: This might be a backup or antivirus software or another instance
InnoDB: of MySQL. Please close it to get rid of this error.
2026-04-05 15:32:26 3e78  InnoDB: Operating system error number 32 in a file operation.
InnoDB: The error means that another program is using InnoDB's files.
InnoDB: This might be a backup or antivirus software or another instance
InnoDB: of MySQL. Please close it to get rid of this error.
2026-04-05 15:32:36 3e78  InnoDB: Operating system error number 32 in a file operation.
InnoDB: The error means that another program is using InnoDB's files.
InnoDB: This might be a backup or antivirus software or another instance
InnoDB: of MySQL. Please close it to get rid of this error.
2026-04-05 15:32:46 3e78  InnoDB: Operating system error number 32 in a file operation.
InnoDB: The error means that another program is using InnoDB's files.
InnoDB: This might be a backup or antivirus software or another instance
InnoDB: of MySQL. Please close it to get rid of this error.
2026-04-05 15:32:56 3e78  InnoDB: Operating system error number 32 in a file operation.
InnoDB: The error means that another program is using InnoDB's files.
InnoDB: This might be a backup or antivirus software or another instance
InnoDB: of MySQL. Please close it to get rid of this error.
2026-04-05 15:33:06 3e78  InnoDB: Operating system error number 32 in a file operation.
InnoDB: The error means that another program is using InnoDB's files.
InnoDB: This might be a backup or antivirus software or another instance
InnoDB: of MySQL. Please close it to get rid of this error.
2026-04-05 15:33:16 3e78  InnoDB: Operating system error number 32 in a file operation.
InnoDB: The error means that another program is using InnoDB's files.
InnoDB: This might be a backup or antivirus software or another instance
InnoDB: of MySQL. Please close it to get rid of this error.
2026-04-05 15:33:26 3e78  InnoDB: Operating system error number 32 in a file operation.
InnoDB: The error means that another program is using InnoDB's files.
InnoDB: This might be a backup or antivirus software or another instance
InnoDB: of MySQL. Please close it to get rid of this error.
2026-04-05 15:33:36 3e78  InnoDB: Operating system error number 32 in a file operation.
InnoDB: The error means that another program is using InnoDB's files.
InnoDB: This might be a backup or antivirus software or another instance
InnoDB: of MySQL. Please close it to get rid of this error.
2026-04-05 15:33:46 3e78  InnoDB: Operating system error number 32 in a file operation.
InnoDB: The error means that another program is using InnoDB's files.
InnoDB: This might be a backup or antivirus software or another instance
InnoDB: of MySQL. Please close it to get rid of this error.
2026-04-05 15:33:56 3e78  InnoDB: Operating system error number 32 in a file operation.
InnoDB: The error means that another program is using InnoDB's files.
InnoDB: This might be a backup or antivirus software or another instance
InnoDB: of MySQL. Please close it to get rid of this error.
2026-04-05 15:34:06 3e78  InnoDB: Operating system error number 32 in a file operation.
InnoDB: The error means that another program is using InnoDB's files.
InnoDB: This might be a backup or antivirus software or another instance
InnoDB: of MySQL. Please close it to get rid of this error.
2026-04-05 15:34:16 3e78  InnoDB: Operating system error number 32 in a file operation.
InnoDB: The error means that another program is using InnoDB's files.
InnoDB: This might be a backup or antivirus software or another instance
InnoDB: of MySQL. Please close it to get rid of this error.
2026-04-05 15:34:26 3e78  InnoDB: Operating system error number 32 in a file operation.
InnoDB: The error means that another program is using InnoDB's files.
InnoDB: This might be a backup or antivirus software or another instance
InnoDB: of MySQL. Please close it to get rid of this error.
2026-04-05 15:34:36 3e78  InnoDB: Operating system error number 32 in a file operation.
InnoDB: The error means that another program is using InnoDB's files.
InnoDB: This might be a backup or antivirus software or another instance
InnoDB: of MySQL. Please close it to get rid of this error.
2026-04-05 15:34:46 3e78  InnoDB: Operating system error number 32 in a file operation.
InnoDB: The error means that another program is using InnoDB's files.
InnoDB: This might be a backup or antivirus software or another instance
InnoDB: of MySQL. Please close it to get rid of this error.
2026-04-05 15:34:56 3e78  InnoDB: Operating system error number 32 in a file operation.
InnoDB: The error means that another program is using InnoDB's files.
InnoDB: This might be a backup or antivirus software or another instance
InnoDB: of MySQL. Please close it to get rid of this error.
2026-04-05 15:35:06 3e78  InnoDB: Operating system error number 32 in a file operation.
InnoDB: The error means that another program is using InnoDB's files.
InnoDB: This might be a backup or antivirus software or another instance
InnoDB: of MySQL. Please close it to get rid of this error.
2026-04-05 15:35:16 3e78  InnoDB: Operating system error number 32 in a file operation.
InnoDB: The error means that another program is using InnoDB's files.
InnoDB: This might be a backup or antivirus software or another instance
InnoDB: of MySQL. Please close it to get rid of this error.
2026-04-05 15:35:26 3e78  InnoDB: Operating system error number 32 in a file operation.
InnoDB: The error means that another program is using InnoDB's files.
InnoDB: This might be a backup or antivirus software or another instance
InnoDB: of MySQL. Please close it to get rid of this error.
2026-04-05 15:35:36 3e78  InnoDB: Operating system error number 32 in a file operation.
InnoDB: The error means that another program is using InnoDB's files.
InnoDB: This might be a backup or antivirus software or another instance
InnoDB: of MySQL. Please close it to get rid of this error.
2026-04-05 15:35:46 3e78  InnoDB: Operating system error number 32 in a file operation.
InnoDB: The error means that another program is using InnoDB's files.
InnoDB: This might be a backup or antivirus software or another instance
InnoDB: of MySQL. Please close it to get rid of this error.
2026-04-05 15:35:56 3e78  InnoDB: Operating system error number 32 in a file operation.
InnoDB: The error means that another program is using InnoDB's files.
InnoDB: This might be a backup or antivirus software or another instance
InnoDB: of MySQL. Please close it to get rid of this error.
2026-04-05 15:36:06 3e78  InnoDB: Operating system error number 32 in a file operation.
InnoDB: The error means that another program is using InnoDB's files.
InnoDB: This might be a backup or antivirus software or another instance
InnoDB: of MySQL. Please close it to get rid of this error.
2026-04-05 15:36:16 3e78  InnoDB: Operating system error number 32 in a file operation.
InnoDB: The error means that another program is using InnoDB's files.
InnoDB: This might be a backup or antivirus software or another instance
InnoDB: of MySQL. Please close it to get rid of this error.
2026-04-05 15:36:26 3e78  InnoDB: Operating system error number 32 in a file operation.
InnoDB: The error means that another program is using InnoDB's files.
InnoDB: This might be a backup or antivirus software or another instance
InnoDB: of MySQL. Please close it to get rid of this error.
2026-04-05 15:36:36 3e78  InnoDB: Operating system error number 32 in a file operation.
InnoDB: The error means that another program is using InnoDB's files.
InnoDB: This might be a backup or antivirus software or another instance
InnoDB: of MySQL. Please close it to get rid of this error.
2026-04-05 15:36:46 3e78  InnoDB: Operating system error number 32 in a file operation.
InnoDB: The error means that another program is using InnoDB's files.
InnoDB: This might be a backup or antivirus software or another instance
InnoDB: of MySQL. Please close it to get rid of this error.
2026-04-05 15:36:56 3e78  InnoDB: Operating system error number 32 in a file operation.
InnoDB: The error means that another program is using InnoDB's files.
InnoDB: This might be a backup or antivirus software or another instance
InnoDB: of MySQL. Please close it to get rid of this error.
2026-04-05 15:37:06 3e78  InnoDB: Operating system error number 32 in a file operation.
InnoDB: The error means that another program is using InnoDB's files.
InnoDB: This might be a backup or antivirus software or another instance
InnoDB: of MySQL. Please close it to get rid of this error.
2026-04-05 15:37:16 3e78  InnoDB: Operating system error number 32 in a file operation.
InnoDB: The error means that another program is using InnoDB's files.
InnoDB: This might be a backup or antivirus software or another instance
InnoDB: of MySQL. Please close it to get rid of this error.
2026-04-05 15:37:26 3e78  InnoDB: Operating system error number 32 in a file operation.
InnoDB: The error means that another program is using InnoDB's files.
InnoDB: This might be a backup or antivirus software or another instance
InnoDB: of MySQL. Please close it to get rid of this error.
2026-04-05 15:37:36 3e78  InnoDB: Operating system error number 32 in a file operation.
InnoDB: The error means that another program is using InnoDB's files.
InnoDB: This might be a backup or antivirus software or another instance
InnoDB: of MySQL. Please close it to get rid of this error.
2026-04-05 15:37:46 3e78  InnoDB: Operating system error number 32 in a file operation.
InnoDB: The error means that another program is using InnoDB's files.
InnoDB: This might be a backup or antivirus software or another instance
InnoDB: of MySQL. Please close it to get rid of this error.
2026-04-05 15:37:56 3e78  InnoDB: Operating system error number 32 in a file operation.
InnoDB: The error means that another program is using InnoDB's files.
InnoDB: This might be a backup or antivirus software or another instance
InnoDB: of MySQL. Please close it to get rid of this error.
2026-04-05 15:38:06 3e78  InnoDB: Operating system error number 32 in a file operation.
InnoDB: The error means that another program is using InnoDB's files.
InnoDB: This might be a backup or antivirus software or another instance
InnoDB: of MySQL. Please close it to get rid of this error.
2026-04-05 15:38:16 3e78  InnoDB: Operating system error number 32 in a file operation.
InnoDB: The error means that another program is using InnoDB's files.
InnoDB: This might be a backup or antivirus software or another instance
InnoDB: of MySQL. Please close it to get rid of this error.
2026-04-05 15:38:26 3e78  InnoDB: Operating system error number 32 in a file operation.
InnoDB: The error means that another program is using InnoDB's files.
InnoDB: This might be a backup or antivirus software or another instance
InnoDB: of MySQL. Please close it to get rid of this error.
2026-04-05 15:38:36 3e78  InnoDB: Operating system error number 32 in a file operation.
InnoDB: The error means that another program is using InnoDB's files.
InnoDB: This might be a backup or antivirus software or another instance
InnoDB: of MySQL. Please close it to get rid of this error.
2026-04-05 15:38:46 3e78  InnoDB: Operating system error number 32 in a file operation.
InnoDB: The error means that another program is using InnoDB's files.
InnoDB: This might be a backup or antivirus software or another instance
InnoDB: of MySQL. Please close it to get rid of this error.
2026-04-05 15:38:56 3e78  InnoDB: Operating system error number 32 in a file operation.
InnoDB: The error means that another program is using InnoDB's files.
InnoDB: This might be a backup or antivirus software or another instance
InnoDB: of MySQL. Please close it to get rid of this error.
2026-04-05 15:39:06 3e78  InnoDB: Operating system error number 32 in a file operation.
InnoDB: The error means that another program is using InnoDB's files.
InnoDB: This might be a backup or antivirus software or another instance
InnoDB: of MySQL. Please close it to get rid of this error.
2026-04-05 15:39:17 3e78  InnoDB: Operating system error number 32 in a file operation.
InnoDB: The error means that another program is using InnoDB's files.
InnoDB: This might be a backup or antivirus software or another instance
InnoDB: of MySQL. Please close it to get rid of this error.
2026-04-05 15:39:27 3e78  InnoDB: Operating system error number 32 in a file operation.
InnoDB: The error means that another program is using InnoDB's files.
InnoDB: This might be a backup or antivirus software or another instance
InnoDB: of MySQL. Please close it to get rid of this error.
2026-04-05 15:39:37 3e78  InnoDB: Operating system error number 32 in a file operation.
InnoDB: The error means that another program is using InnoDB's files.
InnoDB: This might be a backup or antivirus software or another instance
InnoDB: of MySQL. Please close it to get rid of this error.
2026-04-05 15:39:47 3e78  InnoDB: Operating system error number 32 in a file operation.
InnoDB: The error means that another program is using InnoDB's files.
InnoDB: This might be a backup or antivirus software or another instance
InnoDB: of MySQL. Please close it to get rid of this error.
2026-04-05 15:39:57 3e78  InnoDB: Operating system error number 32 in a file operation.
InnoDB: The error means that another program is using InnoDB's files.
InnoDB: This might be a backup or antivirus software or another instance
InnoDB: of MySQL. Please close it to get rid of this error.
2026-04-05 15:40:07 3e78  InnoDB: Operating system error number 32 in a file operation.
InnoDB: The error means that another program is using InnoDB's files.
InnoDB: This might be a backup or antivirus software or another instance
InnoDB: of MySQL. Please close it to get rid of this error.
2026-04-05 15:40:17 3e78  InnoDB: Operating system error number 32 in a file operation.
InnoDB: The error means that another program is using InnoDB's files.
InnoDB: This might be a backup or antivirus software or another instance
InnoDB: of MySQL. Please close it to get rid of this error.
2026-04-05 15:40:27 3e78  InnoDB: Operating system error number 32 in a file operation.
InnoDB: The error means that another program is using InnoDB's files.
InnoDB: This might be a backup or antivirus software or another instance
InnoDB: of MySQL. Please close it to get rid of this error.
2026-04-05 15:40:37 3e78  InnoDB: Operating system error number 32 in a file operation.
InnoDB: The error means that another program is using InnoDB's files.
InnoDB: This might be a backup or antivirus software or another instance
InnoDB: of MySQL. Please close it to get rid of this error.
2026-04-05 15:40:47 3e78  InnoDB: Operating system error number 32 in a file operation.
InnoDB: The error means that another program is using InnoDB's files.
InnoDB: This might be a backup or antivirus software or another instance
InnoDB: of MySQL. Please close it to get rid of this error.
2026-04-05 15:40:57 3e78  InnoDB: Operating system error number 32 in a file operation.
InnoDB: The error means that another program is using InnoDB's files.
InnoDB: This might be a backup or antivirus software or another instance
InnoDB: of MySQL. Please close it to get rid of this error.
2026-04-05 15:41:07 3e78  InnoDB: Operating system error number 32 in a file operation.
InnoDB: The error means that another program is using InnoDB's files.
InnoDB: This might be a backup or antivirus software or another instance
InnoDB: of MySQL. Please close it to get rid of this error.
2026-04-05 15:41:17 3e78  InnoDB: Operating system error number 32 in a file operation.
InnoDB: The error means that another program is using InnoDB's files.
InnoDB: This might be a backup or antivirus software or another instance
InnoDB: of MySQL. Please close it to get rid of this error.
2026-04-05 15:41:27 3e78  InnoDB: Operating system error number 32 in a file operation.
InnoDB: The error means that another program is using InnoDB's files.
InnoDB: This might be a backup or antivirus software or another instance
InnoDB: of MySQL. Please close it to get rid of this error.
2026-04-05 15:41:37 3e78  InnoDB: Operating system error number 32 in a file operation.
InnoDB: The error means that another program is using InnoDB's files.
InnoDB: This might be a backup or antivirus software or another instance
InnoDB: of MySQL. Please close it to get rid of this error.
2026-04-05 15:41:47 3e78  InnoDB: Operating system error number 32 in a file operation.
InnoDB: The error means that another program is using InnoDB's files.
InnoDB: This might be a backup or antivirus software or another instance
InnoDB: of MySQL. Please close it to get rid of this error.
2026-04-05 15:41:57 3e78  InnoDB: Operating system error number 32 in a file operation.
InnoDB: The error means that another program is using InnoDB's files.
InnoDB: This might be a backup or antivirus software or another instance
InnoDB: of MySQL. Please close it to get rid of this error.
2026-04-05 15:42:07 3e78  InnoDB: Operating system error number 32 in a file operation.
InnoDB: The error means that another program is using InnoDB's files.
InnoDB: This might be a backup or antivirus software or another instance
InnoDB: of MySQL. Please close it to get rid of this error.
2026-04-05 15:42:17 3e78  InnoDB: Operating system error number 32 in a file operation.
InnoDB: The error means that another program is using InnoDB's files.
InnoDB: This might be a backup or antivirus software or another instance
InnoDB: of MySQL. Please close it to get rid of this error.
2026-04-05 15:42:27 3e78  InnoDB: Operating system error number 32 in a file operation.
InnoDB: The error means that another program is using InnoDB's files.
InnoDB: This might be a backup or antivirus software or another instance
InnoDB: of MySQL. Please close it to get rid of this error.
2026-04-05 15:42:37 3e78  InnoDB: Operating system error number 32 in a file operation.
InnoDB: The error means that another program is using InnoDB's files.
InnoDB: This might be a backup or antivirus software or another instance
InnoDB: of MySQL. Please close it to get rid of this error.
2026-04-05 15:42:47 3e78  InnoDB: Operating system error number 32 in a file operation.
InnoDB: The error means that another program is using InnoDB's files.
InnoDB: This might be a backup or antivirus software or another instance
InnoDB: of MySQL. Please close it to get rid of this error.
2026-04-05 15:42:57 3e78  InnoDB: Operating system error number 32 in a file operation.
InnoDB: The error means that another program is using InnoDB's files.
InnoDB: This might be a backup or antivirus software or another instance
InnoDB: of MySQL. Please close it to get rid of this error.
2026-04-05 15:43:07 3e78  InnoDB: Operating system error number 32 in a file operation.
InnoDB: The error means that another program is using InnoDB's files.
InnoDB: This might be a backup or antivirus software or another instance
InnoDB: of MySQL. Please close it to get rid of this error.
2026-04-05 15:43:17 3e78  InnoDB: Operating system error number 32 in a file operation.
InnoDB: The error means that another program is using InnoDB's files.
InnoDB: This might be a backup or antivirus software or another instance
InnoDB: of MySQL. Please close it to get rid of this error.
2026-04-05 15:43:27 3e78  InnoDB: Operating system error number 32 in a file operation.
InnoDB: The error means that another program is using InnoDB's files.
InnoDB: This might be a backup or antivirus software or another instance
InnoDB: of MySQL. Please close it to get rid of this error.
2026-04-05 15:43:37 3e78  InnoDB: Operating system error number 32 in a file operation.
InnoDB: The error means that another program is using InnoDB's files.
InnoDB: This might be a backup or antivirus software or another instance
InnoDB: of MySQL. Please close it to get rid of this error.
2026-04-05 15:43:47 3e78  InnoDB: Operating system error number 32 in a file operation.
InnoDB: The error means that another program is using InnoDB's files.
InnoDB: This might be a backup or antivirus software or another instance
InnoDB: of MySQL. Please close it to get rid of this error.
2026-04-05 15:43:57 3e78  InnoDB: Operating system error number 32 in a file operation.
InnoDB: The error means that another program is using InnoDB's files.
InnoDB: This might be a backup or antivirus software or another instance
InnoDB: of MySQL. Please close it to get rid of this error.
2026-04-05 15:44:07 3e78  InnoDB: Operating system error number 32 in a file operation.
InnoDB: The error means that another program is using InnoDB's files.
InnoDB: This might be a backup or antivirus software or another instance
InnoDB: of MySQL. Please close it to get rid of this error.
2026-04-05 15:44:17 3e78  InnoDB: Operating system error number 32 in a file operation.
InnoDB: The error means that another program is using InnoDB's files.
InnoDB: This might be a backup or antivirus software or another instance
InnoDB: of MySQL. Please close it to get rid of this error.
2026-04-05 15:44:27 3e78  InnoDB: Operating system error number 32 in a file operation.
InnoDB: The error means that another program is using InnoDB's files.
InnoDB: This might be a backup or antivirus software or another instance
InnoDB: of MySQL. Please close it to get rid of this error.
2026-04-05 15:44:37 3e78  InnoDB: Operating system error number 32 in a file operation.
InnoDB: The error means that another program is using InnoDB's files.
InnoDB: This might be a backup or antivirus software or another instance
InnoDB: of MySQL. Please close it to get rid of this error.
2026-04-05 15:44:47 3e78  InnoDB: Operating system error number 32 in a file operation.
InnoDB: The error means that another program is using InnoDB's files.
InnoDB: This might be a backup or antivirus software or another instance
InnoDB: of MySQL. Please close it to get rid of this error.
2026-04-05 15:44:57 3e78  InnoDB: Operating system error number 32 in a file operation.
InnoDB: The error means that another program is using InnoDB's files.
InnoDB: This might be a backup or antivirus software or another instance
InnoDB: of MySQL. Please close it to get rid of this error.
2026-04-05 15:45:07 3e78  InnoDB: Operating system error number 32 in a file operation.
InnoDB: The error means that another program is using InnoDB's files.
InnoDB: This might be a backup or antivirus software or another instance
InnoDB: of MySQL. Please close it to get rid of this error.
2026-04-05 15:45:17 3e78  InnoDB: Operating system error number 32 in a file operation.
InnoDB: The error means that another program is using InnoDB's files.
InnoDB: This might be a backup or antivirus software or another instance
InnoDB: of MySQL. Please close it to get rid of this error.
2026-04-05 15:45:27 3e78  InnoDB: Operating system error number 32 in a file operation.
InnoDB: The error means that another program is using InnoDB's files.
InnoDB: This might be a backup or antivirus software or another instance
InnoDB: of MySQL. Please close it to get rid of this error.
2026-04-05 15:45:37 3e78  InnoDB: Operating system error number 32 in a file operation.
InnoDB: The error means that another program is using InnoDB's files.
InnoDB: This might be a backup or antivirus software or another instance
InnoDB: of MySQL. Please close it to get rid of this error.
2026-04-05 15:45:47 3e78  InnoDB: Operating system error number 32 in a file operation.
InnoDB: The error means that another program is using InnoDB's files.
InnoDB: This might be a backup or antivirus software or another instance
InnoDB: of MySQL. Please close it to get rid of this error.
2026-04-05 15:45:57 3e78  InnoDB: Operating system error number 32 in a file operation.
InnoDB: The error means that another program is using InnoDB's files.
InnoDB: This might be a backup or antivirus software or another instance
InnoDB: of MySQL. Please close it to get rid of this error.
2026-04-05 15:46:07 3e78  InnoDB: Operating system error number 32 in a file operation.
InnoDB: The error means that another program is using InnoDB's files.
InnoDB: This might be a backup or antivirus software or another instance
InnoDB: of MySQL. Please close it to get rid of this error.
2026-04-05 15:46:17 3e78  InnoDB: Operating system error number 32 in a file operation.
InnoDB: The error means that another program is using InnoDB's files.
InnoDB: This might be a backup or antivirus software or another instance
InnoDB: of MySQL. Please close it to get rid of this error.
2026-04-05 15:46:27 3e78  InnoDB: Operating system error number 32 in a file operation.
InnoDB: The error means that another program is using InnoDB's files.
InnoDB: This might be a backup or antivirus software or another instance
InnoDB: of MySQL. Please close it to get rid of this error.
2026-04-05 15:46:37 3e78  InnoDB: Operating system error number 32 in a file operation.
InnoDB: The error means that another program is using InnoDB's files.
InnoDB: This might be a backup or antivirus software or another instance
InnoDB: of MySQL. Please close it to get rid of this error.
2026-04-05 15:46:47 3e78  InnoDB: Operating system error number 32 in a file operation.
InnoDB: The error means that another program is using InnoDB's files.
InnoDB: This might be a backup or antivirus software or another instance
InnoDB: of MySQL. Please close it to get rid of this error.
2026-04-05 15:46:57 3e78  InnoDB: Operating system error number 32 in a file operation.
InnoDB: The error means that another program is using InnoDB's files.
InnoDB: This might be a backup or antivirus software or another instance
InnoDB: of MySQL. Please close it to get rid of this error.
2026-04-05 15:47:07 3e78  InnoDB: Operating system error number 32 in a file operation.
InnoDB: The error means that another program is using InnoDB's files.
InnoDB: This might be a backup or antivirus software or another instance
InnoDB: of MySQL. Please close it to get rid of this error.
2026-04-05 15:47:17 3e78  InnoDB: Operating system error number 32 in a file operation.
InnoDB: The error means that another program is using InnoDB's files.
InnoDB: This might be a backup or antivirus software or another instance
InnoDB: of MySQL. Please close it to get rid of this error.
2026-04-05 15:47:27 3e78  InnoDB: Operating system error number 32 in a file operation.
InnoDB: The error means that another program is using InnoDB's files.
InnoDB: This might be a backup or antivirus software or another instance
InnoDB: of MySQL. Please close it to get rid of this error.
2026-04-05 15:47:37 3e78  InnoDB: Operating system error number 32 in a file operation.
InnoDB: The error means that another program is using InnoDB's files.
InnoDB: This might be a backup or antivirus software or another instance
InnoDB: of MySQL. Please close it to get rid of this error.
2026-04-05 15:47:47 3e78  InnoDB: Operating system error number 32 in a file operation.
InnoDB: The error means that another program is using InnoDB's files.
InnoDB: This might be a backup or antivirus software or another instance
InnoDB: of MySQL. Please close it to get rid of this error.
2026-04-05 15:47:57 3e78  InnoDB: Operating system error number 32 in a file operation.
InnoDB: The error means that another program is using InnoDB's files.
InnoDB: This might be a backup or antivirus software or another instance
InnoDB: of MySQL. Please close it to get rid of this error.
2026-04-05 15:48:07 3e78  InnoDB: Operating system error number 32 in a file operation.
InnoDB: The error means that another program is using InnoDB's files.
InnoDB: This might be a backup or antivirus software or another instance
InnoDB: of MySQL. Please close it to get rid of this error.
2026-04-05 15:48:17 3e78  InnoDB: Operating system error number 32 in a file operation.
InnoDB: The error means that another program is using InnoDB's files.
InnoDB: This might be a backup or antivirus software or another instance
InnoDB: of MySQL. Please close it to get rid of this error.
2026-04-05 15:48:27 3e78  InnoDB: Operating system error number 32 in a file operation.
InnoDB: The error means that another program is using InnoDB's files.
InnoDB: This might be a backup or antivirus software or another instance
InnoDB: of MySQL. Please close it to get rid of this error.
2026-04-05 15:48:37 3e78  InnoDB: Operating system error number 32 in a file operation.
InnoDB: The error means that another program is using InnoDB's files.
InnoDB: This might be a backup or antivirus software or another instance
InnoDB: of MySQL. Please close it to get rid of this error.
2026-04-05 15:48:47 3e78  InnoDB: Operating system error number 32 in a file operation.
InnoDB: The error means that another program is using InnoDB's files.
InnoDB: This might be a backup or antivirus software or another instance
InnoDB: of MySQL. Please close it to get rid of this error.
2026-04-05 15:48:57 3e78  InnoDB: Operating system error number 32 in a file operation.
InnoDB: The error means that another program is using InnoDB's files.
InnoDB: This might be a backup or antivirus software or another instance
InnoDB: of MySQL. Please close it to get rid of this error.
2026-04-05 15:49:07 3e78  InnoDB: Operating system error number 32 in a file operation.
InnoDB: The error means that another program is using InnoDB's files.
InnoDB: This might be a backup or antivirus software or another instance
InnoDB: of MySQL. Please close it to get rid of this error.
2026-04-05 15:49:17 3e78  InnoDB: Operating system error number 32 in a file operation.
InnoDB: The error means that another program is using InnoDB's files.
InnoDB: This might be a backup or antivirus software or another instance
InnoDB: of MySQL. Please close it to get rid of this error.
2026-04-05 15:49:27 3e78  InnoDB: Operating system error number 32 in a file operation.
InnoDB: The error means that another program is using InnoDB's files.
InnoDB: This might be a backup or antivirus software or another instance
InnoDB: of MySQL. Please close it to get rid of this error.
2026-04-05 15:49:37 3e78  InnoDB: Operating system error number 32 in a file operation.
InnoDB: The error means that another program is using InnoDB's files.
InnoDB: This might be a backup or antivirus software or another instance
InnoDB: of MySQL. Please close it to get rid of this error.
2026-04-05 15:49:47 3e78  InnoDB: Operating system error number 32 in a file operation.
InnoDB: The error means that another program is using InnoDB's files.
InnoDB: This might be a backup or antivirus software or another instance
InnoDB: of MySQL. Please close it to get rid of this error.
2026-04-05 15:49:57 3e78  InnoDB: Operating system error number 32 in a file operation.
InnoDB: The error means that another program is using InnoDB's files.
InnoDB: This might be a backup or antivirus software or another instance
InnoDB: of MySQL. Please close it to get rid of this error.
2026-04-05 15:50:07 3e78  InnoDB: Operating system error number 32 in a file operation.
InnoDB: The error means that another program is using InnoDB's files.
InnoDB: This might be a backup or antivirus software or another instance
InnoDB: of MySQL. Please close it to get rid of this error.
2026-04-05 15:50:17 3e78  InnoDB: Operating system error number 32 in a file operation.
InnoDB: The error means that another program is using InnoDB's files.
InnoDB: This might be a backup or antivirus software or another instance
InnoDB: of MySQL. Please close it to get rid of this error.
2026-04-05 15:50:27 3e78  InnoDB: Operating system error number 32 in a file operation.
InnoDB: The error means that another program is using InnoDB's files.
InnoDB: This might be a backup or antivirus software or another instance
InnoDB: of MySQL. Please close it to get rid of this error.
2026-04-05 15:50:37 3e78  InnoDB: Operating system error number 32 in a file operation.
InnoDB: The error means that another program is using InnoDB's files.
InnoDB: This might be a backup or antivirus software or another instance
InnoDB: of MySQL. Please close it to get rid of this error.
2026-04-05 15:50:47 3e78  InnoDB: Operating system error number 32 in a file operation.
InnoDB: The error means that another program is using InnoDB's files.
InnoDB: This might be a backup or antivirus software or another instance
InnoDB: of MySQL. Please close it to get rid of this error.
2026-04-05 15:50:57 3e78  InnoDB: Operating system error number 32 in a file operation.
InnoDB: The error means that another program is using InnoDB's files.
InnoDB: This might be a backup or antivirus software or another instance
InnoDB: of MySQL. Please close it to get rid of this error.
2026-04-05 15:51:07 3e78  InnoDB: Operating system error number 32 in a file operation.
InnoDB: The error means that another program is using InnoDB's files.
InnoDB: This might be a backup or antivirus software or another instance
InnoDB: of MySQL. Please close it to get rid of this error.
2026-04-05 15:51:17 3e78  InnoDB: Operating system error number 32 in a file operation.
InnoDB: The error means that another program is using InnoDB's files.
InnoDB: This might be a backup or antivirus software or another instance
InnoDB: of MySQL. Please close it to get rid of this error.
2026-04-05 15:51:27 3e78  InnoDB: Operating system error number 32 in a file operation.
InnoDB: The error means that another program is using InnoDB's files.
InnoDB: This might be a backup or antivirus software or another instance
InnoDB: of MySQL. Please close it to get rid of this error.
2026-04-05 15:51:37 3e78  InnoDB: Operating system error number 32 in a file operation.
InnoDB: The error means that another program is using InnoDB's files.
InnoDB: This might be a backup or antivirus software or another instance
InnoDB: of MySQL. Please close it to get rid of this error.
2026-04-05 15:51:47 3e78  InnoDB: Operating system error number 32 in a file operation.
InnoDB: The error means that another program is using InnoDB's files.
InnoDB: This might be a backup or antivirus software or another instance
InnoDB: of MySQL. Please close it to get rid of this error.
2026-04-05 15:51:57 3e78  InnoDB: Operating system error number 32 in a file operation.
InnoDB: The error means that another program is using InnoDB's files.
InnoDB: This might be a backup or antivirus software or another instance
InnoDB: of MySQL. Please close it to get rid of this error.
22026-0042-056 1-50:45-20:52 21 52:a5f24:22 bd cInnoDB: W arnIinnngo:D BU:s iWnagr niinnngo:d bU_saidndgi tiinonnoadlb__maedmd_iptoiooln_asli_zmee mi_sp oDoElP_RsEiCzAeT EiDs.  DTEhPiRsECAT ED.o Thpist oiptoionn m aym bay ebe  rreemomveod vine fd uint fuutruree  rerleeaslese, togethear wisthe tshe op,t together wiitohn  tihnen oodpbt_iuosne _isnynso_dmba_lulsoec_ saynsd_ mwailtloch  atnhde  wIintnho DtBh'es  IinnntoeDrBn'asl  imnetmeorrnya la lmleomcoartyo ra.l
loc20a26t-0o4-05r .15:
52:22 2300362 [6No-t0e4]- 0I5nn o1D5B:: 52i:n2n2o d1b099_6 e[Nmotpe]t InnyoD_Bf:r eienn_odlb_iesmt_paltgoyri_fthrm ehea_sl ibesent c_haanlggoerdi tthom  halse gbaecye nb ecchaanugsee do f tsmoa llelg abcuyf fbeerc apuosoel  osfi zsem.a lIln  bourfdfeerr  tpoo ouls es ibzaec.k oIfnf ,o ridnecrr etaos eu sbeu fbfaecrk opfofo,l  iantc rleeaasset  buupf fteor  2p0oMoBl. 
a
t least up to 20MB.

2026-04-05 15:52:22 10996 [Note]2 InnoD0B:2 U6s-ing 0m4-05u tex15:e52:2s2  30t3o6  [Nrotee] Ifn ncoDoB:u Unsitng  mbutuexfesf etro  rpeofo lco unpta gbueffser
 pool pages
2026-04-05 15:52:22 3036 [Note] InnoDB: The InnoDB memory heap is disabled
2026-04-05 15:52:2220 2106996- 0[4No-te0] 5In no1DB5: :Th5e2: 22 3I03n6n o[DNBo tem] eInmnoDBo: rMuyt ehxeeasp  ainsd  driws_alboled
cks use Windows interlocked functions
2026-04-05 15:52:22 10996 [Note] InnoDB: Mutexes and rw_locks use Windows interlocked functions
202260-042-065 -1054:-520:252  109916 5[N:o5t2e:]2 2I n3n0o3D6B :[ N_omtme_]l fIennncoeD(B) :a n_mdm_ lf_enmcme_(s) fencaen(d)  _amrme_ sufseendc ef(o)r  amreem oursye db afrorri emre
mory barrier
2026-04-05 15:52:22 3036 [Note] InnoDB: Compressed tables use zlib 1.2.3
2026-04-05 15:52:22 10996 [Note] InnoDB: Compressed tables use zlib 1.2.3
2026-04-05 15:52:22 3036 [Note] InnoDB: Using generic crc32 instructions
2026-04-05 15:52:22 10996 [Note] InnoDB: Using generic crc32 instructions
2026-04-05 15:52:22 3036 [Note] InnoDB: Initializing buffer pool, size = 16.0M
2026-04-05 15:52:22 3036 [Note] InnoDB: Completed initialization of buffer pool
2026-04-05 15:52:22 10996 [Note] InnoDB: Initializing buffer pool, size = 16.0M
2026-04-05 15:52:22 10996 [Note] InnoDB: Completed initialization of buffer pool
2026-04-05 15:52:22 3036 [Note] InnoDB: Highest supported file format is Barracuda.
2026-04-05 15:52:22 10996 [ERROR] InnoDB: C:\xampp007\mysql\data\ib_logfile0 can't be opened in read-write mode
2026-04-05 15:52:22 10996 [ERROR] Plugin 'InnoDB' init function returned error.
2026-04-05 15:52:22 10996 [ERROR] Plugin 'InnoDB' registration as a STORAGE ENGINE failed.
2026-04-05 15:52:22 3036 [Note] InnoDB: The log sequence numbers 1835037 and 1835037 in ibdata files do not match the log sequence number 3580089 in the ib_logfiles!
2026-04-05 15:52:22 3036 [Note] InnoDB: Database was not shutdown normally!
2026-04-05 15:52:22 3036 [Note] InnoDB: Starting crash recovery.
2026-04-05 15:52:22 3036 [Note] InnoDB: Reading tablespace information from the .ibd files...
2026-04-05 15:52:22 10996 [Note] Plugin 'FEEDBACK' is disabled.
2026-04-05 15:52:22 10996 [ERROR] Unknown/unsupported storage engine: InnoDB
2026-04-05 15:52:22 10996 [ERROR] Aborting

2026-04-05 15:52:22 3036 [Note] InnoDB: Restoring possible half-written data pages 
2026-04-05 15:52:22 3036 [Note] InnoDB: from the doublewrite buffer...
2026-04-05 15:52:23 3036 [Note] InnoDB: 128 rollback segment(s) are active.
2026-04-05 15:52:23 3036 [Note] InnoDB: Waiting for purge to start
2026-04-05 15:52:23 3036 [Note] InnoDB:  Percona XtraDB (http://www.percona.com) 5.6.34-79.1 started; log sequence number 3580089
2026-04-05 15:52:23 8220 [Note] InnoDB: Dumping buffer pool(s) not yet started
2026-04-05 15:52:23 3036 [Note] Plugin 'FEEDBACK' is disabled.
2026-04-05 15:52:23 3036 [Note] Server socket created on IP: '::'.
2026-04-05 15:52:23 3036 [Note] c:\xampp007\mysql\bin\mysqld.exe: ready for connections.
Version: '10.1.21-MariaDB'  socket: ''  port: 3306  mariadb.org binary distribution
2026-04-06 10:34:26 26f4 InnoDB: Warning: Using innodb_additional_mem_pool_size is DEPRECATED. This option may be removed in future releases, together with the option innodb_use_sys_malloc and with the InnoDB's internal memory allocator.
2026-04-06 10:34:26 9972 [Note] InnoDB: innodb_empty_free_list_algorithm has been changed to legacy because of small buffer pool size. In order to use backoff, increase buffer pool at least up to 20MB.

2026-04-06 10:34:26 9972 [Note] InnoDB: Using mutexes to ref count buffer pool pages
2026-04-06 10:34:26 9972 [Note] InnoDB: The InnoDB memory heap is disabled
2026-04-06 10:34:26 9972 [Note] InnoDB: Mutexes and rw_locks use Windows interlocked functions
2026-04-06 10:34:26 9972 [Note] InnoDB: _mm_lfence() and _mm_sfence() are used for memory barrier
2026-04-06 10:34:26 9972 [Note] InnoDB: Compressed tables use zlib 1.2.3
2026-04-06 10:34:26 9972 [Note] InnoDB: Using generic crc32 instructions
2026-04-06 10:34:26 9972 [Note] InnoDB: Initializing buffer pool, size = 16.0M
2026-04-06 10:34:26 9972 [Note] InnoDB: Completed initialization of buffer pool
2026-04-06 10:34:26 9972 [Note] InnoDB: Highest supported file format is Barracuda.
2026-04-06 10:34:26 9972 [Note] InnoDB: The log sequence numbers 1835037 and 1835037 in ibdata files do not match the log sequence number 3580099 in the ib_logfiles!
2026-04-06 10:34:26 9972 [Note] InnoDB: Database was not shutdown normally!
2026-04-06 10:34:26 9972 [Note] InnoDB: Starting crash recovery.
2026-04-06 10:34:26 9972 [Note] InnoDB: Reading tablespace information from the .ibd files...
2026-04-06 10:34:26 9972 [Note] InnoDB: Restoring possible half-written data pages 
2026-04-06 10:34:26 9972 [Note] InnoDB: from the doublewrite buffer...
2026-04-06 10:34:27 9972 [Note] InnoDB: 128 rollback segment(s) are active.
2026-04-06 10:34:27 9972 [Note] InnoDB: Waiting for purge to start
2026-04-06 10:34:27 9972 [Note] InnoDB:  Percona XtraDB (http://www.percona.com) 5.6.34-79.1 started; log sequence number 3580099
2026-04-06 10:34:27 20344 [Note] InnoDB: Dumping buffer pool(s) not yet started
2026-04-06 10:34:27 9972 [Note] Plugin 'FEEDBACK' is disabled.
2026-04-06 10:34:27 9972 [Note] Server socket created on IP: '::'.
2026-04-06 10:34:27 9972 [Note] c:\xampp007\mysql\bin\mysqld.exe: ready for connections.
Version: '10.1.21-MariaDB'  socket: ''  port: 3306  mariadb.org binary distribution
2026-04-06 13:00:47 180c InnoDB: Warning: Using innodb_additional_mem_pool_size is DEPRECATED. This option may be removed in future releases, together with the option innodb_use_sys_malloc and with the InnoDB's internal memory allocator.
2026-04-06 13:00:47 6156 [Note] InnoDB: innodb_empty_free_list_algorithm has been changed to legacy because of small buffer pool size. In order to use backoff, increase buffer pool at least up to 20MB.

2026-04-06 13:00:47 6156 [Note] InnoDB: Using mutexes to ref count buffer pool pages
2026-04-06 13:00:47 6156 [Note] InnoDB: The InnoDB memory heap is disabled
2026-04-06 13:00:47 6156 [Note] InnoDB: Mutexes and rw_locks use Windows interlocked functions
2026-04-06 13:00:47 6156 [Note] InnoDB: _mm_lfence() and _mm_sfence() are used for memory barrier
2026-04-06 13:00:47 6156 [Note] InnoDB: Compressed tables use zlib 1.2.3
2026-04-06 13:00:47 6156 [Note] InnoDB: Using generic crc32 instructions
2026-04-06 13:00:47 6156 [Note] InnoDB: Initializing buffer pool, size = 16.0M
2026-04-06 13:00:47 6156 [Note] InnoDB: Completed initialization of buffer pool
2026-04-06 13:00:47 6156 [Note] InnoDB: Highest supported file format is Barracuda.
2026-04-06 13:00:47 6156 [Note] InnoDB: The log sequence numbers 1835037 and 1835037 in ibdata files do not match the log sequence number 3580109 in the ib_logfiles!
2026-04-06 13:00:47 6156 [Note] InnoDB: Database was not shutdown normally!
2026-04-06 13:00:47 6156 [Note] InnoDB: Starting crash recovery.
2026-04-06 13:00:47 6156 [Note] InnoDB: Reading tablespace information from the .ibd files...
2026-04-06 13:00:47 6156 [Note] InnoDB: Restoring possible half-written data pages 
2026-04-06 13:00:47 6156 [Note] InnoDB: from the doublewrite buffer...
2026-04-06 13:00:48 6156 [Note] InnoDB: 128 rollback segment(s) are active.
2026-04-06 13:00:48 6156 [Note] InnoDB: Waiting for purge to start
2026-04-06 13:00:48 6156 [Note] InnoDB:  Percona XtraDB (http://www.percona.com) 5.6.34-79.1 started; log sequence number 3580109
2026-04-06 13:00:48 15520 [Note] InnoDB: Dumping buffer pool(s) not yet started
2026-04-06 13:00:48 6156 [Note] Plugin 'FEEDBACK' is disabled.
2026-04-06 13:00:48 6156 [Note] Server socket created on IP: '::'.
2026-04-06 13:00:48 6156 [Note] c:\xampp007\mysql\bin\mysqld.exe: ready for connections.
Version: '10.1.21-MariaDB'  socket: ''  port: 3306  mariadb.org binary distribution
2026-04-07 23:30:12 650 InnoDB: Warning: Using innodb_additional_mem_pool_size is DEPRECATED. This option may be removed in future releases, together with the option innodb_use_sys_malloc and with the InnoDB's internal memory allocator.
2026-04-07 23:30:12 1616 [Note] InnoDB: innodb_empty_free_list_algorithm has been changed to legacy because of small buffer pool size. In order to use backoff, increase buffer pool at least up to 20MB.

2026-04-07 23:30:12 1616 [Note] InnoDB: Using mutexes to ref count buffer pool pages
2026-04-07 23:30:12 1616 [Note] InnoDB: The InnoDB memory heap is disabled
2026-04-07 23:30:12 1616 [Note] InnoDB: Mutexes and rw_locks use Windows interlocked functions
2026-04-07 23:30:12 1616 [Note] InnoDB: _mm_lfence() and _mm_sfence() are used for memory barrier
2026-04-07 23:30:12 1616 [Note] InnoDB: Compressed tables use zlib 1.2.3
2026-04-07 23:30:12 1616 [Note] InnoDB: Using generic crc32 instructions
2026-04-07 23:30:12 1616 [Note] InnoDB: Initializing buffer pool, size = 16.0M
2026-04-07 23:30:12 1616 [Note] InnoDB: Completed initialization of buffer pool
2026-04-07 23:30:12 1616 [Note] InnoDB: Highest supported file format is Barracuda.
2026-04-07 23:30:12 1616 [Note] InnoDB: The log sequence numbers 1835037 and 1835037 in ibdata files do not match the log sequence number 3580119 in the ib_logfiles!
2026-04-07 23:30:12 1616 [Note] InnoDB: Database was not shutdown normally!
2026-04-07 23:30:12 1616 [Note] InnoDB: Starting crash recovery.
2026-04-07 23:30:12 1616 [Note] InnoDB: Reading tablespace information from the .ibd files...
2026-04-07 23:30:12 1616 [Note] InnoDB: Restoring possible half-written data pages 
2026-04-07 23:30:12 1616 [Note] InnoDB: from the doublewrite buffer...
2026-04-07 23:30:13 1616 [Note] InnoDB: 128 rollback segment(s) are active.
2026-04-07 23:30:13 1616 [Note] InnoDB: Waiting for purge to start
2026-04-07 23:30:13 1616 [Note] InnoDB:  Percona XtraDB (http://www.percona.com) 5.6.34-79.1 started; log sequence number 3580119
2026-04-07 23:30:13 17252 [Note] InnoDB: Dumping buffer pool(s) not yet started
2026-04-07 23:30:13 1616 [Note] Plugin 'FEEDBACK' is disabled.
2026-04-07 23:30:13 1616 [Note] Server socket created on IP: '::'.
2026-04-07 23:30:13 1616 [Note] c:\xampp007\mysql\bin\mysqld.exe: ready for connections.
Version: '10.1.21-MariaDB'  socket: ''  port: 3306  mariadb.org binary distribution
2026-04-07 23:30:41 398c InnoDB: Warning: Using innodb_additional_mem_pool_size is DEPRECATED. This option may be removed in future releases, together with the option innodb_use_sys_malloc and with the InnoDB's internal memory allocator.
2026-04-07 23:30:41 14732 [Note] InnoDB: innodb_empty_free_list_algorithm has been changed to legacy because of small buffer pool size. In order to use backoff, increase buffer pool at least up to 20MB.

2026-04-07 23:30:42 14732 [Note] InnoDB: Using mutexes to ref count buffer pool pages
2026-04-07 23:30:42 14732 [Note] InnoDB: The InnoDB memory heap is disabled
2026-04-07 23:30:42 14732 [Note] InnoDB: Mutexes and rw_locks use Windows interlocked functions
2026-04-07 23:30:42 14732 [Note] InnoDB: _mm_lfence() and _mm_sfence() are used for memory barrier
2026-04-07 23:30:42 14732 [Note] InnoDB: Compressed tables use zlib 1.2.3
2026-04-07 23:30:42 14732 [Note] InnoDB: Using generic crc32 instructions
2026-04-07 23:30:42 14732 [Note] InnoDB: Initializing buffer pool, size = 16.0M
2026-04-07 23:30:42 14732 [Note] InnoDB: Completed initialization of buffer pool
2026-04-07 23:30:42 14732 [Note] InnoDB: Highest supported file format is Barracuda.
2026-04-07 23:30:42 14732 [Note] InnoDB: The log sequence numbers 1835037 and 1835037 in ibdata files do not match the log sequence number 3580129 in the ib_logfiles!
2026-04-07 23:30:42 14732 [Note] InnoDB: Database was not shutdown normally!
2026-04-07 23:30:42 14732 [Note] InnoDB: Starting crash recovery.
2026-04-07 23:30:42 14732 [Note] InnoDB: Reading tablespace information from the .ibd files...
2026-04-07 23:30:42 14732 [Note] InnoDB: Restoring possible half-written data pages 
2026-04-07 23:30:42 14732 [Note] InnoDB: from the doublewrite buffer...
2026-04-07 23:30:42 14732 [Note] InnoDB: 128 rollback segment(s) are active.
2026-04-07 23:30:42 14732 [Note] InnoDB: Waiting for purge to start
2026-04-07 23:30:42 14732 [Note] InnoDB:  Percona XtraDB (http://www.percona.com) 5.6.34-79.1 started; log sequence number 3580129
2026-04-07 23:30:42 17452 [Note] InnoDB: Dumping buffer pool(s) not yet started
2026-04-07 23:30:42 14732 [Note] Plugin 'FEEDBACK' is disabled.
2026-04-07 23:30:42 14732 [Note] Server socket created on IP: '::'.
2026-04-07 23:30:42 14732 [Note] c:\xampp007\mysql\bin\mysqld.exe: ready for connections.
Version: '10.1.21-MariaDB'  socket: ''  port: 3306  mariadb.org binary distribution
2026-04-07 23:52:06 3816 [Note] InnoDB: Online DDL : Start
2026-04-07 23:52:06 3816 [Note] InnoDB: Online DDL : Start reading clustered index of the table and create temporary files
2026-04-07 23:52:06 3816 [Note] InnoDB: Online DDL : End of reading clustered index of the table and create temporary files
2026-04-07 23:52:06 3816 [Note] InnoDB: Online DDL : Completed
2026-04-07 23:55:31 3816 [Note] InnoDB: Online DDL : Start
2026-04-07 23:55:31 3816 [Note] InnoDB: Online DDL : Start reading clustered index of the table and create temporary files
2026-04-07 23:55:31 3816 [Note] InnoDB: Online DDL : End of reading clustered index of the table and create temporary files
2026-04-07 23:55:31 3816 [Note] InnoDB: Online DDL : Completed
2026-04-07 23:57:05 3816 [ERROR] Incorrect definition of table mysql.column_stats: expected column 'min_value' at position 3 to have type varbinary(255), found type varchar(255).
2026-04-07 23:57:05 3816 [ERROR] Incorrect definition of table mysql.column_stats: expected column 'max_value' at position 4 to have type varbinary(255), found type varchar(255).
2026-04-08  0:00:50 3816 [Note] InnoDB: Online DDL : Start
2026-04-08  0:00:50 3816 [Note] InnoDB: Online DDL : Start reading clustered index of the table and create temporary files
2026-04-08  0:00:50 3816 [Note] InnoDB: Online DDL : End of reading clustered index of the table and create temporary files
2026-04-08  0:00:50 3816 [Note] InnoDB: Online DDL : Completed
2026-04-08  0:01:26 3816 [ERROR] Incorrect definition of table mysql.column_stats: expected column 'min_value' at position 3 to have type varbinary(255), found type varchar(255).
2026-04-08  0:01:26 3816 [ERROR] Incorrect definition of table mysql.column_stats: expected column 'max_value' at position 4 to have type varbinary(255), found type varchar(255).
2026-04-08 04:44:37 49f0 InnoDB: Warning: Using innodb_additional_mem_pool_size is DEPRECATED. This option may be removed in future releases, together with the option innodb_use_sys_malloc and with the InnoDB's internal memory allocator.
2026-04-08  4:44:37 18928 [Note] InnoDB: innodb_empty_free_list_algorithm has been changed to legacy because of small buffer pool size. In order to use backoff, increase buffer pool at least up to 20MB.

2026-04-08  4:44:37 18928 [Note] InnoDB: Using mutexes to ref count buffer pool pages
2026-04-08  4:44:37 18928 [Note] InnoDB: The InnoDB memory heap is disabled
2026-04-08  4:44:37 18928 [Note] InnoDB: Mutexes and rw_locks use Windows interlocked functions
2026-04-08  4:44:37 18928 [Note] InnoDB: _mm_lfence() and _mm_sfence() are used for memory barrier
2026-04-08  4:44:37 18928 [Note] InnoDB: Compressed tables use zlib 1.2.3
2026-04-08  4:44:37 18928 [Note] InnoDB: Using generic crc32 instructions
2026-04-08  4:44:37 18928 [Note] InnoDB: Initializing buffer pool, size = 16.0M
2026-04-08  4:44:37 18928 [Note] InnoDB: Completed initialization of buffer pool
2026-04-08  4:44:37 18928 [Note] InnoDB: Highest supported file format is Barracuda.
2026-04-08  4:44:37 18928 [Note] InnoDB: The log sequence numbers 1835037 and 1835037 in ibdata files do not match the log sequence number 4005480 in the ib_logfiles!
2026-04-08  4:44:37 18928 [Note] InnoDB: Database was not shutdown normally!
2026-04-08  4:44:37 18928 [Note] InnoDB: Starting crash recovery.
2026-04-08  4:44:37 18928 [Note] InnoDB: Reading tablespace information from the .ibd files...
2026-04-08  4:44:37 18928 [Note] InnoDB: Restoring possible half-written data pages 
2026-04-08  4:44:37 18928 [Note] InnoDB: from the doublewrite buffer...
2026-04-08  4:44:37 18928 [Note] InnoDB: 128 rollback segment(s) are active.
2026-04-08  4:44:37 18928 [Note] InnoDB: Waiting for purge to start
2026-04-08  4:44:37 18928 [Note] InnoDB:  Percona XtraDB (http://www.percona.com) 5.6.34-79.1 started; log sequence number 4005480
2026-04-08  4:44:37 4936 [Note] InnoDB: Dumping buffer pool(s) not yet started
2026-04-08  4:44:37 18928 [Note] Plugin 'FEEDBACK' is disabled.
2026-04-08  4:44:37 18928 [Note] Server socket created on IP: '::'.
2026-04-08  4:44:37 18928 [Note] c:\xampp007\mysql\bin\mysqld.exe: ready for connections.
Version: '10.1.21-MariaDB'  socket: ''  port: 3306  mariadb.org binary distribution
2026-04-08 10:10:08 5358 InnoDB: Warning: Using innodb_additional_mem_pool_size is DEPRECATED. This option may be removed in future releases, together with the option innodb_use_sys_malloc and with the InnoDB's internal memory allocator.
2026-04-08 10:10:08 21336 [Note] InnoDB: innodb_empty_free_list_algorithm has been changed to legacy because of small buffer pool size. In order to use backoff, increase buffer pool at least up to 20MB.

2026-04-08 10:10:08 21336 [Note] InnoDB: Using mutexes to ref count buffer pool pages
2026-04-08 10:10:08 21336 [Note] InnoDB: The InnoDB memory heap is disabled
2026-04-08 10:10:08 21336 [Note] InnoDB: Mutexes and rw_locks use Windows interlocked functions
2026-04-08 10:10:08 21336 [Note] InnoDB: _mm_lfence() and _mm_sfence() are used for memory barrier
2026-04-08 10:10:08 21336 [Note] InnoDB: Compressed tables use zlib 1.2.3
2026-04-08 10:10:08 21336 [Note] InnoDB: Using generic crc32 instructions
2026-04-08 10:10:08 21336 [Note] InnoDB: Initializing buffer pool, size = 16.0M
2026-04-08 10:10:08 21336 [Note] InnoDB: Completed initialization of buffer pool
2026-04-08 10:10:08 21336 [Note] InnoDB: Highest supported file format is Barracuda.
2026-04-08 10:10:08 21336 [Note] InnoDB: The log sequence numbers 1835037 and 1835037 in ibdata files do not match the log sequence number 4005490 in the ib_logfiles!
2026-04-08 10:10:08 21336 [Note] InnoDB: Database was not shutdown normally!
2026-04-08 10:10:08 21336 [Note] InnoDB: Starting crash recovery.
2026-04-08 10:10:08 21336 [Note] InnoDB: Reading tablespace information from the .ibd files...
2026-04-08 10:10:08 21336 [Note] InnoDB: Restoring possible half-written data pages 
2026-04-08 10:10:08 21336 [Note] InnoDB: from the doublewrite buffer...
2026-04-08 10:10:08 21336 [Note] InnoDB: 128 rollback segment(s) are active.
2026-04-08 10:10:08 21336 [Note] InnoDB: Waiting for purge to start
2026-04-08 10:10:08 21336 [Note] InnoDB:  Percona XtraDB (http://www.percona.com) 5.6.34-79.1 started; log sequence number 4005490
2026-04-08 10:10:08 18408 [Note] InnoDB: Dumping buffer pool(s) not yet started
2026-04-08 10:10:08 21336 [Note] Plugin 'FEEDBACK' is disabled.
2026-04-08 10:10:08 21336 [Note] Server socket created on IP: '::'.
2026-04-08 10:10:08 21336 [Note] c:\xampp007\mysql\bin\mysqld.exe: ready for connections.
Version: '10.1.21-MariaDB'  socket: ''  port: 3306  mariadb.org binary distribution
2026-04-08 12:12:10 5874 InnoDB: Warning: Using innodb_additional_mem_pool_size is DEPRECATED. This option may be removed in future releases, together with the option innodb_use_sys_malloc and with the InnoDB's internal memory allocator.
2026-04-08 12:12:10 22644 [Note] InnoDB: innodb_empty_free_list_algorithm has been changed to legacy because of small buffer pool size. In order to use backoff, increase buffer pool at least up to 20MB.

2026-04-08 12:12:10 22644 [Note] InnoDB: Using mutexes to ref count buffer pool pages
2026-04-08 12:12:10 22644 [Note] InnoDB: The InnoDB memory heap is disabled
2026-04-08 12:12:10 22644 [Note] InnoDB: Mutexes and rw_locks use Windows interlocked functions
2026-04-08 12:12:10 22644 [Note] InnoDB: _mm_lfence() and _mm_sfence() are used for memory barrier
2026-04-08 12:12:10 22644 [Note] InnoDB: Compressed tables use zlib 1.2.3
2026-04-08 12:12:10 22644 [Note] InnoDB: Using generic crc32 instructions
2026-04-08 12:12:10 22644 [Note] InnoDB: Initializing buffer pool, size = 16.0M
2026-04-08 12:12:10 22644 [Note] InnoDB: Completed initialization of buffer pool
2026-04-08 12:12:10 22644 [Note] InnoDB: Highest supported file format is Barracuda.
2026-04-08 12:12:10 22644 [Note] InnoDB: The log sequence numbers 1835037 and 1835037 in ibdata files do not match the log sequence number 4005500 in the ib_logfiles!
2026-04-08 12:12:10 22644 [Note] InnoDB: Database was not shutdown normally!
2026-04-08 12:12:10 22644 [Note] InnoDB: Starting crash recovery.
2026-04-08 12:12:10 22644 [Note] InnoDB: Reading tablespace information from the .ibd files...
2026-04-08 12:12:10 22644 [Note] InnoDB: Restoring possible half-written data pages 
2026-04-08 12:12:10 22644 [Note] InnoDB: from the doublewrite buffer...
2026-04-08 12:12:10 22644 [Note] InnoDB: 128 rollback segment(s) are active.
2026-04-08 12:12:10 22644 [Note] InnoDB: Waiting for purge to start
2026-04-08 12:12:10 22644 [Note] InnoDB:  Percona XtraDB (http://www.percona.com) 5.6.34-79.1 started; log sequence number 4005500
2026-04-08 12:12:10 23540 [Note] InnoDB: Dumping buffer pool(s) not yet started
2026-04-08 12:12:10 22644 [Note] Plugin 'FEEDBACK' is disabled.
2026-04-08 12:12:10 22644 [Note] Server socket created on IP: '::'.
2026-04-08 12:12:10 22644 [Note] c:\xampp007\mysql\bin\mysqld.exe: ready for connections.
Version: '10.1.21-MariaDB'  socket: ''  port: 3306  mariadb.org binary distribution
2026-04-08 13:48:11 4180 InnoDB: Warning: Using innodb_additional_mem_pool_size is DEPRECATED. This option may be removed in future releases, together with the option innodb_use_sys_malloc and with the InnoDB's internal memory allocator.
2026-04-08 13:48:11 16768 [Note] InnoDB: innodb_empty_free_list_algorithm has been changed to legacy because of small buffer pool size. In order to use backoff, increase buffer pool at least up to 20MB.

2026-04-08 13:48:11 16768 [Note] InnoDB: Using mutexes to ref count buffer pool pages
2026-04-08 13:48:11 16768 [Note] InnoDB: The InnoDB memory heap is disabled
2026-04-08 13:48:11 16768 [Note] InnoDB: Mutexes and rw_locks use Windows interlocked functions
2026-04-08 13:48:11 16768 [Note] InnoDB: _mm_lfence() and _mm_sfence() are used for memory barrier
2026-04-08 13:48:11 16768 [Note] InnoDB: Compressed tables use zlib 1.2.3
2026-04-08 13:48:11 16768 [Note] InnoDB: Using generic crc32 instructions
2026-04-08 13:48:11 16768 [Note] InnoDB: Initializing buffer pool, size = 16.0M
2026-04-08 13:48:11 16768 [Note] InnoDB: Completed initialization of buffer pool
2026-04-08 13:48:12 16768 [Note] InnoDB: Highest supported file format is Barracuda.
2026-04-08 13:48:12 16768 [Note] InnoDB: The log sequence numbers 1835037 and 1835037 in ibdata files do not match the log sequence number 4005510 in the ib_logfiles!
2026-04-08 13:48:12 16768 [Note] InnoDB: Database was not shutdown normally!
2026-04-08 13:48:12 16768 [Note] InnoDB: Starting crash recovery.
2026-04-08 13:48:12 16768 [Note] InnoDB: Reading tablespace information from the .ibd files...
2026-04-08 13:48:12 16768 [Note] InnoDB: Restoring possible half-written data pages 
2026-04-08 13:48:12 16768 [Note] InnoDB: from the doublewrite buffer...
2026-04-08 13:48:12 16768 [Note] InnoDB: 128 rollback segment(s) are active.
2026-04-08 13:48:12 16768 [Note] InnoDB: Waiting for purge to start
2026-04-08 13:48:12 16768 [Note] InnoDB:  Percona XtraDB (http://www.percona.com) 5.6.34-79.1 started; log sequence number 4005510
2026-04-08 13:48:12 3780 [Note] InnoDB: Dumping buffer pool(s) not yet started
2026-04-08 13:48:12 16768 [Note] Plugin 'FEEDBACK' is disabled.
2026-04-08 13:48:12 16768 [Note] Server socket created on IP: '::'.
2026-04-08 13:48:12 16768 [Note] c:\xampp007\mysql\bin\mysqld.exe: ready for connections.
Version: '10.1.21-MariaDB'  socket: ''  port: 3306  mariadb.org binary distribution
2026-04-08 22:20:00 35a0 InnoDB: Warning: Using innodb_additional_mem_pool_size is DEPRECATED. This option may be removed in future releases, together with the option innodb_use_sys_malloc and with the InnoDB's internal memory allocator.
2026-04-08 22:20:00 13728 [Note] InnoDB: innodb_empty_free_list_algorithm has been changed to legacy because of small buffer pool size. In order to use backoff, increase buffer pool at least up to 20MB.

2026-04-08 22:20:00 4350 InnoDB: Warning: Using innodb_additional_mem_pool_size is DEPRECATED. This option may be removed in future releases, together with the option innodb_use_sys_malloc and with the InnoDB's internal memory allocator.
2026-04-08 22:20:00 17232 [Note] InnoDB: innodb_empty_free_list_algorithm has been changed to legacy because of small buffer pool size. In order to use backoff, increase buffer pool at least up to 20MB.

2026-04-08 22:20:00 13728 [Note] InnoDB: Using mutexes to ref count buffer pool pages
2026-04-08 22:20:00 13728 [Note] InnoDB: The InnoDB memory heap is disabled
2026-04-08 22:20:00 13728 [Note] InnoDB: Mutexes and rw_locks use Windows interlocked functions
2026-04-08 22:20:00 13728 [Note] InnoDB: _mm_lfence() and _mm_sfence() are used for memory barrier
2026-04-08 22:20:00 13728 [Note] InnoDB: Compressed tables use zlib 1.2.3
2026-04-08 22:20:00 13728 [Note] InnoDB: Using generic crc32 instructions
2026-04-08 22:20:00 13728 [Note] InnoDB: Initializing buffer pool, size = 16.0M
2026-04-08 22:20:00 13728 [Note] InnoDB: Completed initialization of buffer pool
2026-04-08 22:20:00 13728 [Note] InnoDB: Highest supported file format is Barracuda.
2026-04-08 22:20:00 13728 [Note] InnoDB: The log sequence numbers 1835037 and 1835037 in ibdata files do not match the log sequence number 4005520 in the ib_logfiles!
2026-04-08 22:20:00 13728 [Note] InnoDB: Database was not shutdown normally!
2026-04-08 22:20:00 13728 [Note] InnoDB: Starting crash recovery.
2026-04-08 22:20:00 13728 [Note] InnoDB: Reading tablespace information from the .ibd files...
2026-04-08 22:20:00 17232 [Note] InnoDB: Using mutexes to ref count buffer pool pages
2026-04-08 22:20:00 17232 [Note] InnoDB: The InnoDB memory heap is disabled
2026-04-08 22:20:00 17232 [Note] InnoDB: Mutexes and rw_locks use Windows interlocked functions
2026-04-08 22:20:00 17232 [Note] InnoDB: _mm_lfence() and _mm_sfence() are used for memory barrier
2026-04-08 22:20:00 17232 [Note] InnoDB: Compressed tables use zlib 1.2.3
2026-04-08 22:20:00 17232 [Note] InnoDB: Using generic crc32 instructions
2026-04-08 22:20:00 13728 [Note] InnoDB: Restoring possible half-written data pages 
2026-04-08 22:2200:2060- 0143-70288  2[2N:o2t0e:]0 0I n1n7o2D3B2:  [fNrootme ]t hIen ndooDuBb:l eIwnriittiea lbiuzfifnegr .b.u.f
fer pool, size = 16.0M
2026-04-08 22:20:00 17232 [Note] InnoDB: Completed initialization of buffer pool
2026-04-08 22:20:00 17232 [ERROR] InnoDB: C:\xampp007\mysql\data\ibdata1 can't be opened in read-write mode
2026-04-08 22:20:00 17232 [ERROR] InnoDB: The system tablespace must be writable!
2026-04-08 22:20:00 17232 [ERROR] Plugin 'InnoDB' init function returned error.
2026-04-08 22:20:00 17232 [ERROR] Plugin 'InnoDB' registration as a STORAGE ENGINE failed.
2026-04-08 22:20:00 17232 [Note] Plugin 'FEEDBACK' is disabled.
2026-04-08 22:20:00 17232 [ERROR] Unknown/unsupported storage engine: InnoDB
2026-04-08 22:20:00 17232 [ERROR] Aborting

2026-04-08 22:20:00 13728 [Note] InnoDB: 128 rollback segment(s) are active.
2026-04-08 22:20:00 13728 [Note] InnoDB: Waiting for purge to start
2026-04-08 22:20:00 13728 [Note] InnoDB:  Percona XtraDB (http://www.percona.com) 5.6.34-79.1 started; log sequence number 4005520
2026-04-08 22:20:00 5420 [Note] InnoDB: Dumping buffer pool(s) not yet started
2026-04-08 22:20:00 13728 [Note] Plugin 'FEEDBACK' is disabled.
2026-04-08 22:20:00 13728 [Note] Server socket created on IP: '::'.
2026-04-08 22:20:00 13728 [Note] c:\xampp007\mysql\bin\mysqld.exe: ready for connections.
Version: '10.1.21-MariaDB'  socket: ''  port: 3306  mariadb.org binary distribution
2026-04-08 23:06:38 19252 [Note] InnoDB: Online DDL : Start
2026-04-08 23:06:38 19252 [Note] InnoDB: Online DDL : Start reading clustered index of the table and create temporary files
2026-04-08 23:06:38 19252 [Note] InnoDB: Online DDL : End of reading clustered index of the table and create temporary files
2026-04-08 23:06:38 19252 [Note] InnoDB: Online DDL : Completed
2026-04-08 23:15:16 19252 [Note] InnoDB: Online DDL : Start
2026-04-08 23:15:16 19252 [Note] InnoDB: Online DDL : Start reading clustered index of the table and create temporary files
2026-04-08 23:15:16 19252 [Note] InnoDB: Online DDL : End of reading clustered index of the table and create temporary files
2026-04-08 23:15:16 19252 [Note] InnoDB: Online DDL : Completed
2026-04-08 23:18:08 19252 [Note] InnoDB: Online DDL : Start
2026-04-08 23:18:08 19252 [Note] InnoDB: Online DDL : Start reading clustered index of the table and create temporary files
2026-04-08 23:18:08 19252 [Note] InnoDB: Online DDL : End of reading clustered index of the table and create temporary files
2026-04-08 23:18:08 19252 [Note] InnoDB: Online DDL : Completed
2026-04-08 23:19:00 19252 [Note] InnoDB: Online DDL : Start
2026-04-08 23:19:00 19252 [Note] InnoDB: Online DDL : Start reading clustered index of the table and create temporary files
2026-04-08 23:19:00 19252 [Note] InnoDB: Online DDL : End of reading clustered index of the table and create temporary files
2026-04-08 23:19:00 19252 [Note] InnoDB: Online DDL : Completed
2026-04-08 23:19:28 19252 [Note] InnoDB: Online DDL : Start
2026-04-08 23:19:28 19252 [Note] InnoDB: Online DDL : Start reading clustered index of the table and create temporary files
2026-04-08 23:19:28 19252 [Note] InnoDB: Online DDL : End of reading clustered index of the table and create temporary files
2026-04-08 23:19:28 19252 [Note] InnoDB: Online DDL : Completed
2026-04-08 23:20:17 19252 [Note] InnoDB: Online DDL : Start
2026-04-08 23:20:17 19252 [Note] InnoDB: Online DDL : Start reading clustered index of the table and create temporary files
2026-04-08 23:20:17 19252 [Note] InnoDB: Online DDL : End of reading clustered index of the table and create temporary files
2026-04-08 23:20:17 19252 [Note] InnoDB: Online DDL : Completed
2026-04-08 23:20:52 19252 [Note] InnoDB: Online DDL : Start
2026-04-08 23:20:52 19252 [Note] InnoDB: Online DDL : Start reading clustered index of the table and create temporary files
2026-04-08 23:20:52 19252 [Note] InnoDB: Online DDL : End of reading clustered index of the table and create temporary files
2026-04-08 23:20:52 19252 [Note] InnoDB: Online DDL : Completed
2026-04-08 23:22:16 19252 [Note] InnoDB: Online DDL : Start
2026-04-08 23:22:16 19252 [Note] InnoDB: Online DDL : Start reading clustered index of the table and create temporary files
2026-04-08 23:22:16 19252 [Note] InnoDB: Online DDL : End of reading clustered index of the table and create temporary files
2026-04-08 23:22:16 19252 [Note] InnoDB: Online DDL : Completed
2026-04-08 23:23:35 19252 [Note] InnoDB: Online DDL : Start
2026-04-08 23:23:35 19252 [Note] InnoDB: Online DDL : Start reading clustered index of the table and create temporary files
2026-04-08 23:23:35 19252 [Note] InnoDB: Online DDL : End of reading clustered index of the table and create temporary files
2026-04-08 23:23:35 19252 [Note] InnoDB: Online DDL : Completed
2026-04-08 23:24:05 19252 [Note] InnoDB: Online DDL : Start
2026-04-08 23:24:05 19252 [Note] InnoDB: Online DDL : Start reading clustered index of the table and create temporary files
2026-04-08 23:24:05 19252 [Note] InnoDB: Online DDL : End of reading clustered index of the table and create temporary files
2026-04-08 23:24:05 19252 [Note] InnoDB: Online DDL : Completed
2026-04-08 23:24:37 19252 [Note] InnoDB: Online DDL : Start
2026-04-08 23:24:37 19252 [Note] InnoDB: Online DDL : Start reading clustered index of the table and create temporary files
2026-04-08 23:24:37 19252 [Note] InnoDB: Online DDL : End of reading clustered index of the table and create temporary files
2026-04-08 23:24:37 19252 [Note] InnoDB: Online DDL : Completed
2026-04-08 23:25:02 19252 [Note] InnoDB: Online DDL : Start
2026-04-08 23:25:02 19252 [Note] InnoDB: Online DDL : Start reading clustered index of the table and create temporary files
2026-04-08 23:25:02 19252 [Note] InnoDB: Online DDL : End of reading clustered index of the table and create temporary files
2026-04-08 23:25:02 19252 [Note] InnoDB: Online DDL : Completed
2026-04-08 23:27:52 19252 [Note] InnoDB: Online DDL : Start
2026-04-08 23:27:52 19252 [Note] InnoDB: Online DDL : Start reading clustered index of the table and create temporary files
2026-04-08 23:27:52 19252 [Note] InnoDB: Online DDL : End of reading clustered index of the table and create temporary files
2026-04-08 23:27:52 19252 [Note] InnoDB: Online DDL : Completed
2026-04-08 23:28:33 19252 [Note] InnoDB: Online DDL : Start
2026-04-08 23:28:33 19252 [Note] InnoDB: Online DDL : Start reading clustered index of the table and create temporary files
2026-04-08 23:28:33 19252 [Note] InnoDB: Online DDL : End of reading clustered index of the table and create temporary files
2026-04-08 23:28:33 19252 [Note] InnoDB: Online DDL : Completed
2026-04-08 23:29:29 19252 [Note] InnoDB: Online DDL : Start
2026-04-08 23:29:29 19252 [Note] InnoDB: Online DDL : Start reading clustered index of the table and create temporary files
2026-04-08 23:29:29 19252 [Note] InnoDB: Online DDL : End of reading clustered index of the table and create temporary files
2026-04-08 23:29:29 19252 [Note] InnoDB: Online DDL : Completed
2026-04-08 23:36:01 19252 [Note] InnoDB: Online DDL : Start
2026-04-08 23:36:01 19252 [Note] InnoDB: Online DDL : Start reading clustered index of the table and create temporary files
2026-04-08 23:36:01 19252 [Note] InnoDB: Online DDL : End of reading clustered index of the table and create temporary files
2026-04-08 23:36:01 19252 [Note] InnoDB: Online DDL : Completed
2026-04-09 12:11:39 1fc4 InnoDB: Warning: Using innodb_additional_mem_pool_size is DEPRECATED. This option may be removed in future releases, together with the option innodb_use_sys_malloc and with the InnoDB's internal memory allocator.
2026-04-09 12:11:39 8132 [Note] InnoDB: innodb_empty_free_list_algorithm has been changed to legacy because of small buffer pool size. In order to use backoff, increase buffer pool at least up to 20MB.

2026-04-09 12:11:39 1a0 InnoDB: Warning: Using innodb_additional_mem_pool_size is DEPRECATED. This option may be removed in future releases, together with the option innodb_use_sys_malloc and with the InnoDB's internal memory allocator.
2026-04-09 12:11:39 416 [Note] InnoDB: innodb_empty_free_list_algorithm has been changed to legacy because of small buffer pool size. In order to use backoff, increase buffer pool at least up to 20MB.

2026-04-09 12:11:39 8132 [Note] InnoDB: Using mutexes to ref count buffer pool pages
2026-04-09 12:11:39 8132 [Note] InnoDB: The InnoDB memory heap is disabled
2026-04-09 12:11:39 8132 [Note] InnoDB: Mutexes and rw_locks use Windows interlocked functions
2026-04-09 12:11:39 8132 [Note] InnoDB: _mm_lfence() and _mm_sfence() are used for memory barrier
2026-04-09 12:11:39 8132 [Note] InnoDB: Compressed tables use zlib 1.2.3
2026-04-09 12:11:39 8132 [Note] InnoDB: Using generic crc32 instructions
2026-04-09 12:11:39 8132 [Note] InnoDB: Initializing buffer pool, size = 16.0M
2026-04-09 12:11:39 8132 [Note] InnoDB: Completed initialization of buffer pool
2026-04-09 12:11:39 416 [Note] InnoDB: Using mutexes to ref count buffer pool pages
2026-04-09 12:11:39 416 [Note] InnoDB: The InnoDB memory heap is disabled
2026-04-09 12:11:39 416 [Note] InnoDB: Mutexes and rw_locks use Windows interlocked functions
2026-04-09 12:11:39 416 [Note] InnoDB: _mm_lfence() and _mm_sfence() are used for memory barrier
2026-04-09 12:11:39 416 [Note] InnoDB: Compressed tables use zlib 1.2.3
2026-04-09 12:11:39 416 [Note] InnoDB: Using generic crc32 instructions
2026-04-09 12:11:39 416 [Note] InnoDB: Initializing buffer pool, size = 16.0M
2026-04-09 12:11:39 416 [Note] InnoDB: Completed initialization of buffer pool
2026-04-09 12:11:39 416 [ERROR] InnoDB: C:\xampp007\mysql\data\ibdata1 can't be opened in read-write mode
2026-04-09 12:11:39 416 [ERROR] InnoDB: The system tablespace must be writable!
2026-04-09 12:11:39 416 [ERROR] Plugin 'InnoDB' init function returned error.
2026-04-09 12:11:39 416 [ERROR] Plugin 'InnoDB' registration as a STORAGE ENGINE failed.
2026-04-09 12:11:39 8132 [Note] InnoDB: Highest supported file format is Barracuda.
2026-04-09 12:11:39 8132 [Note] InnoDB: The log sequence numbers 1835037 and 1835037 in ibdata files do not match the log sequence number 4233328 in the ib_logfiles!
2026-04-09 12:11:39 8132 [Note] InnoDB: Database was not shutdown normally!
2026-04-09 12:11:39 8132 [Note] InnoDB: Starting crash recovery.
2026-04-09 12:11:39 8132 [Note] InnoDB: Reading tablespace information from the .ibd files...
2026-04-09 12:11:39 416 [Note] Plugin 'FEEDBACK' is disabled.
2026-04-09 12:11:39 416 [ERROR] Unknown/unsupported storage engine: InnoDB
2026-04-09 12:11:39 416 [ERROR] Aborting

2026-04-09 12:11:39 8132 [Note] InnoDB: Restoring possible half-written data pages 
2026-04-09 12:11:39 8132 [Note] InnoDB: from the doublewrite buffer...
2026-04-09 12:11:39 8132 [Note] InnoDB: 128 rollback segment(s) are active.
2026-04-09 12:11:39 8132 [Note] InnoDB: Waiting for purge to start
2026-04-09 12:11:39 8132 [Note] InnoDB:  Percona XtraDB (http://www.percona.com) 5.6.34-79.1 started; log sequence number 4233328
2026-04-09 12:11:39 7700 [Note] InnoDB: Dumping buffer pool(s) not yet started
2026-04-09 12:11:39 8132 [Note] Plugin 'FEEDBACK' is disabled.
2026-04-09 12:11:39 8132 [Note] Server socket created on IP: '::'.
2026-04-09 12:11:39 8132 [Note] c:\xampp007\mysql\bin\mysqld.exe: ready for connections.
Version: '10.1.21-MariaDB'  socket: ''  port: 3306  mariadb.org binary distribution
2026-04-10 12:49:49 5118 InnoDB: Warning: Using innodb_additional_mem_pool_size is DEPRECATED. This option may be removed in future releases, together with the option innodb_use_sys_malloc and with the InnoDB's internal memory allocator.
2026-04-10 12:49:49 20760 [Note] InnoDB: innodb_empty_free_list_algorithm has been changed to legacy because of small buffer pool size. In order to use backoff, increase buffer pool at least up to 20MB.

2026-04-10 12:49:49 20760 [Note] InnoDB: Using mutexes to ref count buffer pool pages
2026-04-10 12:49:49 20760 [Note] InnoDB: The InnoDB memory heap is disabled
2026-04-10 12:49:49 20760 [Note] InnoDB: Mutexes and rw_locks use Windows interlocked functions
2026-04-10 12:49:49 20760 [Note] InnoDB: _mm_lfence() and _mm_sfence() are used for memory barrier
2026-04-10 12:49:49 20760 [Note] InnoDB: Compressed tables use zlib 1.2.3
2026-04-10 12:49:49 20760 [Note] InnoDB: Using generic crc32 instructions
2026-04-10 12:49:49 20760 [Note] InnoDB: Initializing buffer pool, size = 16.0M
2026-04-10 12:49:49 20760 [Note] InnoDB: Completed initialization of buffer pool
2026-04-10 12:49:49 20760 [Note] InnoDB: Highest supported file format is Barracuda.
2026-04-10 12:49:49 20760 [Note] InnoDB: The log sequence numbers 1835037 and 1835037 in ibdata files do not match the log sequence number 4233534 in the ib_logfiles!
2026-04-10 12:49:49 20760 [Note] InnoDB: Database was not shutdown normally!
2026-04-10 12:49:49 20760 [Note] InnoDB: Starting crash recovery.
2026-04-10 12:49:49 20760 [Note] InnoDB: Reading tablespace information from the .ibd files...
2026-04-10 12:49:49 20760 [Note] InnoDB: Restoring possible half-written data pages 
2026-04-10 12:49:49 20760 [Note] InnoDB: from the doublewrite buffer...
2026-04-10 12:49:49 20760 [Note] InnoDB: 128 rollback segment(s) are active.
2026-04-10 12:49:49 20760 [Note] InnoDB: Waiting for purge to start
2026-04-10 12:49:49 20760 [Note] InnoDB:  Percona XtraDB (http://www.percona.com) 5.6.34-79.1 started; log sequence number 4233534
2026-04-10 12:49:49 11308 [Note] InnoDB: Dumping buffer pool(s) not yet started
2026-04-10 12:49:49 20760 [Note] Plugin 'FEEDBACK' is disabled.
2026-04-10 12:49:49 20760 [Note] Server socket created on IP: '::'.
2026-04-10 12:49:49 20760 [Note] c:\xampp007\mysql\bin\mysqld.exe: ready for connections.
Version: '10.1.21-MariaDB'  socket: ''  port: 3306  mariadb.org binary distribution
2026-04-10 23:25:19 abc InnoDB: Warning: Using innodb_additional_mem_pool_size is DEPRECATED. This option may be removed in future releases, together with the option innodb_use_sys_malloc and with the InnoDB's internal memory allocator.
2026-04-10 23:25:19 2748 [Note] InnoDB: innodb_empty_free_list_algorithm has been changed to legacy because of small buffer pool size. In order to use backoff, increase buffer pool at least up to 20MB.

2026-04-10 23:25:19 2748 [Note] InnoDB: Using mutexes to ref count buffer pool pages
2026-04-10 23:25:19 2748 [Note] InnoDB: The InnoDB memory heap is disabled
2026-04-10 23:25:19 2748 [Note] InnoDB: Mutexes and rw_locks use Windows interlocked functions
2026-04-10 23:25:19 2748 [Note] InnoDB: _mm_lfence() and _mm_sfence() are used for memory barrier
2026-04-10 23:25:19 2748 [Note] InnoDB: Compressed tables use zlib 1.2.3
2026-04-10 23:25:19 2748 [Note] InnoDB: Using generic crc32 instructions
2026-04-10 23:25:19 2748 [Note] InnoDB: Initializing buffer pool, size = 16.0M
2026-04-10 23:25:19 2748 [Note] InnoDB: Completed initialization of buffer pool
2026-04-10 23:25:19 524 InnoDB: Warning: Using innodb_additional_mem_pool_size is DEPRECATED. This option may be removed in future releases, together with the option innodb_use_sys_malloc and with the InnoDB's internal memory allocator.
2026-04-10 23:25:19 1316 [Note] InnoDB: innodb_empty_free_list_algorithm has been changed to legacy because of small buffer pool size. In order to use backoff, increase buffer pool at least up to 20MB.

2026-04-10 23:25:19 1316 [Note] InnoDB: Using mutexes to ref count buffer pool pages
2026-04-10 23:25:19 1316 [Note] InnoDB: The InnoDB memory heap is disabled
2026-04-10 23:25:19 1316 [Note] InnoDB: Mutexes and rw_locks use Windows interlocked functions
2026-04-10 23:25:19 1316 [Note] InnoDB: _mm_lfence() and _mm_sfence() are used for memory barrier
2026-04-10 23:25:19 1316 [Note] InnoDB: Compressed tables use zlib 1.2.3
2026-04-10 23:25:19 1316 [Note] InnoDB: Using generic crc32 instructions
2026-04-10 23:25:19 1316 [Note] InnoDB: Initializing buffer pool, size = 16.0M
2026-04-10 23:25:19 1316 [Note] InnoDB: Completed initialization of buffer pool
2026-04-10 23:25:19 1316 [ERROR] InnoDB: C:\xampp007\mysql\data\ibdata1 can't be opened in read-write mode
2026-04-10 23:25:19 1316 [ERROR] InnoDB: The system tablespace must be writable!
2026-04-10 23:25:19 1316 [ERROR] Plugin 'InnoDB' init function returned error.
2026-04-10 23:25:19 1316 [ERROR] Plugin 'InnoDB' registration as a STORAGE ENGINE failed.
2026-04-10 23:25:19 2748 [Note] InnoDB: Highest supported file format is Barracuda.
2026-04-10 23:25:19 2748 [Note] InnoDB: The log sequence numbers 1835037 and 1835037 in ibdata files do not match the log sequence number 4325789 in the ib_logfiles!
2026-04-10 23:25:19 2748 [Note] InnoDB: Database was not shutdown normally!
2026-04-10 23:25:19 2748 [Note] InnoDB: Starting crash recovery.
2026-04-10 23:25:19 2748 [Note] InnoDB: Reading tablespace information2 0f2r6o-m0 4t-h1e0  .2i3b:d2 5f:i1l9e s1.3.1.6
 [Note] Plugin 'FEEDBACK' is disabled.
2026-04-10 23:25:19 1316 [ERROR] Unknown/unsupported storage engine: InnoDB
2026-04-10 23:25:19 1316 [ERROR] Aborting

2026-04-10 23:25:19 2748 [Note] InnoDB: Restoring possible half-written data pages 
2026-04-10 23:25:19 2748 [Note] InnoDB: from the doublewrite buffer...
2026-04-10 23:25:19 2748 [Note] InnoDB: 128 rollback segment(s) are active.
2026-04-10 23:25:19 2748 [Note] InnoDB: Waiting for purge to start
2026-04-10 23:25:19 2748 [Note] InnoDB:  Percona XtraDB (http://www.percona.com) 5.6.34-79.1 started; log sequence number 4325789
2026-04-10 23:25:19 17628 [Note] InnoDB: Dumping buffer pool(s) not yet started
2026-04-10 23:25:19 2748 [Note] Plugin 'FEEDBACK' is disabled.
2026-04-10 23:25:19 2748 [Note] Server socket created on IP: '::'.
2026-04-10 23:25:19 2748 [Note] c:\xampp007\mysql\bin\mysqld.exe: ready for connections.
Version: '10.1.21-MariaDB'  socket: ''  port: 3306  mariadb.org binary distribution
2026-04-12 11:34:52 204c InnoDB: Warning: Using innodb_additional_mem_pool_size is DEPRECATED. This option may be removed in future releases, together with the option innodb_use_sys_malloc and with the InnoDB's internal memory allocator.
2026-04-12 11:34:52 8268 [Note] InnoDB: innodb_empty_free_list_algorithm has been changed to legacy because of small buffer pool size. In order to use backoff, increase buffer pool at least up to 20MB.

2026-04-12 11:34:52 8268 [Note] InnoDB: Using mutexes to ref count buffer pool pages
2026-04-12 11:34:52 8268 [Note] InnoDB: The InnoDB memory heap is disabled
2026-04-12 11:34:52 8268 [Note] InnoDB: Mutexes and rw_locks use Windows interlocked functions
2026-04-12 11:34:52 8268 [Note] InnoDB: _mm_lfence() and _mm_sfence() are used for memory barrier
2026-04-12 11:34:52 8268 [Note] InnoDB: Compressed tables use zlib 1.2.3
2026-04-12 11:34:52 8268 [Note] InnoDB: Using generic crc32 instructions
2026-04-12 11:34:52 8268 [Note] InnoDB: Initializing buffer pool, size = 16.0M
2026-04-12 11:34:52 8268 [Note] InnoDB: Completed initialization of buffer pool
2026-04-12 11:34:52 8268 [Note] InnoDB: Highest supported file format is Barracuda.
2026-04-12 11:34:52 8268 [Note] InnoDB: The log sequence numbers 1835037 and 1835037 in ibdata files do not match the log sequence number 4325799 in the ib_logfiles!
2026-04-12 11:34:52 8268 [Note] InnoDB: Database was not shutdown normally!
2026-04-12 11:34:52 8268 [Note] InnoDB: Starting crash recovery.
2026-04-12 11:34:52 8268 [Note] InnoDB: Reading tablespace information from the .ibd files...
2026-04-12 11:34:52 8268 [Note] InnoDB: Restoring possible half-written data pages 
2026-04-12 11:34:53 1150 InnoDB: Warning: Using innodb_additional_mem_pool_size is DEPRECATED. This option may be removed in future releases, together with the option innodb_use_sys_malloc and with the InnoDB's internal memory allocator.
2026-04-12 11:34:53 4432 [Note] InnoDB: innodb_empty_free_list_algorithm has been changed to legacy because of small buffer pool size. In order to use backoff, increase buffer pool at least up to 20MB.

2026-04-12 11:34:53 4432 [Note] InnoDB: Using mutexes to ref count buffer pool pages
2026-04-12 11:34:53 4432 [Note] InnoDB: The InnoDB memory heap is disabled
2026-04-12 11:34:53 4432 [Note] InnoDB: Mutexes and rw_locks use Windows interlocked functions
2026-04-12 11:34:53 4432 [Note] InnoDB: _mm_lfence() and _mm_sfence() are used for memory barrier
2026-04-12 11:34:53 4432 [Note] InnoDB: Compressed tables use zlib 1.2.3
2026-04-12 11:34:53 4432 [Note] InnoDB: Using generic crc32 instructions
2026-04-12 11:34:53 4432 [Note] InnoDB: Initializing buffer pool, size = 16.0M
2026-04-12 11:34:53 4432 [Note] InnoDB: Completed initialization of buffer pool
2026-04-12 11:34:53 4432 [Note] InnoDB: Highest supported file format is Barracuda.
2026-04-12 11:34:53 4432 [Note] InnoDB: The log sequence numbers 1835037 and 1835037 in ibdata files do not match the log sequence number 4325799 in the ib_logfiles!
2026-04-12 11:34:53 4432 [Note] InnoDB: Database was not shutdown normally!
2026-04-12 11:34:53 4432 [Note] InnoDB: Starting crash recovery.
2026-04-12 11:34:53 4432 [Note] InnoDB: Reading tablespace information from the .ibd files...
2026-04-12 11:34:53 4432 [Note] InnoDB: Restoring possible half-written data pages 
2026-04-12 11:34:53 4432 [Note] InnoDB: from the doublewrite buffer...
2026-04-12 11:34:54 4432 [Note] InnoDB: 128 rollback segment(s) are active.
2026-04-12 11:34:54 4432 [Note] InnoDB: Waiting for purge to start
2026-04-12 11:34:54 4432 [Note] InnoDB:  Percona XtraDB (http://www.percona.com) 5.6.34-79.1 started; log sequence number 4325799
2026-04-12 11:34:54 17796 [Note] InnoDB: Dumping buffer pool(s) not yet started
2026-04-12 11:34:54 4432 [Note] Plugin 'FEEDBACK' is disabled.
2026-04-12 11:34:54 4432 [Note] Server socket created on IP: '::'.
2026-04-12 11:34:54 4432 [Note] c:\xampp007\mysql\bin\mysqld.exe: ready for connections.
Version: '10.1.21-MariaDB'  socket: ''  port: 3306  mariadb.org binary distribution
2026-04-12 20:06:27 4044 InnoDB: Warning: Using innodb_additional_mem_pool_size is DEPRECATED. This option may be removed in future releases, together with the option innodb_use_sys_malloc and with the InnoDB's internal memory allocator.
2026-04-12 20:06:27 16452 [Note] InnoDB: innodb_empty_free_list_algorithm has been changed to legacy because of small buffer pool size. In order to use backoff, increase buffer pool at least up to 20MB.

2026-04-12 20:06:27 16452 [Note] InnoDB: Using mutexes to ref count buffer pool pages
2026-04-12 20:06:27 16452 [Note] InnoDB: The InnoDB memory heap is disabled
2026-04-12 20:06:27 16452 [Note] InnoDB: Mutexes and rw_locks use Windows interlocked functions
2026-04-12 20:06:27 16452 [Note] InnoDB: _mm_lfence() and _mm_sfence() are used for memory barrier
2026-04-12 20:06:27 16452 [Note] InnoDB: Compressed tables use zlib 1.2.3
2026-04-12 20:06:27 16452 [Note] InnoDB: Using generic crc32 instructions
2026-04-12 20:06:27 16452 [Note] InnoDB: Initializing buffer pool, size = 16.0M
2026-04-12 20:06:27 16452 [Note] InnoDB: Completed initialization of buffer pool
2026-04-12 20:06:27 16452 [Note] InnoDB: Highest supported file format is Barracuda.
2026-04-12 20:06:27 16452 [Note] InnoDB: The log sequence numbers 1835037 and 1835037 in ibdata files do not match the log sequence number 4325809 in the ib_logfiles!
2026-04-12 20:06:27 16452 [Note] InnoDB: Database was not shutdown normally!
2026-04-12 20:06:27 16452 [Note] InnoDB: Starting crash recovery.
2026-04-12 20:06:27 16452 [Note] InnoDB: Reading tablespace information from the .ibd files...
2026-04-12 20:06:27 16452 [Note] InnoDB: Restoring possible half-written data pages 
2026-04-12 20:06:27 16452 [Note] InnoDB: from the doublewrite buffer...
2026-04-12 20:06:27 16452 [Note] InnoDB: 128 rollback segment(s) are active.
2026-04-12 20:06:27 16452 [Note] InnoDB: Waiting for purge to start
2026-04-12 20:06:27 16452 [Note] InnoDB:  Percona XtraDB (http://www.percona.com) 5.6.34-79.1 started; log sequence number 4325809
2026-04-12 20:06:28 4052 [Note] InnoDB: Dumping buffer pool(s) not yet started
2026-04-12 20:06:28 16452 [Note] Plugin 'FEEDBACK' is disabled.
2026-04-12 20:06:28 16452 [Note] Server socket created on IP: '::'.
2026-04-12 20:06:28 16452 [Note] c:\xampp007\mysql\bin\mysqld.exe: ready for connections.
Version: '10.1.21-MariaDB'  socket: ''  port: 3306  mariadb.org binary distribution
2026-04-12 23:04:56 1a94 InnoDB: Warning: Using innodb_additional_mem_pool_size is DEPRECATED. This option may be removed in future releases, together with the option innodb_use_sys_malloc and with the InnoDB's internal memory allocator.
2026-04-12 23:04:56 6804 [Note] InnoDB: innodb_empty_free_list_algorithm has been changed to legacy because of small buffer pool size. In order to use backoff, increase buffer pool at least up to 20MB.

2026-04-12 23:04:56 6804 [Note] InnoDB: Using mutexes to ref count buffer pool pages
2026-04-12 23:04:56 6804 [Note] InnoDB: The InnoDB memory heap is disabled
2026-04-12 23:04:56 6804 [Note] InnoDB: Mutexes and rw_locks use Windows interlocked functions
2026-04-12 23:04:56 6804 [Note] InnoDB: _mm_lfence() and _mm_sfence() are used for memory barrier
2026-04-12 23:04:56 6804 [Note] InnoDB: Compressed tables use zlib 1.2.3
2026-04-12 23:04:56 6804 [Note] InnoDB: Using generic crc32 instructions
2026-04-12 23:04:56 6804 [Note] InnoDB: Initializing buffer pool, size = 16.0M
2026-04-12 23:04:56 6804 [Note] InnoDB: Completed initialization of buffer pool
2026-04-12 23:04:56 6804 [Note] InnoDB: Highest supported file format is Barracuda.
2026-04-12 23:04:56 6804 [Note] InnoDB: The log sequence numbers 1835037 and 1835037 in ibdata files do not match the log sequence number 4325819 in the ib_logfiles!
2026-04-12 23:04:56 6804 [Note] InnoDB: Database was not shutdown normally!
2026-04-12 23:04:56 6804 [Note] InnoDB: Starting crash recovery.
2026-04-12 23:04:56 6804 [Note] InnoDB: Reading tablespace information from the .ibd files...
2026-04-12 23:04:56 6804 [Note] InnoDB: Restoring possible half-written data pages 
2026-04-12 23:04:56 6804 [Note] InnoDB: from the doublewrite buffer...
2026-04-12 23:04:57 6804 [Note] InnoDB: 128 rollback segment(s) are active.
2026-04-12 23:04:57 6804 [Note] InnoDB: Waiting for purge to start
2026-04-12 23:04:57 6804 [Note] InnoDB:  Percona XtraDB (http://www.percona.com) 5.6.34-79.1 started; log sequence number 4325819
2026-04-12 23:04:57 13944 [Note] InnoDB: Dumping buffer pool(s) not yet started
2026-04-12 23:04:57 6804 [Note] Plugin 'FEEDBACK' is disabled.
2026-04-12 23:04:57 6804 [Note] Server socket created on IP: '::'.
2026-04-12 23:04:57 6804 [Note] c:\xampp007\mysql\bin\mysqld.exe: ready for connections.
Version: '10.1.21-MariaDB'  socket: ''  port: 3306  mariadb.org binary distribution
2026-04-13 22:08:21 3914 InnoDB: Warning: Using innodb_additional_mem_pool_size is DEPRECATED. This option may be removed in future releases, together with the option innodb_use_sys_malloc and with the InnoDB's internal memory allocator.
2026-04-13 22:08:21 14612 [Note] InnoDB: innodb_empty_free_list_algorithm has been changed to legacy because of small buffer pool size. In order to use backoff, increase buffer pool at least up to 20MB.

2026-04-13 22:08:21 14612 [Note] InnoDB: Using mutexes to ref count buffer pool pages
2026-04-13 22:08:21 14612 [Note] InnoDB: The InnoDB memory heap is disabled
2026-04-13 22:08:21 14612 [Note] InnoDB: Mutexes and rw_locks use Windows interlocked functions
2026-04-13 22:08:21 14612 [Note] InnoDB: _mm_lfence() and _mm_sfence() are used for memory barrier
2026-04-13 22:08:21 14612 [Note] InnoDB: Compressed tables use zlib 1.2.3
2026-04-13 22:08:21 14612 [Note] InnoDB: Using generic crc32 instructions
2026-04-13 22:08:21 14612 [Note] InnoDB: Initializing buffer pool, size = 16.0M
2026-04-13 22:08:21 14612 [Note] InnoDB: Completed initialization of buffer pool
2026-04-13 22:08:21 14612 [Note] InnoDB: Highest supported file format is Barracuda.
2026-04-13 22:08:21 14612 [Note] InnoDB: The log sequence numbers 1835037 and 1835037 in ibdata files do not match the log sequence number 4325829 in the ib_logfiles!
2026-04-13 22:08:21 14612 [Note] InnoDB: Database was not shutdown normally!
2026-04-13 22:08:21 14612 [Note] InnoDB: Starting crash recovery.
2026-04-13 22:08:21 14612 [Note] InnoDB: Reading tablespace information from the .ibd files...
2026-04-13 22:08:21 14612 [Note] InnoDB: Restoring possible half-written data pages 
2026-04-13 22:08:21 14612 [Note] InnoDB: from the doublewrite buffer...
2026-04-13 22:08:22 14612 [Note] InnoDB: 128 rollback segment(s) are active.
2026-04-13 22:08:22 14612 [Note] InnoDB: Waiting for purge to start
2026-04-13 22:08:22 14612 [Note] InnoDB:  Percona XtraDB (http://www.percona.com) 5.6.34-79.1 started; log sequence number 4325829
2026-04-13 22:08:22 9840 [Note] InnoDB: Dumping buffer pool(s) not yet started
2026-04-13 22:08:22 14612 [Note] Plugin 'FEEDBACK' is disabled.
2026-04-13 22:08:22 14612 [Note] Server socket created on IP: '::'.
2026-04-13 22:08:22 14612 [Note] c:\xampp007\mysql\bin\mysqld.exe: ready for connections.
Version: '10.1.21-MariaDB'  socket: ''  port: 3306  mariadb.org binary distribution
2026-04-20 12:46:21 2540 InnoDB: Warning: Using innodb_additional_mem_pool_size is DEPRECATED. This option may be removed in future releases, together with the option innodb_use_sys_malloc and with the InnoDB's internal memory allocator.
2026-04-20 12:46:21 9536 [Note] InnoDB: innodb_empty_free_list_algorithm has been changed to legacy because of small buffer pool size. In order to use backoff, increase buffer pool at least up to 20MB.

2026-04-20 12:46:21 9536 [Note] InnoDB: Using mutexes to ref count buffer pool pages
2026-04-20 12:46:21 9536 [Note] InnoDB: The InnoDB memory heap is disabled
2026-04-20 12:46:21 9536 [Note] InnoDB: Mutexes and rw_locks use Windows interlocked functions
2026-04-20 12:46:21 9536 [Note] InnoDB: _mm_lfence() and _mm_sfence() are used for memory barrier
2026-04-20 12:46:21 9536 [Note] InnoDB: Compressed tables use zlib 1.2.3
2026-04-20 12:46:21 9536 [Note] InnoDB: Using generic crc32 instructions
2026-04-20 12:46:21 9536 [Note] InnoDB: Initializing buffer pool, size = 16.0M
2026-04-20 12:46:21 9536 [Note] InnoDB: Completed initialization of buffer pool
2026-04-20 12:46:21 9536 [Note] InnoDB: Highest supported file format is Barracuda.
2026-04-20 12:46:21 9536 [Note] InnoDB: The log sequence numbers 1835037 and 1835037 in ibdata files do not match the log sequence number 4413034 in the ib_logfiles!
2026-04-20 12:46:21 9536 [Note] InnoDB: Database was not shutdown normally!
2026-04-20 12:46:21 9536 [Note] InnoDB: Starting crash recovery.
2026-04-20 12:46:21 9536 [Note] InnoDB: Reading tablespace information from the .ibd files...
2026-04-20 12:46:21 9536 [Note] InnoDB: Restoring possible half-written data pages 
2026-04-20 12:46:21 9536 [Note] InnoDB: from the doublewrite buffer...
2026-04-20 12:46:21 9536 [Note] InnoDB: 128 rollback segment(s) are active.
2026-04-20 12:46:21 9536 [Note] InnoDB: Waiting for purge to start
2026-04-20 12:46:21 9536 [Note] InnoDB:  Percona XtraDB (http://www.percona.com) 5.6.34-79.1 started; log sequence number 4413034
2026-04-20 12:46:21 3300 [Note] InnoDB: Dumping buffer pool(s) not yet started
2026-04-20 12:46:21 9536 [Note] Plugin 'FEEDBACK' is disabled.
2026-04-20 12:46:21 9536 [Note] Server socket created on IP: '::'.
2026-04-20 12:46:21 9536 [Note] c:\xampp007\mysql\bin\mysqld.exe: ready for connections.
Version: '10.1.21-MariaDB'  socket: ''  port: 3306  mariadb.org binary distribution
2026-04-20 13:53:17 8432 [Note] InnoDB: Online DDL : Start
2026-04-20 13:53:17 8432 [Note] InnoDB: Online DDL : Start reading clustered index of the table and create temporary files
2026-04-20 13:53:17 8432 [Note] InnoDB: Online DDL : End of reading clustered index of the table and create temporary files
2026-04-20 13:53:17 8432 [Note] InnoDB: Online DDL : Completed
2026-04-20 13:53:56 19356 [Note] InnoDB: Online DDL : Start
2026-04-20 13:53:56 19356 [Note] InnoDB: Online DDL : Start reading clustered index of the table and create temporary files
2026-04-20 13:53:56 19356 [Note] InnoDB: Online DDL : End of reading clustered index of the table and create temporary files
2026-04-20 13:53:56 19356 [Note] InnoDB: Online DDL : Completed
2026-04-20 13:55:51 19356 [Note] InnoDB: Online DDL : Start
2026-04-20 13:55:51 19356 [Note] InnoDB: Online DDL : Start reading clustered index of the table and create temporary files
2026-04-20 13:55:51 19356 [Note] InnoDB: Online DDL : End of reading clustered index of the table and create temporary files
2026-04-20 13:55:51 19356 [Note] InnoDB: Online DDL : Completed
2026-04-20 13:58:13 8432 [Note] InnoDB: Online DDL : Start
2026-04-20 13:58:13 8432 [Note] InnoDB: Online DDL : Start reading clustered index of the table and create temporary files
2026-04-20 13:58:13 8432 [Note] InnoDB: Online DDL : End of reading clustered index of the table and create temporary files
2026-04-20 13:58:13 8432 [Note] InnoDB: Online DDL : Completed
2026-04-20 14:00:32 8432 [Note] InnoDB: Online DDL : Start
2026-04-20 14:00:32 8432 [Note] InnoDB: Online DDL : Start reading clustered index of the table and create temporary files
2026-04-20 14:00:32 8432 [Note] InnoDB: Online DDL : End of reading clustered index of the table and create temporary files
2026-04-20 14:00:32 8432 [Note] InnoDB: Online DDL : Completed
2026-04-20 14:02:17 8432 [Note] InnoDB: Online DDL : Start
2026-04-20 14:02:17 8432 [Note] InnoDB: Online DDL : Start reading clustered index of the table and create temporary files
2026-04-20 14:02:17 8432 [Note] InnoDB: Online DDL : End of reading clustered index of the table and create temporary files
2026-04-20 14:02:17 8432 [Note] InnoDB: Online DDL : Completed
2026-04-20 14:02:17 8432 [Note] InnoDB: Online DDL : Start
2026-04-20 14:02:17 8432 [Note] InnoDB: Online DDL : Start reading clustered index of the table and create temporary files
2026-04-20 14:02:17 8432 [Note] InnoDB: Online DDL : End of reading clustered index of the table and create temporary files
2026-04-20 14:02:17 8432 [Note] InnoDB: Online DDL : Completed
2026-04-20 14:08:57 8432 [Note] InnoDB: Online DDL : Start
2026-04-20 14:08:57 8432 [Note] InnoDB: Online DDL : Start reading clustered index of the table and create temporary files
2026-04-20 14:08:57 8432 [Note] InnoDB: Online DDL : End of reading clustered index of the table and create temporary files
2026-04-20 14:08:57 8432 [Note] InnoDB: Online DDL : Completed
2026-04-20 14:47:13 41a0 InnoDB: Warning: Using innodb_additional_mem_pool_size is DEPRECATED. This option may be removed in future releases, together with the option innodb_use_sys_malloc and with the InnoDB's internal memory allocator.
2026-04-20 14:47:13 16800 [Note] InnoDB: innodb_empty_free_list_algorithm has been changed to legacy because of small buffer pool size. In order to use backoff, increase buffer pool at least up to 20MB.

2026-04-20 14:47:13 16800 [Note] InnoDB: Using mutexes to ref count buffer pool pages
2026-04-20 14:47:13 16800 [Note] InnoDB: The InnoDB memory heap is disabled
2026-04-20 14:47:13 16800 [Note] InnoDB: Mutexes and rw_locks use Windows interlocked functions
2026-04-20 14:47:13 16800 [Note] InnoDB: _mm_lfence() and _mm_sfence() are used for memory barrier
2026-04-20 14:47:13 16800 [Note] InnoDB: Compressed tables use zlib 1.2.3
2026-04-20 14:47:13 16800 [Note] InnoDB: Using generic crc32 instructions
2026-04-20 14:47:13 16800 [Note] InnoDB: Initializing buffer pool, size = 16.0M
2026-04-20 14:47:13 16800 [Note] InnoDB: Completed initialization of buffer pool
2026-04-20 14:47:13 16800 [Note] InnoDB: Highest supported file format is Barracuda.
2026-04-20 14:47:13 16800 [Note] InnoDB: The log sequence numbers 1835037 and 1835037 in ibdata files do not match the log sequence number 4546551 in the ib_logfiles!
2026-04-20 14:47:13 16800 [Note] InnoDB: Database was not shutdown normally!
2026-04-20 14:47:13 16800 [Note] InnoDB: Starting crash recovery.
2026-04-20 14:47:13 16800 [Note] InnoDB: Reading tablespace information from the .ibd files...
2026-04-20 14:47:13 16800 [Note] InnoDB: Restoring possible half-written data pages 
2026-04-20 14:47:13 16800 [Note] InnoDB: from the doublewrite buffer...
2026-04-20 14:47:13 16800 [Note] InnoDB: 128 rollback segment(s) are active.
2026-04-20 14:47:13 16800 [Note] InnoDB: Waiting for purge to start
2026-04-20 14:47:13 16800 [Note] InnoDB:  Percona XtraDB (http://www.percona.com) 5.6.34-79.1 started; log sequence number 4546551
2026-04-20 14:47:13 18792 [Note] InnoDB: Dumping buffer pool(s) not yet started
2026-04-20 14:47:13 16800 [Note] Plugin 'FEEDBACK' is disabled.
2026-04-20 14:47:13 16800 [Note] Server socket created on IP: '::'.
2026-04-20 14:47:13 16800 [Note] c:\xampp007\mysql\bin\mysqld.exe: ready for connections.
Version: '10.1.21-MariaDB'  socket: ''  port: 3306  mariadb.org binary distribution
2026-04-22 10:05:43 4164 InnoDB: Warning: Using innodb_additional_mem_pool_size is DEPRECATED. This option may be removed in future releases, together with the option innodb_use_sys_malloc and with the InnoDB's internal memory allocator.
2026-04-22 10:05:43 16740 [Note] InnoDB: innodb_empty_free_list_algorithm has been changed to legacy because of small buffer pool size. In order to use backoff, increase buffer pool at least up to 20MB.

2026-04-22 10:05:43 16740 [Note] InnoDB: Using mutexes to ref count buffer pool pages
2026-04-22 10:05:43 16740 [Note] InnoDB: The InnoDB memory heap is disabled
2026-04-22 10:05:43 16740 [Note] InnoDB: Mutexes and rw_locks use Windows interlocked functions
2026-04-22 10:05:43 16740 [Note] InnoDB: _mm_lfence() and _mm_sfence() are used for memory barrier
2026-04-22 10:05:43 16740 [Note] InnoDB: Compressed tables use zlib 1.2.3
2026-04-22 10:05:43 16740 [Note] InnoDB: Using generic crc32 instructions
2026-04-22 10:05:43 16740 [Note] InnoDB: Initializing buffer pool, size = 16.0M
2026-04-22 10:05:43 16740 [Note] InnoDB: Completed initialization of buffer pool
2026-04-22 10:05:43 16740 [Note] InnoDB: Highest supported file format is Barracuda.
2026-04-22 10:05:43 16740 [Note] InnoDB: The log sequence numbers 1835037 and 1835037 in ibdata files do not match the log sequence number 4546577 in the ib_logfiles!
2026-04-22 10:05:43 16740 [Note] InnoDB: Database was not shutdown normally!
2026-04-22 10:05:43 16740 [Note] InnoDB: Starting crash recovery.
2026-04-22 10:05:43 16740 [Note] InnoDB: Reading tablespace information from the .ibd files...
2026-04-22 10:05:43 16740 [Note] InnoDB: Restoring possible half-written data pages 
2026-04-22 10:05:43 16740 [Note] InnoDB: from the doublewrite buffer...
2026-04-22 10:05:43 16740 [Note] InnoDB: 128 rollback segment(s) are active.
2026-04-22 10:05:43 16740 [Note] InnoDB: Waiting for purge to start
2026-04-22 10:05:43 16740 [Note] InnoDB:  Percona XtraDB (http://www.percona.com) 5.6.34-79.1 started; log sequence number 4546577
2026-04-22 10:05:43 16872 [Note] InnoDB: Dumping buffer pool(s) not yet started
2026-04-22 10:05:43 16740 [Note] Plugin 'FEEDBACK' is disabled.
2026-04-22 10:05:43 16740 [Note] Server socket created on IP: '::'.
2026-04-22 10:05:43 16740 [Note] c:\xampp007\mysql\bin\mysqld.exe: ready for connections.
Version: '10.1.21-MariaDB'  socket: ''  port: 3306  mariadb.org binary distribution
2026-04-27 12:13:57 1fec InnoDB: Warning: Using innodb_additional_mem_pool_size is DEPRECATED. This option may be removed in future releases, together with the option innodb_use_sys_malloc and with the InnoDB's internal memory allocator.
2026-04-27 12:13:57 8172 [Note] InnoDB: innodb_empty_free_list_algorithm has been changed to legacy because of small buffer pool size. In order to use backoff, increase buffer pool at least up to 20MB.

2026-04-27 12:13:57 8172 [Note] InnoDB: Using mutexes to ref count buffer pool pages
2026-04-27 12:13:57 8172 [Note] InnoDB: The InnoDB memory heap is disabled
2026-04-27 12:13:57 8172 [Note] InnoDB: Mutexes and rw_locks use Windows interlocked functions
2026-04-27 12:13:57 8172 [Note] InnoDB: _mm_lfence() and _mm_sfence() are used for memory barrier
2026-04-27 12:13:57 8172 [Note] InnoDB: Compressed tables use zlib 1.2.3
2026-04-27 12:13:57 8172 [Note] InnoDB: Using generic crc32 instructions
2026-04-27 12:13:57 8172 [Note] InnoDB: Initializing buffer pool, size = 16.0M
2026-04-27 12:13:57 8172 [Note] InnoDB: Completed initialization of buffer pool
2026-04-27 12:13:57 8172 [Note] InnoDB: Highest supported file format is Barracuda.
2026-04-27 12:13:57 8172 [Note] InnoDB: The log sequence numbers 1835037 and 1835037 in ibdata files do not match the log sequence number 4635177 in the ib_logfiles!
2026-04-27 12:13:57 8172 [Note] InnoDB: Database was not shutdown normally!
2026-04-27 12:13:57 8172 [Note] InnoDB: Starting crash recovery.
2026-04-27 12:13:57 8172 [Note] InnoDB: Reading tablespace information from the .ibd files...
2026-04-27 12:13:57 8172 [Note] InnoDB: Restoring possible half-written data pages 
2026-04-27 12:13:57 8172 [Note] InnoDB: from the doublewrite buffer...
2026-04-27 12:13:57 8172 [Note] InnoDB: 128 rollback segment(s) are active.
2026-04-27 12:13:57 8172 [Note] InnoDB: Waiting for purge to start
2026-04-27 12:13:57 8172 [Note] InnoDB:  Percona XtraDB (http://www.percona.com) 5.6.34-79.1 started; log sequence number 4635177
2026-04-27 12:13:57 600 [Note] InnoDB: Dumping buffer pool(s) not yet started
2026-04-27 12:13:57 8172 [Note] Plugin 'FEEDBACK' is disabled.
2026-04-27 12:13:57 8172 [Note] Server socket created on IP: '::'.
2026-04-27 12:13:57 8172 [Note] c:\xampp007\mysql\bin\mysqld.exe: ready for connections.
Version: '10.1.21-MariaDB'  socket: ''  port: 3306  mariadb.org binary distribution
2026-04-29 12:21:13 2b04 InnoDB: Warning: Using innodb_additional_mem_pool_size is DEPRECATED. This option may be removed in future releases, together with the option innodb_use_sys_malloc and with the InnoDB's internal memory allocator.
2026-04-29 12:21:13 11012 [Note] InnoDB: innodb_empty_free_list_algorithm has been changed to legacy because of small buffer pool size. In order to use backoff, increase buffer pool at least up to 20MB.

2026-04-29 12:21:13 11012 [Note] InnoDB: Using mutexes to ref count buffer pool pages
2026-04-29 12:21:13 11012 [Note] InnoDB: The InnoDB memory heap is disabled
2026-04-29 12:21:13 11012 [Note] InnoDB: Mutexes and rw_locks use Windows interlocked functions
2026-04-29 12:21:13 11012 [Note] InnoDB: _mm_lfence() and _mm_sfence() are used for memory barrier
2026-04-29 12:21:13 11012 [Note] InnoDB: Compressed tables use zlib 1.2.3
2026-04-29 12:21:13 11012 [Note] InnoDB: Using generic crc32 instructions
2026-04-29 12:21:13 11012 [Note] InnoDB: Initializing buffer pool, size = 16.0M
2026-04-29 12:21:13 11012 [Note] InnoDB: Completed initialization of buffer pool
2026-04-29 12:21:13 11012 [Note] InnoDB: Highest supported file format is Barracuda.
2026-04-29 12:21:13 11012 [Note] InnoDB: The log sequence numbers 1835037 and 1835037 in ibdata files do not match the log sequence number 4669330 in the ib_logfiles!
2026-04-29 12:21:13 11012 [Note] InnoDB: Database was not shutdown normally!
2026-04-29 12:21:13 11012 [Note] InnoDB: Starting crash recovery.
2026-04-29 12:21:13 11012 [Note] InnoDB: Reading tablespace information from the .ibd files...
2026-04-29 12:21:13 11012 [Note] InnoDB: Restoring possible half-written data pages 
2026-04-29 12:21:13 11012 [Note] InnoDB: from the doublewrite buffer...
2026-04-29 12:21:13 11012 [Note] InnoDB: 128 rollback segment(s) are active.
2026-04-29 12:21:13 11012 [Note] InnoDB: Waiting for purge to start
2026-04-29 12:21:14 11012 [Note] InnoDB:  Percona XtraDB (http://www.percona.com) 5.6.34-79.1 started; log sequence number 4669330
2026-04-29 12:21:14 10672 [Note] InnoDB: Dumping buffer pool(s) not yet started
2026-04-29 12:21:14 11012 [Note] Plugin 'FEEDBACK' is disabled.
2026-04-29 12:21:14 11012 [Note] Server socket created on IP: '::'.
2026-04-29 12:21:14 11012 [Note] c:\xampp007\mysql\bin\mysqld.exe: ready for connections.
Version: '10.1.21-MariaDB'  socket: ''  port: 3306  mariadb.org binary distribution
2026-04-29 12:35:09 11544 [Note] InnoDB: Online DDL : Start
2026-04-29 12:35:09 11544 [Note] InnoDB: Online DDL : Start reading clustered index of the table and create temporary files
2026-04-29 12:35:09 11544 [Note] InnoDB: Online DDL : End of reading clustered index of the table and create temporary files
2026-04-29 12:35:09 11544 [Note] InnoDB: Online DDL : Start applying row log
2026-04-29 12:35:09 11544 [Note] InnoDB: Online DDL : End of applying row log
2026-04-29 12:35:09 11544 [Note] InnoDB: Online DDL : Completed
220260-2064--0340- 3101 :1414::4243: 231 425dc54 I nInnonDoBD:B :W arWning:a rUnsiinngg innodb_additional_me:m_pool_size is DEPR ECUAsTiEnDg.  iTnhniosd bo_addpittiioonna lm_amye mb_ep oolr_esmiozve eids  iDnE PfRuEtCuArTeE Dr.e lTehaisse so,p ttioogne tmhaeyr  bwei trhe mtohvee do pitni ofnu tiunrneo drbe_luese_syass_emsa,l ltoocg eatnhde rw iwth itthhe  tIhnen ooDpBt'iso ni nitnenrondabl_ umseem_osryys a_lmlaolclaotco ra.n
d w2i0t2h6 -t0h4e- 3I0n n1o1D:B4'4s: 2i3n te5r2n1a2l  [mNeomtoer]y  IanlnlooDcBa:t oirn.n
odb2_0e2m6p-t0y4_-f3r0e e1_1l:i4s4t:_2a3l g1o1r6i0t4h m[ Nhoast eb]e eInn ncohDaBn:g eidn ntood bl_eegmaptyc_yf rbeeec_aluisset _oafl gsomrailtlh mb uhfafse rb epeono lc hsainzgee.d  Itno  olredgearc yt ob eucsea ubsaec kooff fs,m ailnlcreas eb ubfuffefre rp opoolo ls iazte .l eIna sot rudpe rt ot o2 0uMsBe. 
b
ackoff, increase buffer pool at least up to 20MB.

22002266-0-40-43-300  1111::4444::2233  151261024  [[NNoottee]]  IInnnnooDDBB: U:s iUnsgi nmgu tmeuxteesx etso  troe rfe fc coouunntt  bbuuffffeerr  ppooooll  ppaaggeess

2026-04-30 11:44:23 12160042 6[-N0o4t-e3]0  I1n1n:o4DB4:: 2T3h e52 12I n[nNooDtBe ]m eImnonroyDB :h eTahpe  is IdninsoaDbBl emde
mory heap is disabled
2026-04-30 11:44:23 5212 [Note] InnoDB: Mutexes and rw_locks use Win2d0o2ws6 -i0n4t-e3r0l o1c1k:e4d4 :f2u3n c1t1i6o0n4s 
[Note] InnoDB: Mutexes and rw_locks use Windows interlocked functions
2026-04-30 11:44:23 5212 [Note] InnoDB: _mm_lfence() and _mm_sfence() are used for memory barrier
2026-04-30 11:44:23 11604 [Note] InnoDB: _mm_lfence() and _mm_sfence() a2r0e2 6u-s0e4d- 3f0o r11 :m4e4m:o2r3y  52b1a2r ri[eNro
te] InnoDB: Compressed tables use zlib 1.2.3
2026-04-30 11:44:23 11604 [Note] InnoDB: Compressed tables use zlib 1.2.3
2026-04-30 11:44:23 5212 [Note] InnoDB: Using generic crc32 ins2t0r2u6c-t0i4o-n3s0
 11:44:23 11604 [Note] InnoDB: Using generic crc32 instructions
2026-04-30 11:44:23 5212 [Note] InnoDB: Initializing buffer pool, size = 16.0M
2026-04-30 11:44:23 11604 [Note] InnoDB: Initializing buffer pool, size = 16.0M
2026-04-30 11:44:23 5212 [Note] InnoDB: Completed initialization of buffer pool
2026-04-30 11:44:23 11604 [Note] InnoDB: Completed initialization of buffer pool
2026-04-30 11:44:23 5212 [ERROR] InnoDB: C:\xampp007\mysql\data\ibdata1 can't be opened in read-write mode
2026-04-30 11:44:23 5212 [ERROR] InnoDB: The system tablespace must be writable!
2026-04-30 11:44:23 5212 [ERROR] Plugin 'InnoDB' init function returned error.
2026-04-30 11:44:23 5212 [ERROR] Plugin 'InnoDB' registration as a STORAGE ENGINE failed.
2026-04-30 11:44:23 5212 [Note] Plugin 'FEEDBACK' is disabled.
2026-04-30 11:44:23 5212 [ERROR] Unknown/unsupported storage engine: InnoDB
2026-04-30 11:44:23 5212 [ERROR] Aborting

2026-04-30 11:44:23 11604 [Note] InnoDB: Highest supported file format is Barracuda.
2026-04-30 11:44:23 11604 [Note] InnoDB: The log sequence numbers 1835037 and 1835037 in ibdata files do not match the log sequence number 4709798 in the ib_logfiles!
2026-04-30 11:44:23 11604 [Note] InnoDB: Database was not shutdown normally!
2026-04-30 11:44:23 11604 [Note] InnoDB: Starting crash recovery.
2026-04-30 11:44:23 11604 [Note] InnoDB: Reading tablespace information from the .ibd files...
2026-04-30 11:44:23 11604 [Note] InnoDB: Restoring possible half-written data pages 
2026-04-30 11:44:23 11604 [Note] InnoDB: from the doublewrite buffer...
2026-04-30 11:44:23 11604 [Note] InnoDB: 128 rollback segment(s) are active.
2026-04-30 11:44:23 11604 [Note] InnoDB: Waiting for purge to start
2026-04-30 11:44:24 11604 [Note] InnoDB:  Percona XtraDB (http://www.percona.com) 5.6.34-79.1 started; log sequence number 4709798
2026-04-30 11:44:24 11932 [Note] InnoDB: Dumping buffer pool(s) not yet started
2026-04-30 11:44:24 11604 [Note] Plugin 'FEEDBACK' is disabled.
2026-04-30 11:44:24 11604 [Note] Server socket created on IP: '::'.
2026-04-30 11:44:24 11604 [Note] c:\xampp007\mysql\bin\mysqld.exe: ready for connections.
Version: '10.1.21-MariaDB'  socket: ''  port: 3306  mariadb.org binary distribution
2026-04-30 17:28:11 3668 InnoDB: Warning: Using innodb_additional_mem_pool_size is DEPRECATED. This option may be removed in future releases, together with the option innodb_use_sys_malloc and with the InnoDB's internal memory allocator.
2026-04-30 17:28:11 13928 [Note] InnoDB: innodb_empty_free_list_algorithm has been changed to legacy because of small buffer pool size. In order to use backoff, increase buffer pool at least up to 20MB.

2026-04-30 17:28:11 13928 [Note] InnoDB: Using mutexes to ref count buffer pool pages
2026-04-30 17:28:11 13928 [Note] InnoDB: The InnoDB memory heap is disabled
2026-04-30 17:28:11 13928 [Note] InnoDB: Mutexes and rw_locks use Windows interlocked functions
2026-04-30 17:28:11 13928 [Note] InnoDB: _mm_lfence() and _mm_sfence() are used for memory barrier
2026-04-30 17:28:11 13928 [Note] InnoDB: Compressed tables use zlib 1.2.3
2026-04-30 17:28:11 13928 [Note] InnoDB: Using generic crc32 instructions
2026-04-30 17:28:11 13928 [Note] InnoDB: Initializing buffer pool, size = 16.0M
2026-04-30 17:28:11 13928 [Note] InnoDB: Completed initialization of buffer pool
2026-04-30 17:28:11 13928 [Note] InnoDB: Highest supported file format is Barracuda.
2026-04-30 17:28:11 13928 [Note] InnoDB: The log sequence numbers 1835037 and 1835037 in ibdata files do not match the log sequence number 4709808 in the ib_logfiles!
2026-04-30 17:28:11 13928 [Note] InnoDB: Database was not shutdown normally!
2026-04-30 17:28:11 13928 [Note] InnoDB: Starting crash recovery.
2026-04-30 17:28:11 13928 [Note] InnoDB: Reading tablespace information from the .ibd files...
2026-04-30 17:28:11 13928 [Note] InnoDB: Restoring possible half-written data pages 
2026-04-30 17:28:11 13928 [Note] InnoDB: from the doublewrite buffer...
2026-04-30 17:28:11 13928 [Note] InnoDB: 128 rollback segment(s) are active.
2026-04-30 17:28:11 13928 [Note] InnoDB: Waiting for purge to start
2026-04-30 17:28:12 13928 [Note] InnoDB:  Percona XtraDB (http://www.percona.com) 5.6.34-79.1 started; log sequence number 4709808
2026-04-30 17:28:12 11140 [Note] InnoDB: Dumping buffer pool(s) not yet started
2026-04-30 17:28:12 13928 [Note] Plugin 'FEEDBACK' is disabled.
2026-04-30 17:28:12 13928 [Note] Server socket created on IP: '::'.
2026-04-30 17:28:12 13928 [Note] c:\xampp007\mysql\bin\mysqld.exe: ready for connections.
Version: '10.1.21-MariaDB'  socket: ''  port: 3306  mariadb.org binary distribution
2026-05-01 13:24:42 1ac8 InnoDB: Warning: Using innodb_additional_mem_pool_size is DEPRECATED. This option may be removed in future releases, together with the option innodb_use_sys_malloc and with the InnoDB's internal memory allocator.
2026-05-01 13:24:42 6856 [Note] InnoDB: innodb_empty_free_list_algorithm has been changed to legacy because of small buffer pool size. In order to use backoff, increase buffer pool at least up to 20MB.

2026-05-01 13:24:42 5254 InnoDB: Warning: Using innodb_additional_mem_pool_size is DEPRECATED. Th2i0s2 6o-p0t5-i0o1n  ma1y3 :b2e4 r:em4o2v e6d8 5i6n  [fNuottuer]e  IrnenloeDaBs:e sU,s itnogg emtuhteerx ewsi ttho  trheef  ocpotuinotn  biunfnfoedrb _puosoel_ spyasg_emsa
lloc and with the InnoDB's internal memory allocator.
2026-05-01 13:24:42 21076 [Note] InnoDB: innodb_empty_free_list_algorithm has been changed t2o0 2l6e-g0a5c-y0 1b e1c3a:u2s4e: 4o2f  6s8m5a6l l[ Nboutfef]e rI npnoooDlB :s iTzhee.  IInnn ooDrBd emre mtoor yu shee abpa cikso fdfi,s aibnlcerde
ase buffer pool at least up to 20MB.

2026-05-01 13:24:42 6856 [Note] InnoDB: Mutexes and rw_locks use Windows interlocked functions
2026-05-01 13:24:42 6856 [Note] InnoDB: _mm_lfence() and _mm_sfence() are used for memory barrier
2026-05-01 13:24:42 6856 [Note] InnoDB: Compressed tables use zlib 1.2.3
2026-05-01 13:24:42 6856 [Note] InnoDB: Using generic crc32 instructions
2026-05-01 13:24:42 6856 [Note] InnoDB: Initializing buffer pool, size = 16.0M
2026-05-01 13:24:42 6856 [Note] InnoDB: Completed initialization of buffer pool
2026-05-01 13:24:42 6856 [Note] InnoDB: Highest supported file format is Barracuda.
2026-05-01 13:24:42 6856 [Note] InnoDB: The log sequence numbers 1835037 and 1835037 in ibdata files do not match the log sequence number 4709818 in the ib_logfiles!
2026-05-01 13:24:42 6856 [Note] InnoDB: Database was not shutdown normally!
2026-05-01 13:24:42 6856 [Note] InnoDB: Starting crash recovery.
2026-05-01 13:24:42 6856 [Note] InnoDB: Reading tablespace information from the .ibd files...
2026-05-01 13:24:42 21076 [Note] InnoDB: Using mutexes to ref count buffer pool pages
2026-05-01 13:24:42 21076 [Note] InnoDB: The InnoDB memory heap is disabled
2026-05-01 13:24:42 21076 [Note] InnoDB: Mutexes and rw_locks use Windows interlocked functions
2026-05-01 13:24:42 21076 [Note] InnoDB: _mm_lfence() and _mm_sfence() are used for memory barrier
2026-05-01 13:24:42 21076 [Note] InnoDB: Compressed tables use zlib 1.2.3
2026-05-01 13:24:42 21076 [Note] InnoDB: Using generic crc32 instructions
2026-05-01 13:24:42 6856 [Note] InnoDB: Restoring possible half-written data pages 
2026-05-01 13:24:42 6856 [Note] InnoDB: from the doublewrite buffer...
2026-05-01 13:24:42 21076 [Note] InnoDB: Initializing buffer pool, size = 16.0M
2026-05-01 13:24:42 21076 [Note] InnoDB: Completed initialization of buffer pool
2026-05-01 13:24:42 21076 [ERROR] InnoDB: C:\xampp007\mysql\data\ibdata1 can't be opened in read-write mode
2026-05-01 13:24:42 21076 [ERROR] InnoDB: The system tablespace must be writable!
2026-05-01 13:24:42 21076 [ERROR] Plugin 'InnoDB' init function returned error.
2026-05-01 13:24:42 21076 [ERROR] Plugin 'InnoDB' registration as a STORAGE ENGINE failed.
2026-05-01 13:24:42 21076 [Note] Plugin 'FEEDBACK' is disabled.
2026-05-01 13:24:42 21076 [ERROR] Unknown/unsupported storage engine: InnoDB
2026-05-01 13:24:42 21076 [ERROR] Aborting

2026-05-01 13:24:43 6856 [Note] InnoDB: 128 rollback segment(s) are active.
2026-05-01 13:24:43 6856 [Note] InnoDB: Waiting for purge to start
2026-05-01 13:24:43 6856 [Note] InnoDB:  Percona XtraDB (http://www.percona.com) 5.6.34-79.1 started; log sequence number 4709818
2026-05-01 13:24:43 17756 [Note] InnoDB: Dumping buffer pool(s) not yet started
2026-05-01 13:24:43 6856 [Note] Plugin 'FEEDBACK' is disabled.
2026-05-01 13:24:43 6856 [Note] Server socket created on IP: '::'.
2026-05-01 13:24:43 6856 [Note] c:\xampp007\mysql\bin\mysqld.exe: ready for connections.
Version: '10.1.21-MariaDB'  socket: ''  port: 3306  mariadb.org binary distribution
2026-05-01 19:48:59 3348 InnoDB: Warning: Using innodb_additional_mem_pool_size is DEPRECATED. This option may be removed in future releases, together with the option innodb_use_sys_malloc and with the InnoDB's internal memory allocator.
2026-05-01 19:48:59 13128 [Note] InnoDB: innodb_empty_free_list_algorithm has been changed to legacy because of small buffer pool size. In order to use backoff, increase buffer pool at least up to 20MB.

2026-05-01 19:48:59 13128 [Note] InnoDB: Using mutexes to ref count buffer pool pages
2026-05-01 19:48:59 13128 [Note] InnoDB: The InnoDB memory heap is disabled
2026-05-01 19:48:59 13128 [Note] InnoDB: Mutexes and rw_locks use Windows interlocked functions
2026-05-01 19:48:59 13128 [Note] InnoDB: _mm_lfence() and _mm_sfence() are used for memory barrier
2026-05-01 19:48:59 13128 [Note] InnoDB: Compressed tables use zlib 1.2.3
2026-05-01 19:48:59 13128 [Note] InnoDB: Using generic crc32 instructions
2026-05-01 19:48:59 13128 [Note] InnoDB: Initializing buffer pool, size = 16.0M
2026-05-01 19:48:59 13128 [Note] InnoDB: Completed initialization of buffer pool
2026-05-01 19:48:59 13128 [Note] InnoDB: Highest supported file format is Barracuda.
2026-05-01 19:48:59 13128 [Note] InnoDB: The log sequence numbers 1835037 and 1835037 in ibdata files do not match the log sequence number 4709828 in the ib_logfiles!
2026-05-01 19:48:59 13128 [Note] InnoDB: Database was not shutdown normally!
2026-05-01 19:48:59 13128 [Note] InnoDB: Starting crash recovery.
2026-05-01 19:48:59 13128 [Note] InnoDB: Reading tablespace information from the .ibd files...
2026-05-01 19:48:59 13128 [Note] InnoDB: Restoring possible half-written data pages 
2026-05-01 19:48:59 13128 [Note] InnoDB: from the doublewrite buffer...
2026-05-01 19:48:59 13128 [Note] InnoDB: 128 rollback segment(s) are active.
2026-05-01 19:48:59 13128 [Note] InnoDB: Waiting for purge to start
2026-05-01 19:48:59 13128 [Note] InnoDB:  Percona XtraDB (http://www.percona.com) 5.6.34-79.1 started; log sequence number 4709828
2026-05-01 19:48:59 17320 [Note] InnoDB: Dumping buffer pool(s) not yet started
2026-05-01 19:48:59 13128 [Note] Plugin 'FEEDBACK' is disabled.
2026-05-01 19:48:59 13128 [Note] Server socket created on IP: '::'.
2026-05-01 19:48:59 13128 [Note] c:\xampp007\mysql\bin\mysqld.exe: ready for connections.
Version: '10.1.21-MariaDB'  socket: ''  port: 3306  mariadb.org binary distribution
2026-05-04 08:34:23 2b10 InnoDB: Warning: Using innodb_additional_mem_pool_size is DEPRECATED. This option may be removed in future releases, together with the option innodb_use_sys_malloc and with the InnoDB's internal memory allocator.
2026-05-04  8:34:23 11024 [Note] InnoDB: innodb_empty_free_list_algorithm has been changed to legacy because of small buffer pool size. In order to use backoff, increase buffer pool at least up to 20MB.

2026-05-04  8:34:23 11024 [Note] InnoDB: Using mutexes to ref count buffer pool pages
2026-05-04  8:34:23 11024 [Note] InnoDB: The InnoDB memory heap is disabled
2026-05-04  8:34:23 11024 [Note] InnoDB: Mutexes and rw_locks use Windows interlocked functions
2026-05-04  8:34:23 11024 [Note] InnoDB: _mm_lfence() and _mm_sfence() are used for memory barrier
2026-05-04  8:34:23 11024 [Note] InnoDB: Compressed tables use zlib 1.2.3
2026-05-04  8:34:23 11024 [Note] InnoDB: Using generic crc32 instructions
2026-05-04  8:34:23 11024 [Note] InnoDB: Initializing buffer pool, size = 16.0M
2026-05-04  8:34:23 11024 [Note] InnoDB: Completed initialization of buffer pool
2026-05-04  8:34:23 11024 [Note] InnoDB: Highest supported file format is Barracuda.
2026-05-04  8:34:23 11024 [Note] InnoDB: The log sequence numbers 1835037 and 1835037 in ibdata files do not match the log sequence number 4709838 in the ib_logfiles!
2026-05-04  8:34:23 11024 [Note] InnoDB: Database was not shutdown normally!
2026-05-04  8:34:23 11024 [Note] InnoDB: Starting crash recovery.
2026-05-04  8:34:23 11024 [Note] InnoDB: Reading tablespace information from the .ibd files...
2026-05-04  8:34:23 11024 [Note] InnoDB: Restoring possible half-written data pages 
2026-05-04  8:34:23 11024 [Note] InnoDB: from the doublewrite buffer...
2026-05-04  8:34:24 11024 [Note] InnoDB: 128 rollback segment(s) are active.
2026-05-04  8:34:24 11024 [Note] InnoDB: Waiting for purge to start
2026-05-04  8:34:24 11024 [Note] InnoDB:  Percona XtraDB (http://www.percona.com) 5.6.34-79.1 started; log sequence number 4709838
2026-05-04  8:34:24 16560 [Note] InnoDB: Dumping buffer pool(s) not yet started
2026-05-04  8:34:24 11024 [Note] Plugin 'FEEDBACK' is disabled.
2026-05-04  8:34:24 11024 [Note] Server socket created on IP: '::'.
2026-05-04  8:34:24 11024 [Note] c:\xampp007\mysql\bin\mysqld.exe: ready for connections.
Version: '10.1.21-MariaDB'  socket: ''  port: 3306  mariadb.org binary distribution
2026-05-04 09:47:21 1e98 InnoDB: Warning: Using innodb_additional_mem_pool_size is DEPRECATED. This option may be removed in future releases, together with the option innodb_use_sys_malloc and with the InnoDB's internal memory allocator.
2026-05-04  9:47:21 7832 [Note] InnoDB: innodb_empty_free_list_algorithm has been changed to legacy because of small buffer pool size. In order to use backoff, increase buffer pool at least up to 20MB.

2026-05-04  9:47:21 7832 [Note] InnoDB: Using mutexes to ref count buffer pool pages
2026-05-04  9:47:21 7832 [Note] InnoDB: The InnoDB memory heap is disabled
2026-05-04  9:47:21 7832 [Note] InnoDB: Mutexes and rw_locks use Windows interlocked functions
2026-05-04  9:47:21 7832 [Note] InnoDB: _mm_lfence() and _mm_sfence() are used for memory barrier
2026-05-04  9:47:21 7832 [Note] InnoDB: Compressed tables use zlib 1.2.3
2026-05-04  9:47:21 7832 [Note] InnoDB: Using generic crc32 instructions
2026-05-04  9:47:21 7832 [Note] InnoDB: Initializing buffer pool, size = 16.0M
2026-05-04  9:47:21 7832 [Note] InnoDB: Completed initialization of buffer pool
2026-05-04  9:47:21 7832 [Note] InnoDB: Highest supported file format is Barracuda.
2026-05-04  9:47:21 7832 [Note] InnoDB: The log sequence numbers 1835037 and 1835037 in ibdata files do not match the log sequence number 4709848 in the ib_logfiles!
2026-05-04  9:47:21 7832 [Note] InnoDB: Database was not shutdown normally!
2026-05-04  9:47:21 7832 [Note] InnoDB: Starting crash recovery.
2026-05-04  9:47:21 7832 [Note] InnoDB: Reading tablespace information from the .ibd files...
2026-05-04  9:47:21 7832 [Note] InnoDB: Restoring possible half-written data pages 
2026-05-04  9:47:21 7832 [Note] InnoDB: from the doublewrite buffer...
2026-05-04  9:47:21 7832 [Note] InnoDB: 128 rollback segment(s) are active.
2026-05-04  9:47:21 7832 [Note] InnoDB: Waiting for purge to start
2026-05-04  9:47:21 7832 [Note] InnoDB:  Percona XtraDB (http://www.percona.com) 5.6.34-79.1 started; log sequence number 4709848
2026-05-04  9:47:21 16604 [Note] InnoDB: Dumping buffer pool(s) not yet started
2026-05-04  9:47:21 7832 [Note] Plugin 'FEEDBACK' is disabled.
2026-05-04  9:47:21 7832 [Note] Server socket created on IP: '::'.
2026-05-04  9:47:21 7832 [Note] c:\xampp007\mysql\bin\mysqld.exe: ready for connections.
Version: '10.1.21-MariaDB'  socket: ''  port: 3306  mariadb.org binary distribution
2026-05-04 12:39:03 4d74 InnoDB: Warning: Using innodb_additional_mem_pool_size is DEPRECATED. This option may be removed in future releases, together with the option innodb_use_sys_malloc and with the InnoDB's internal memory allocator.
2026-05-04 12:39:03 19828 [Note] InnoDB: innodb_empty_free_list_algorithm has been changed to legacy because of small buffer pool size. In order to use backoff, increase buffer pool at least up to 20MB.

2026-05-04 12:39:03 19828 [Note] InnoDB: Using mutexes to ref count buffer pool pages
2026-05-04 12:39:03 19828 [Note] InnoDB: The InnoDB memory heap is disabled
2026-05-04 12:39:03 19828 [Note] InnoDB: Mutexes and rw_locks use Windows interlocked functions
2026-05-04 12:39:03 19828 [Note] InnoDB: _mm_lfence() and _mm_sfence() are used for memory barrier
2026-05-04 12:39:03 19828 [Note] InnoDB: Compressed tables use zlib 1.2.3
2026-05-04 12:39:03 19828 [Note] InnoDB: Using generic crc32 instructions
2026-05-04 12:39:03 19828 [Note] InnoDB: Initializing buffer pool, size = 16.0M
2026-05-04 12:39:03 19828 [Note] InnoDB: Completed initialization of buffer pool
2026-05-04 12:39:03 19828 [Note] InnoDB: Highest supported file format is Barracuda.
2026-05-04 12:39:03 19828 [Note] InnoDB: The log sequence numbers 1835037 and 1835037 in ibdata files do not match the log sequence number 4709858 in the ib_logfiles!
2026-05-04 12:39:03 19828 [Note] InnoDB: Database was not shutdown normally!
2026-05-04 12:39:03 19828 [Note] InnoDB: Starting crash recovery.
2026-05-04 12:39:03 19828 [Note] InnoDB: Reading tablespace information from the .ibd files...
2026-05-04 12:39:03 19828 [Note] InnoDB: Restoring possible half-written data pages 
2026-05-04 12:39:03 19828 [Note] InnoDB: from the doublewrite buffer...
2026-05-04 12:39:03 19828 [Note] InnoDB: 128 rollback segment(s) are active.
2026-05-04 12:39:03 19828 [Note] InnoDB: Waiting for purge to start
2026-05-04 12:39:03 19828 [Note] InnoDB:  Percona XtraDB (http://www.percona.com) 5.6.34-79.1 started; log sequence number 4709858
2026-05-04 12:39:03 13228 [Note] InnoDB: Dumping buffer pool(s) not yet started
2026-05-04 12:39:03 19828 [Note] Plugin 'FEEDBACK' is disabled.
2026-05-04 12:39:03 19828 [Note] Server socket created on IP: '::'.
2026-05-04 12:39:03 19828 [Note] c:\xampp007\mysql\bin\mysqld.exe: ready for connections.
Version: '10.1.21-MariaDB'  socket: ''  port: 3306  mariadb.org binary distribution
2026-05-04 15:23:01 5638 InnoDB: Warning: Using innodb_additional_mem_pool_size is DEPRECATED. This option may be removed in future releases, together with the option innodb_use_sys_malloc and with the InnoDB's internal memory allocator.
2026-05-04 15:23:01 22072 [Note] InnoDB: innodb_empty_free_list_algorithm has been changed to legacy because of small buffer pool size. In order to use backoff, increase buffer pool at least up to 20MB.

2026-05-04 15:23:01 22072 [Note] InnoDB: Using mutexes to ref count buffer pool pages
2026-05-04 15:23:01 22072 [Note] InnoDB: The InnoDB memory heap is disabled
2026-05-04 15:23:01 22072 [Note] InnoDB: Mutexes and rw_locks use Windows interlocked functions
2026-05-04 15:23:01 22072 [Note] InnoDB: _mm_lfence() and _mm_sfence() are used for memory barrier
2026-05-04 15:23:01 22072 [Note] InnoDB: Compressed tables use zlib 1.2.3
2026-05-04 15:23:01 22072 [Note] InnoDB: Using generic crc32 instructions
2026-05-04 15:23:01 22072 [Note] InnoDB: Initializing buffer pool, size = 16.0M
2026-05-04 15:23:01 22072 [Note] InnoDB: Completed initialization of buffer pool
2026-05-04 15:23:01 22072 [Note] InnoDB: Highest supported file format is Barracuda.
2026-05-04 15:23:01 22072 [Note] InnoDB: The log sequence numbers 1835037 and 1835037 in ibdata files do not match the log sequence number 4719032 in the ib_logfiles!
2026-05-04 15:23:01 22072 [Note] InnoDB: Database was not shutdown normally!
2026-05-04 15:23:01 22072 [Note] InnoDB: Starting crash recovery.
2026-05-04 15:23:01 22072 [Note] InnoDB: Reading tablespace information from the .ibd files...
2026-05-04 15:23:01 22072 [Note] InnoDB: Restoring possible half-written data pages 
2026-05-04 15:23:01 22072 [Note] InnoDB: from the doublewrite buffer...
2026-05-04 15:23:01 22072 [Note] InnoDB: 128 rollback segment(s) are active.
2026-05-04 15:23:01 22072 [Note] InnoDB: Waiting for purge to start
2026-05-04 15:23:01 22072 [Note] InnoDB:  Percona XtraDB (http://www.percona.com) 5.6.34-79.1 started; log sequence number 4719032
2026-05-04 15:23:01 4800 [Note] InnoDB: Dumping buffer pool(s) not yet started
2026-05-04 15:23:01 22072 [Note] Plugin 'FEEDBACK' is disabled.
2026-05-04 15:23:01 22072 [Note] Server socket created on IP: '::'.
2026-05-04 15:23:01 22072 [Note] c:\xampp007\mysql\bin\mysqld.exe: ready for connections.
Version: '10.1.21-MariaDB'  socket: ''  port: 3306  mariadb.org binary distribution
2026-05-05 17:47:55 4134 InnoDB: Warning: Using innodb_additional_mem_pool_size is DEPRECATED. This option may be removed in future releases, together with the option innodb_use_sys_malloc and with the InnoDB's internal memory allocator.
2026-05-05 17:47:55 16692 [Note] InnoDB: innodb_empty_free_list_algorithm has been changed to legacy because of small buffer pool size. In order to use backoff, increase buffer pool at least up to 20MB.

2026-05-05 17:47:55 16692 [Note] InnoDB: Using mutexes to ref count buffer pool pages
2026-05-05 17:47:55 16692 [Note] InnoDB: The InnoDB memory heap is disabled
2026-05-05 17:47:55 16692 [Note] InnoDB: Mutexes and rw_locks use Windows interlocked functions
2026-05-05 17:47:55 16692 [Note] InnoDB: _mm_lfence() and _mm_sfence() are used for memory barrier
2026-05-05 17:47:55 16692 [Note] InnoDB: Compressed tables use zlib 1.2.3
2026-05-05 17:47:55 16692 [Note] InnoDB: Using generic crc32 instructions
2026-05-05 17:47:55 16692 [Note] InnoDB: Initializing buffer pool, size = 16.0M
2026-05-05 17:47:55 16692 [Note] InnoDB: Completed initialization of buffer pool
2026-05-05 17:47:55 16692 [Note] InnoDB: Highest supported file format is Barracuda.
2026-05-05 17:47:55 16692 [Note] InnoDB: The log sequence numbers 1835037 and 1835037 in ibdata files do not match the log sequence number 4719042 in the ib_logfiles!
2026-05-05 17:47:55 16692 [Note] InnoDB: Database was not shutdown normally!
2026-05-05 17:47:55 16692 [Note] InnoDB: Starting crash recovery.
2026-05-05 17:47:55 16692 [Note] InnoDB: Reading tablespace information from the .ibd files...
2026-05-05 17:47:55 16692 [Note] InnoDB: Restoring possible half-written data pages 
2026-05-05 17:47:55 16692 [Note] InnoDB: from the doublewrite buffer...
2026-05-05 17:47:55 16692 [Note] InnoDB: 128 rollback segment(s) are active.
2026-05-05 17:47:55 16692 [Note] InnoDB: Waiting for purge to start
2026-05-05 17:47:55 16692 [Note] InnoDB:  Percona XtraDB (http://www.percona.com) 5.6.34-79.1 started; log sequence number 4719042
2026-05-05 17:47:55 16840 [Note] InnoDB: Dumping buffer pool(s) not yet started
2026-05-05 17:47:55 16692 [Note] Plugin 'FEEDBACK' is disabled.
2026-05-05 17:47:55 16692 [Note] Server socket created on IP: '::'.
2026-05-05 17:47:55 16692 [Note] c:\xampp007\mysql\bin\mysqld.exe: ready for connections.
Version: '10.1.21-MariaDB'  socket: ''  port: 3306  mariadb.org binary distribution
2026-05-05 21:26:44 1264 InnoDB: Warning: Using innodb_additional_mem_pool_size is DEPRECATED. This option may be removed in future releases, together with the option innodb_use_sys_malloc and with the InnoDB's internal memory allocator.
2026-05-05 21:26:44 4708 [Note] InnoDB: innodb_empty_free_list_algorithm has been changed to legacy because of small buffer pool size. In order to use backoff, increase buffer pool at least up to 20MB.

2026-05-05 21:26:44 4708 [Note] InnoDB: Using mutexes to ref count buffer pool pages
2026-05-05 21:26:44 4708 [Note] InnoDB: The InnoDB memory heap is disabled
2026-05-05 21:26:44 4708 [Note] InnoDB: Mutexes and rw_locks use Windows interlocked functions
2026-05-05 21:26:44 4708 [Note] InnoDB: _mm_lfence() and _mm_sfence() are used for memory barrier
2026-05-05 21:26:44 4708 [Note] InnoDB: Compressed tables use zlib 1.2.3
2026-05-05 21:26:44 4708 [Note] InnoDB: Using generic crc32 instructions
2026-05-05 21:26:44 4708 [Note] InnoDB: Initializing buffer pool, size = 16.0M
2026-05-05 21:26:44 4708 [Note] InnoDB: Completed initialization of buffer pool
2026-05-05 21:26:44 4708 [Note] InnoDB: Highest supported file format is Barracuda.
2026-05-05 21:26:44 4708 [Note] InnoDB: The log sequence numbers 1835037 and 1835037 in ibdata files do not match the log sequence number 4719052 in the ib_logfiles!
2026-05-05 21:26:44 4708 [Note] InnoDB: Database was not shutdown normally!
2026-05-05 21:26:44 4708 [Note] InnoDB: Starting crash recovery.
2026-05-05 21:26:44 4708 [Note] InnoDB: Reading tablespace information from the .ibd files...
2026-05-05 21:26:44 4708 [Note] InnoDB: Restoring possible half-written data pages 
2026-05-05 21:26:44 4708 [Note] InnoDB: from the doublewrite buffer...
2026-05-05 21:26:45 4708 [Note] InnoDB: 128 rollback segment(s) are active.
2026-05-05 21:26:45 4708 [Note] InnoDB: Waiting for purge to start
2026-05-05 21:26:45 4708 [Note] InnoDB:  Percona XtraDB (http://www.percona.com) 5.6.34-79.1 started; log sequence number 4719052
2026-05-05 21:26:45 4288 [Note] InnoDB: Dumping buffer pool(s) not yet started
2026-05-05 21:26:45 4708 [Note] Plugin 'FEEDBACK' is disabled.
2026-05-05 21:26:45 4708 [Note] Server socket created on IP: '::'.
2026-05-05 21:26:45 4708 [Note] c:\xampp007\mysql\bin\mysqld.exe: ready for connections.
Version: '10.1.21-MariaDB'  socket: ''  port: 3306  mariadb.org binary distribution
2026-05-06 13:08:00 43a4 InnoDB: Warning: Using innodb_additional_mem_pool_size is DEPRECATED. This option may be removed in future releases, together with the option innodb_use_sys_malloc and with the InnoDB's internal memory allocator.
2026-05-06 13:08:00 17316 [Note] InnoDB: innodb_empty_free_list_algorithm has been changed to legacy because of small buffer pool size. In order to use backoff, increase buffer pool at least up to 20MB.

2026-05-06 13:08:00 17316 [Note] InnoDB: Using mutexes to ref count buffer pool pages
2026-05-06 13:08:00 17316 [Note] InnoDB: The InnoDB memory heap is disabled
2026-05-06 13:08:00 17316 [Note] InnoDB: Mutexes and rw_locks use Windows interlocked functions
2026-05-06 13:08:00 17316 [Note] InnoDB: _mm_lfence() and _mm_sfence() are used for memory barrier
2026-05-06 13:08:00 17316 [Note] InnoDB: Compressed tables use zlib 1.2.3
2026-05-06 13:08:00 17316 [Note] InnoDB: Using generic crc32 instructions
2026-05-06 13:08:00 17316 [Note] InnoDB: Initializing buffer pool, size = 16.0M
2026-05-06 13:08:00 17316 [Note] InnoDB: Completed initialization of buffer pool
2026-05-06 13:08:00 17316 [Note] InnoDB: Highest supported file format is Barracuda.
2026-05-06 13:08:00 17316 [Note] InnoDB: The log sequence numbers 1835037 and 1835037 in ibdata files do not match the log sequence number 4719062 in the ib_logfiles!
2026-05-06 13:08:00 17316 [Note] InnoDB: Database was not shutdown normally!
2026-05-06 13:08:00 17316 [Note] InnoDB: Starting crash recovery.
2026-05-06 13:08:00 17316 [Note] InnoDB: Reading tablespace information from the .ibd files...
2026-05-06 13:08:00 17316 [Note] InnoDB: Restoring possible half-written data pages 
2026-05-06 13:08:00 17316 [Note] InnoDB: from the doublewrite buffer...
2026-05-06 13:08:00 17316 [Note] InnoDB: 128 rollback segment(s) are active.
2026-05-06 13:08:00 17316 [Note] InnoDB: Waiting for purge to start
2026-05-06 13:08:00 17316 [Note] InnoDB:  Percona XtraDB (http://www.percona.com) 5.6.34-79.1 started; log sequence number 4719062
2026-05-06 13:08:00 9692 [Note] InnoDB: Dumping buffer pool(s) not yet started
2026-05-06 13:08:00 17316 [Note] Plugin 'FEEDBACK' is disabled.
2026-05-06 13:08:00 17316 [Note] Server socket created on IP: '::'.
2026-05-06 13:08:00 17316 [Note] c:\xampp007\mysql\bin\mysqld.exe: ready for connections.
Version: '10.1.21-MariaDB'  socket: ''  port: 3306  mariadb.org binary distribution
2026-05-06 17:59:03 4808 InnoDB: Warning: Using innodb_additional_mem_pool_size is DEPRECATED. This option may be removed in future releases, together with the option innodb_use_sys_malloc and with the InnoDB's internal memory allocator.
2026-05-06 17:59:03 18440 [Note] InnoDB: innodb_empty_free_list_algorithm has been changed to legacy because of small buffer pool size. In order to use backoff, increase buffer pool at least up to 20MB.

2026-05-06 17:59:03 18440 [Note] InnoDB: Using mutexes to ref count buffer pool pages
2026-05-06 17:59:03 18440 [Note] InnoDB: The InnoDB memory heap is disabled
2026-05-06 17:59:03 18440 [Note] InnoDB: Mutexes and rw_locks use Windows interlocked functions
2026-05-06 17:59:03 18440 [Note] InnoDB: _mm_lfence() and _mm_sfence() are used for memory barrier
2026-05-06 17:59:03 18440 [Note] InnoDB: Compressed tables use zlib 1.2.3
2026-05-06 17:59:03 18440 [Note] InnoDB: Using generic crc32 instructions
2026-05-06 17:59:03 18440 [Note] InnoDB: Initializing buffer pool, size = 16.0M
2026-05-06 17:59:03 18440 [Note] InnoDB: Completed initialization of buffer pool
2026-05-06 17:59:03 18440 [Note] InnoDB: Highest supported file format is Barracuda.
2026-05-06 17:59:03 18440 [Note] InnoDB: The log sequence numbers 1835037 and 1835037 in ibdata files do not match the log sequence number 4719072 in the ib_logfiles!
2026-05-06 17:59:03 18440 [Note] InnoDB: Database was not shutdown normally!
2026-05-06 17:59:03 18440 [Note] InnoDB: Starting crash recovery.
2026-05-06 17:59:03 18440 [Note] InnoDB: Reading tablespace information from the .ibd files...
2026-05-06 17:59:03 18440 [Note] InnoDB: Restoring possible half-written data pages 
2026-05-06 17:59:03 18440 [Note] InnoDB: from the doublewrite buffer...
2026-05-06 17:59:03 18440 [Note] InnoDB: 128 rollback segment(s) are active.
2026-05-06 17:59:03 18440 [Note] InnoDB: Waiting for purge to start
2026-05-06 17:59:03 18440 [Note] InnoDB:  Percona XtraDB (http://www.percona.com) 5.6.34-79.1 started; log sequence number 4719072
2026-05-06 17:59:03 13588 [Note] InnoDB: Dumping buffer pool(s) not yet started
2026-05-06 17:59:03 18440 [Note] Plugin 'FEEDBACK' is disabled.
2026-05-06 17:59:03 18440 [Note] Server socket created on IP: '::'.
2026-05-06 17:59:03 18440 [Note] c:\xampp007\mysql\bin\mysqld.exe: ready for connections.
Version: '10.1.21-MariaDB'  socket: ''  port: 3306  mariadb.org binary distribution
2026-05-06 19:43:54 5094 InnoDB: Warning: Using innodb_additional_mem_pool_size is DEPRECATED. This option may be removed in future releases, together with the option innodb_use_sys_malloc and with the InnoDB's internal memory allocator.
2026-05-06 19:43:54 20628 [Note] InnoDB: innodb_empty_free_list_algorithm has been changed to legacy because of small buffer pool size. In order to use backoff, increase buffer pool at least up to 20MB.

2026-05-06 19:43:54 20628 [Note] InnoDB: Using mutexes to ref count buffer pool pages
2026-05-06 19:43:54 20628 [Note] InnoDB: The InnoDB memory heap is disabled
2026-05-06 19:43:54 20628 [Note] InnoDB: Mutexes and rw_locks use Windows interlocked functions
2026-05-06 19:43:54 20628 [Note] InnoDB: _mm_lfence() and _mm_sfence() are used for memory barrier
2026-05-06 19:43:54 20628 [Note] InnoDB: Compressed tables use zlib 1.2.3
2026-05-06 19:43:54 20628 [Note] InnoDB: Using generic crc32 instructions
2026-05-06 19:43:54 20628 [Note] InnoDB: Initializing buffer pool, size = 16.0M
2026-05-06 19:43:54 20628 [Note] InnoDB: Completed initialization of buffer pool
2026-05-06 19:43:54 20628 [Note] InnoDB: Highest supported file format is Barracuda.
2026-05-06 19:43:54 20628 [Note] InnoDB: The log sequence numbers 1835037 and 1835037 in ibdata files do not match the log sequence number 4719082 in the ib_logfiles!
2026-05-06 19:43:54 20628 [Note] InnoDB: Database was not shutdown normally!
2026-05-06 19:43:54 20628 [Note] InnoDB: Starting crash recovery.
2026-05-06 19:43:54 20628 [Note] InnoDB: Reading tablespace information from the .ibd files...
2026-05-06 19:43:54 20628 [Note] InnoDB: Restoring possible half-written data pages 
2026-05-06 19:43:54 20628 [Note] InnoDB: from the doublewrite buffer...
2026-05-06 19:43:55 20628 [Note] InnoDB: 128 rollback segment(s) are active.
2026-05-06 19:43:55 20628 [Note] InnoDB: Waiting for purge to start
2026-05-06 19:43:55 20628 [Note] InnoDB:  Percona XtraDB (http://www.percona.com) 5.6.34-79.1 started; log sequence number 4719082
2026-05-06 19:43:55 24876 [Note] InnoDB: Dumping buffer pool(s) not yet started
2026-05-06 19:43:55 20628 [Note] Plugin 'FEEDBACK' is disabled.
2026-05-06 19:43:55 20628 [Note] Server socket created on IP: '::'.
2026-05-06 19:43:55 20628 [Note] c:\xampp007\mysql\bin\mysqld.exe: ready for connections.
Version: '10.1.21-MariaDB'  socket: ''  port: 3306  mariadb.org binary distribution
2026-05-07 08:51:06 3788 InnoDB: Warning: Using innodb_additional_mem_pool_size is DEPRECATED. This option may be removed in future releases, together with the option innodb_use_sys_malloc and with the InnoDB's internal memory allocator.
2026-05-07  8:51:06 14216 [Note] InnoDB: innodb_empty_free_list_algorithm has been changed to legacy because of small buffer pool size. In order to use backoff, increase buffer pool at least up to 20MB.

2026-05-07  8:51:06 14216 [Note] InnoDB: Using mutexes to ref count buffer pool pages
2026-05-07  8:51:06 14216 [Note] InnoDB: The InnoDB memory heap is disabled
2026-05-07  8:51:06 14216 [Note] InnoDB: Mutexes and rw_locks use Windows interlocked functions
2026-05-07  8:51:06 14216 [Note] InnoDB: _mm_lfence() and _mm_sfence() are used for memory barrier
2026-05-07  8:51:06 14216 [Note] InnoDB: Compressed tables use zlib 1.2.3
2026-05-07  8:51:06 14216 [Note] InnoDB: Using generic crc32 instructions
2026-05-07  8:51:06 14216 [Note] InnoDB: Initializing buffer pool, size = 16.0M
2026-05-07  8:51:06 14216 [Note] InnoDB: Completed initialization of buffer pool
2026-05-07  8:51:06 14216 [Note] InnoDB: Highest supported file format is Barracuda.
2026-05-07  8:51:06 14216 [Note] InnoDB: The log sequence numbers 1835037 and 1835037 in ibdata files do not match the log sequence number 4719092 in the ib_logfiles!
2026-05-07  8:51:06 14216 [Note] InnoDB: Database was not shutdown normally!
2026-05-07  8:51:06 14216 [Note] InnoDB: Starting crash recovery.
2026-05-07  8:51:06 14216 [Note] InnoDB: Reading tablespace information from the .ibd files...
2026-05-07  8:51:06 14216 [Note] InnoDB: Restoring possible half-written data pages 
2026-05-07  8:51:06 14216 [Note] InnoDB: from the doublewrite buffer...
2026-05-07  8:51:06 14216 [Note] InnoDB: 128 rollback segment(s) are active.
2026-05-07  8:51:06 14216 [Note] InnoDB: Waiting for purge to start
2026-05-07  8:51:06 14216 [Note] InnoDB:  Percona XtraDB (http://www.percona.com) 5.6.34-79.1 started; log sequence number 4719092
2026-05-07  8:51:06 13256 [Note] InnoDB: Dumping buffer pool(s) not yet started
2026-05-07  8:51:06 14216 [Note] Plugin 'FEEDBACK' is disabled.
2026-05-07  8:51:06 14216 [Note] Server socket created on IP: '::'.
2026-05-07  8:51:06 14216 [Note] c:\xampp007\mysql\bin\mysqld.exe: ready for connections.
Version: '10.1.21-MariaDB'  socket: ''  port: 3306  mariadb.org binary distribution
2026-05-07 12:35:25 bbc InnoDB: Warning: Using innodb_additional_mem_pool_size is DEPRECATED. This option may be removed in future releases, together with the option innodb_use_sys_malloc and with the InnoDB's internal memory allocator.
2026-05-07 12:35:25 3004 [Note] InnoDB: innodb_empty_free_list_algorithm has been changed to legacy because of small buffer pool size. In order to use backoff, increase buffer pool at least up to 20MB.

2026-05-07 12:35:25 3004 [Note] InnoDB: Using mutexes to ref count buffer pool pages
2026-05-07 12:35:25 3004 [Note] InnoDB: The InnoDB memory heap is disabled
2026-05-07 12:35:25 3004 [Note] InnoDB: Mutexes and rw_locks use Windows interlocked functions
2026-05-07 12:35:25 3004 [Note] InnoDB: _mm_lfence() and _mm_sfence() are used for memory barrier
2026-05-07 12:35:25 3004 [Note] InnoDB: Compressed tables use zlib 1.2.3
2026-05-07 12:35:25 3004 [Note] InnoDB: Using generic crc32 instructions
2026-05-07 12:35:25 3004 [Note] InnoDB: Initializing buffer pool, size = 16.0M
2026-05-07 12:35:25 3004 [Note] InnoDB: Completed initialization of buffer pool
2026-05-07 12:35:25 3004 [Note] InnoDB: Highest supported file format is Barracuda.
2026-05-07 12:35:25 3004 [Note] InnoDB: The log sequence numbers 1835037 and 1835037 in ibdata files do not match the log sequence number 4722245 in the ib_logfiles!
2026-05-07 12:35:25 3004 [Note] InnoDB: Database was not shutdown normally!
2026-05-07 12:35:25 3004 [Note] InnoDB: Starting crash recovery.
2026-05-07 12:35:25 3004 [Note] InnoDB: Reading tablespace information from the .ibd files...
2026-05-07 12:35:25 3004 [Note] InnoDB: Restoring possible half-written data pages 
2026-05-07 12:35:25 3004 [Note] InnoDB: from the doublewrite buffer...
2026-05-07 12:35:25 3004 [Note] InnoDB: 128 rollback segment(s) are active.
2026-05-07 12:35:25 3004 [Note] InnoDB: Waiting for purge to start
2026-05-07 12:35:25 3004 [Note] InnoDB:  Percona XtraDB (http://www.percona.com) 5.6.34-79.1 started; log sequence number 4722245
2026-05-07 12:35:25 14660 [Note] InnoDB: Dumping buffer pool(s) not yet started
2026-05-07 12:35:25 3004 [Note] Plugin 'FEEDBACK' is disabled.
2026-05-07 12:35:25 3004 [Note] Server socket created on IP: '::'.
2026-05-07 12:35:25 3004 [Note] c:\xampp007\mysql\bin\mysqld.exe: ready for connections.
Version: '10.1.21-MariaDB'  socket: ''  port: 3306  mariadb.org binary distribution
2026-05-07 16:36:13 328c InnoDB: Warning: Using innodb_additional_mem_pool_size is DEPRECATED. This option may be removed in future releases, together with the option innodb_use_sys_malloc and with the InnoDB's internal memory allocator.
2026-05-07 16:36:13 12940 [Note] InnoDB: innodb_empty_free_list_algorithm has been changed to legacy because of small buffer pool size. In order to use backoff, increase buffer pool at least up to 20MB.

2026-05-07 16:36:13 12940 [Note] InnoDB: Using mutexes to ref count buffer pool pages
2026-05-07 16:36:13 12940 [Note] InnoDB: The InnoDB memory heap is disabled
2026-05-07 16:36:13 12940 [Note] InnoDB: Mutexes and rw_locks use Windows interlocked functions
2026-05-07 16:36:13 12940 [Note] InnoDB: _mm_lfence() and _mm_sfence() are used for memory barrier
2026-05-07 16:36:13 12940 [Note] InnoDB: Compressed tables use zlib 1.2.3
2026-05-07 16:36:13 12940 [Note] InnoDB: Using generic crc32 instructions
2026-05-07 16:36:13 12940 [Note] InnoDB: Initializing buffer pool, size = 16.0M
2026-05-07 16:36:13 12940 [Note] InnoDB: Completed initialization of buffer pool
2026-05-07 16:36:13 12940 [Note] InnoDB: Highest supported file format is Barracuda.
2026-05-07 16:36:13 12940 [Note] InnoDB: The log sequence numbers 1835037 and 1835037 in ibdata files do not match the log sequence number 4731159 in the ib_logfiles!
2026-05-07 16:36:13 12940 [Note] InnoDB: Database was not shutdown normally!
2026-05-07 16:36:13 12940 [Note] InnoDB: Starting crash recovery.
2026-05-07 16:36:13 12940 [Note] InnoDB: Reading tablespace information from the .ibd files...
2026-05-07 16:36:13 12940 [Note] InnoDB: Restoring possible half-written data pages 
2026-05-07 16:36:13 12940 [Note] InnoDB: from the doublewrite buffer...
2026-05-07 16:36:13 12940 [Note] InnoDB: 128 rollback segment(s) are active.
2026-05-07 16:36:13 12940 [Note] InnoDB: Waiting for purge to start
2026-05-07 16:36:13 12940 [Note] InnoDB:  Percona XtraDB (http://www.percona.com) 5.6.34-79.1 started; log sequence number 4731159
2026-05-07 16:36:13 12872 [Note] InnoDB: Dumping buffer pool(s) not yet started
2026-05-07 16:36:13 12940 [Note] Plugin 'FEEDBACK' is disabled.
2026-05-07 16:36:13 12940 [Note] Server socket created on IP: '::'.
2026-05-07 16:36:13 12940 [Note] c:\xampp007\mysql\bin\mysqld.exe: ready for connections.
Version: '10.1.21-MariaDB'  socket: ''  port: 3306  mariadb.org binary distribution
2026-05-08 14:12:10 5fc4 InnoDB: Warning: Using innodb_additional_mem_pool_size is DEPRECATED. This option may be removed in future releases, together with the option innodb_use_sys_malloc and with the InnoDB's internal memory allocator.
2026-05-08 14:12:10 24516 [Note] InnoDB: innodb_empty_free_list_algorithm has been changed to legacy because of small buffer pool size. In order to use backoff, increase buffer pool at least up to 20MB.

2026-05-08 14:12:10 24516 [Note] InnoDB: Using mutexes to ref count buffer pool pages
2026-05-08 14:12:10 24516 [Note] InnoDB: The InnoDB memory heap is disabled
2026-05-08 14:12:10 24516 [Note] InnoDB: Mutexes and rw_locks use Windows interlocked functions
2026-05-08 14:12:10 24516 [Note] InnoDB: _mm_lfence() and _mm_sfence() are used for memory barrier
2026-05-08 14:12:10 24516 [Note] InnoDB: Compressed tables use zlib 1.2.3
2026-05-08 14:12:10 24516 [Note] InnoDB: Using generic crc32 instructions
2026-05-08 14:12:10 24516 [Note] InnoDB: Initializing buffer pool, size = 16.0M
2026-05-08 14:12:10 24516 [Note] InnoDB: Completed initialization of buffer pool
2026-05-08 14:12:10 24516 [Note] InnoDB: Highest supported file format is Barracuda.
2026-05-08 14:12:10 24516 [Note] InnoDB: The log sequence numbers 1835037 and 1835037 in ibdata files do not match the log sequence number 4732379 in the ib_logfiles!
2026-05-08 14:12:10 24516 [Note] InnoDB: Database was not shutdown normally!
2026-05-08 14:12:10 24516 [Note] InnoDB: Starting crash recovery.
2026-05-08 14:12:10 24516 [Note] InnoDB: Reading tablespace information from the .ibd files...
2026-05-08 14:12:10 24516 [Note] InnoDB: Restoring possible half-written data pages 
2026-05-08 14:12:10 24516 [Note] InnoDB: from the doublewrite buffer...
2026-05-08 14:12:10 24516 [Note] InnoDB: 128 rollback segment(s) are active.
2026-05-08 14:12:10 24516 [Note] InnoDB: Waiting for purge to start
2026-05-08 14:12:10 24516 [Note] InnoDB:  Percona XtraDB (http://www.percona.com) 5.6.34-79.1 started; log sequence number 4732379
2026-05-08 14:12:10 23720 [Note] InnoDB: Dumping buffer pool(s) not yet started
2026-05-08 14:12:10 24516 [Note] Plugin 'FEEDBACK' is disabled.
2026-05-08 14:12:10 24516 [Note] Server socket created on IP: '::'.
2026-05-08 14:12:10 24516 [Note] c:\xampp007\mysql\bin\mysqld.exe: ready for connections.
Version: '10.1.21-MariaDB'  socket: ''  port: 3306  mariadb.org binary distribution
2026-05-08 16:00:18 42f0 InnoDB: Warning: Using innodb_additional_mem_pool_size is DEPRECATED. This option may be removed in future releases, together with the option innodb_use_sys_malloc and with the InnoDB's internal memory allocator.
2026-05-08 16:00:18 17136 [Note] InnoDB: innodb_empty_free_list_algorithm has been changed to legacy because of small buffer pool size. In order to use backoff, increase buffer pool at least up to 20MB.

2026-05-08 16:00:18 17136 [Note] InnoDB: Using mutexes to ref count buffer pool pages
2026-05-08 16:00:18 17136 [Note] InnoDB: The InnoDB memory heap is disabled
2026-05-08 16:00:18 17136 [Note] InnoDB: Mutexes and rw_locks use Windows interlocked functions
2026-05-08 16:00:18 17136 [Note] InnoDB: _mm_lfence() and _mm_sfence() are used for memory barrier
2026-05-08 16:00:18 17136 [Note] InnoDB: Compressed tables use zlib 1.2.3
2026-05-08 16:00:18 17136 [Note] InnoDB: Using generic crc32 instructions
2026-05-08 16:00:18 17136 [Note] InnoDB: Initializing buffer pool, size = 16.0M
2026-05-08 16:00:18 17136 [Note] InnoDB: Completed initialization of buffer pool
2026-05-08 16:00:18 17136 [Note] InnoDB: Highest supported file format is Barracuda.
2026-05-08 16:00:18 17136 [Note] InnoDB: The log sequence numbers 1835037 and 1835037 in ibdata files do not match the log sequence number 4732399 in the ib_logfiles!
2026-05-08 16:00:18 17136 [Note] InnoDB: Database was not shutdown normally!
2026-05-08 16:00:18 17136 [Note] InnoDB: Starting crash recovery.
2026-05-08 16:00:18 17136 [Note] InnoDB: Reading tablespace information from the .ibd files...
2026-05-08 16:00:18 17136 [Note] InnoDB: Restoring possible half-written data pages 
2026-05-08 16:00:18 17136 [Note] InnoDB: from the doublewrite buffer...
2026-05-08 16:00:18 17136 [Note] InnoDB: 128 rollback segment(s) are active.
2026-05-08 16:00:18 17136 [Note] InnoDB: Waiting for purge to start
2026-05-08 16:00:18 17136 [Note] InnoDB:  Percona XtraDB (http://www.percona.com) 5.6.34-79.1 started; log sequence number 4732399
2026-05-08 16:00:18 18264 [Note] InnoDB: Dumping buffer pool(s) not yet started
2026-05-08 16:00:18 17136 [Note] Plugin 'FEEDBACK' is disabled.
2026-05-08 16:00:18 17136 [Note] Server socket created on IP: '::'.
2026-05-08 16:00:18 17136 [Note] c:\xampp007\mysql\bin\mysqld.exe: ready for connections.
Version: '10.1.21-MariaDB'  socket: ''  port: 3306  mariadb.org binary distribution
2026-05-08 19:45:56 235c InnoDB: Warning: Using innodb_additional_mem_pool_size is DEPRECATED. This option may be removed in future releases, together with the option innodb_use_sys_malloc and with the InnoDB's internal memory allocator.
2026-05-08 19:45:56 9052 [Note] InnoDB: innodb_empty_free_list_algorithm has been changed to legacy because of small buffer pool size. In order to use backoff, increase buffer pool at least up to 20MB.

2026-05-08 19:45:56 9052 [Note] InnoDB: Using mutexes to ref count buffer pool pages
2026-05-08 19:45:56 9052 [Note] InnoDB: The InnoDB memory heap is disabled
2026-05-08 19:45:56 9052 [Note] InnoDB: Mutexes and rw_locks use Windows interlocked functions
2026-05-08 19:45:56 9052 [Note] InnoDB: _mm_lfence() and _mm_sfence() are used for memory barrier
2026-05-08 19:45:56 9052 [Note] InnoDB: Compressed tables use zlib 1.2.3
2026-05-08 19:45:56 9052 [Note] InnoDB: Using generic crc32 instructions
2026-05-08 19:45:56 9052 [Note] InnoDB: Initializing buffer pool, size = 16.0M
2026-05-08 19:45:56 9052 [Note] InnoDB: Completed initialization of buffer pool
2026-05-08 19:45:56 9052 [Note] InnoDB: Highest supported file format is Barracuda.
2026-05-08 19:45:56 9052 [Note] InnoDB: The log sequence numbers 1835037 and 1835037 in ibdata files do not match the log sequence number 4738990 in the ib_logfiles!
2026-05-08 19:45:56 9052 [Note] InnoDB: Database was not shutdown normally!
2026-05-08 19:45:56 9052 [Note] InnoDB: Starting crash recovery.
2026-05-08 19:45:56 9052 [Note] InnoDB: Reading tablespace information from the .ibd files...
2026-05-08 19:45:56 9052 [Note] InnoDB: Restoring possible half-written data pages 
2026-05-08 19:45:56 9052 [Note] InnoDB: from the doublewrite buffer...
2026-05-08 19:45:57 9052 [Note] InnoDB: 128 rollback segment(s) are active.
2026-05-08 19:45:57 9052 [Note] InnoDB: Waiting for purge to start
2026-05-08 19:45:57 9052 [Note] InnoDB:  Percona XtraDB (http://www.percona.com) 5.6.34-79.1 started; log sequence number 4738990
2026-05-08 19:45:57 20704 [Note] InnoDB: Dumping buffer pool(s) not yet started
2026-05-08 19:45:57 9052 [Note] Plugin 'FEEDBACK' is disabled.
2026-05-08 19:45:57 9052 [Note] Server socket created on IP: '::'.
2026-05-08 19:45:57 9052 [Note] c:\xampp007\mysql\bin\mysqld.exe: ready for connections.
Version: '10.1.21-MariaDB'  socket: ''  port: 3306  mariadb.org binary distribution
2026-05-09 11:53:02 10f8 InnoDB: Warning: Using innodb_additional_mem_pool_size is DEPRECATED. This option may be removed in future releases, together with the option innodb_use_sys_malloc and with the InnoDB's internal memory allocator.
2026-05-09 11:53:02 4344 [Note] InnoDB: innodb_empty_free_list_algorithm has been changed to legacy because of small buffer pool size. In order to use backoff, increase buffer pool at least up to 20MB.

2026-05-09 11:53:02 4344 [Note] InnoDB: Using mutexes to ref count buffer pool pages
2026-05-09 11:53:02 4344 [Note] InnoDB: The InnoDB memory heap is disabled
2026-05-09 11:53:02 4344 [Note] InnoDB: Mutexes and rw_locks use Windows interlocked functions
2026-05-09 11:53:02 4344 [Note] InnoDB: _mm_lfence() and _mm_sfence() are used for memory barrier
2026-05-09 11:53:02 4344 [Note] InnoDB: Compressed tables use zlib 1.2.3
2026-05-09 11:53:02 4344 [Note] InnoDB: Using generic crc32 instructions
2026-05-09 11:53:02 4344 [Note] InnoDB: Initializing buffer pool, size = 16.0M
2026-05-09 11:53:02 4344 [Note] InnoDB: Completed initialization of buffer pool
2026-05-09 11:53:02 4344 [Note] InnoDB: Highest supported file format is Barracuda.
2026-05-09 11:53:02 4344 [Note] InnoDB: The log sequence numbers 1835037 and 1835037 in ibdata files do not match the log sequence number 4739000 in the ib_logfiles!
2026-05-09 11:53:02 4344 [Note] InnoDB: Database was not shutdown normally!
2026-05-09 11:53:02 4344 [Note] InnoDB: Starting crash recovery.
2026-05-09 11:53:02 4344 [Note] InnoDB: Reading tablespace information from the .ibd files...
2026-05-09 11:53:02 4344 [Note] InnoDB: Restoring possible half-written data pages 
2026-05-09 11:53:02 4344 [Note] InnoDB: from the doublewrite buffer...
2026-05-09 11:53:03 4344 [Note] InnoDB: 128 rollback segment(s) are active.
2026-05-09 11:53:03 4344 [Note] InnoDB: Waiting for purge to start
2026-05-09 11:53:03 4344 [Note] InnoDB:  Percona XtraDB (http://www.percona.com) 5.6.34-79.1 started; log sequence number 4739000
2026-05-09 11:53:03 17688 [Note] InnoDB: Dumping buffer pool(s) not yet started
2026-05-09 11:53:03 4344 [Note] Plugin 'FEEDBACK' is disabled.
2026-05-09 11:53:03 4344 [Note] Server socket created on IP: '::'.
2026-05-09 11:53:03 4344 [Note] c:\xampp007\mysql\bin\mysqld.exe: ready for connections.
Version: '10.1.21-MariaDB'  socket: ''  port: 3306  mariadb.org binary distribution
2026-05-11 09:59:18 3a30 InnoDB: Warning: Using innodb_additional_mem_pool_size is DEPRECATED. This option may be removed in future releases, together with the option innodb_use_sys_malloc and with the InnoDB's internal memory allocator.
2026-05-11  9:59:18 14896 [Note] InnoDB: innodb_empty_free_list_algorithm has been changed to legacy because of small buffer pool size. In order to use backoff, increase buffer pool at least up to 20MB.

2026-05-11  9:59:18 14896 [Note] InnoDB: Using mutexes to ref count buffer pool pages
2026-05-11  9:59:18 14896 [Note] InnoDB: The InnoDB memory heap is disabled
2026-05-11  9:59:18 14896 [Note] InnoDB: Mutexes and rw_locks use Windows interlocked functions
2026-05-11  9:59:18 14896 [Note] InnoDB: _mm_lfence() and _mm_sfence() are used for memory barrier
2026-05-11  9:59:18 14896 [Note] InnoDB: Compressed tables use zlib 1.2.3
2026-05-11  9:59:18 14896 [Note] InnoDB: Using generic crc32 instructions
2026-05-11  9:59:18 14896 [Note] InnoDB: Initializing buffer pool, size = 16.0M
2026-05-11  9:59:18 14896 [Note] InnoDB: Completed initialization of buffer pool
2026-05-11  9:59:18 14896 [Note] InnoDB: Highest supported file format is Barracuda.
2026-05-11  9:59:18 14896 [Note] InnoDB: The log sequence numbers 1835037 and 1835037 in ibdata files do not match the log sequence number 4740922 in the ib_logfiles!
2026-05-11  9:59:18 14896 [Note] InnoDB: Database was not shutdown normally!
2026-05-11  9:59:18 14896 [Note] InnoDB: Starting crash recovery.
2026-05-11  9:59:18 14896 [Note] InnoDB: Reading tablespace information from the .ibd files...
2026-05-11  9:59:18 14896 [Note] InnoDB: Restoring possible half-written data pages 
2026-05-11  9:59:18 14896 [Note] InnoDB: from the doublewrite buffer...
2026-05-11  9:59:19 14896 [Note] InnoDB: 128 rollback segment(s) are active.
2026-05-11  9:59:19 14896 [Note] InnoDB: Waiting for purge to start
2026-05-11  9:59:19 14896 [Note] InnoDB:  Percona XtraDB (http://www.percona.com) 5.6.34-79.1 started; log sequence number 4740922
2026-05-11  9:59:19 14404 [Note] InnoDB: Dumping buffer pool(s) not yet started
2026-05-11  9:59:19 14896 [Note] Plugin 'FEEDBACK' is disabled.
2026-05-11  9:59:19 14896 [Note] Server socket created on IP: '::'.
2026-05-11  9:59:19 14896 [Note] c:\xampp007\mysql\bin\mysqld.exe: ready for connections.
Version: '10.1.21-MariaDB'  socket: ''  port: 3306  mariadb.org binary distribution
